Id,m1,m2,m3,m4,m5,m6,m7,m8,m9,m10,m11,m12,m13,m14,m15,m16,m17
StatusCode,Complete,Complete,Complete,Complete,Complete,Complete,Complete,Complete,Complete,Complete,Complete,Complete,Complete,Complete,Complete,Complete,Complete
Messages,,,,,,,,,,,,,,,,,
Full label,eu-central-1:AWS/AppStream Fleet:SAAS_FLEET_DEV AvailableCapacity Average 300,eu-central-1:AWS/AppStream Fleet:SAAS_FLEET_DEV ActualCapacity Average 300,eu-central-1:AWS/AppStream Fleet:SAAS_FLEET_DEV PendingCapacity Average 300,eu-central-1:AWS/AppStream Fleet:SAAS_FLEET_DEV CapacityUtilization Average 300,eu-central-1:AWS/AppStream Fleet:SAAS_FLEET_DEV InUseCapacity Average 300,eu-central-1:AWS/AppStream Fleet:SAAS_FLEET_DEV DesiredCapacity Average 300,eu-central-1:AWS/AppStream Fleet:SAAS_FLEET_PROD InUseCapacity Average 300,eu-central-1:AWS/AppStream Fleet:SAAS_FLEET_PROD FramesPerSecond Average 300,eu-central-1:AWS/AppStream Fleet:SAAS_FLEET_PROD AvailableCapacity Average 300,eu-central-1:AWS/AppStream Fleet:SAAS_FLEET_PROD InsufficientCapacityError Average 300,eu-central-1:AWS/AppStream Fleet:SAAS_FLEET_PROD ActualCapacity Average 300,eu-central-1:AWS/AppStream Fleet:SAAS_FLEET_PROD CapacityUtilization Average 300,eu-central-1:AWS/AppStream Fleet:SAAS_FLEET_PROD InSessionLatency Average 300,eu-central-1:AWS/AppStream Fleet:SAAS_FLEET_PROD InsufficientConcurrencyLimitError Average 300,eu-central-1:AWS/AppStream Fleet:SAAS_FLEET_PROD Bandwidth Average 300,eu-central-1:AWS/AppStream Fleet:SAAS_FLEET_PROD DesiredCapacity Average 300,eu-central-1:AWS/AppStream Fleet:SAAS_FLEET_PROD PendingCapacity Average 300
Label,SAAS_FLEET_DEV AvailableCapacity,SAAS_FLEET_DEV ActualCapacity,SAAS_FLEET_DEV PendingCapacity,SAAS_FLEET_DEV CapacityUtilization,SAAS_FLEET_DEV InUseCapacity,SAAS_FLEET_DEV DesiredCapacity,SAAS_FLEET_PROD InUseCapacity,SAAS_FLEET_PROD FramesPerSecond,SAAS_FLEET_PROD AvailableCapacity,SAAS_FLEET_PROD InsufficientCapacityError,SAAS_FLEET_PROD ActualCapacity,SAAS_FLEET_PROD CapacityUtilization,SAAS_FLEET_PROD InSessionLatency,SAAS_FLEET_PROD InsufficientConcurrencyLimitError,SAAS_FLEET_PROD Bandwidth,SAAS_FLEET_PROD DesiredCapacity,SAAS_FLEET_PROD PendingCapacity
2026/04/02 00:00:00,,,,,,,1,,3,,4,25,,,,4,0
2026/04/02 00:05:00,,,,,,,1,,3,,4,25,,,,4,0
2026/04/02 00:10:00,,,,,,,1,,3,,4,25,,,,4,0
2026/04/02 00:15:00,,,,,,,1,,3,,4,25,,,,4,0
2026/04/02 00:20:00,,,,,,,1,,3,,4,25,,,,4,0
2026/04/02 00:25:00,,,,,,,1,,3,,4,25,,,,4,0
2026/04/02 00:30:00,,,,,,,1,,3,,4,25,,,,4,0
2026/04/02 00:35:00,,,,,,,1,,3,,4,25,,,,4,0
2026/04/02 00:40:00,,,,,,,1,,3,,4,25,,,,4,0
2026/04/02 00:45:00,,,,,,,1,,3,,4,25,,,,4,0
2026/04/02 00:50:00,,,,,,,1,,3,,4,25,,,,4,0
2026/04/02 00:55:00,,,,,,,1,,3,,4,25,,,,4,0
2026/04/02 01:00:00,,,,,,,1,,3,,4,25,,,,4,0
2026/04/02 01:05:00,,,,,,,1,,3,,4,25,,,,4,0
2026/04/02 01:10:00,,,,,,,1,,3,,4,25,,,,4,0
2026/04/02 01:15:00,,,,,,,1,,3,,4,25,,,,4,0
2026/04/02 01:20:00,,,,,,,1,,3,,4,25,,,,4,0
2026/04/02 01:25:00,,,,,,,1,,3,,4,25,,,,4,0
2026/04/02 01:30:00,,,,,,,1,,3,,4,25,,,,4,0
2026/04/02 01:35:00,,,,,,,1,,3,,4,25,,,,4,0
2026/04/02 01:40:00,,,,,,,1,,3,,4,25,,,,4,0
2026/04/02 01:45:00,,,,,,,0.6,,3,,3.6,15,,,,4,0.4
2026/04/02 01:50:00,,,,,,,0,,3,,3,0,,,,4,1
2026/04/02 01:55:00,,,,,,,0,,3.6,,3.6,0,,,,4,0.4
2026/04/02 02:00:00,,,,,,,0,,4,,4,0,,,,4,0
2026/04/02 02:05:00,,,,,,,0,,4,,4,0,,,,4,0
2026/04/02 02:10:00,,,,,,,0,,4,,4,0,,,,4,0
2026/04/02 02:15:00,,,,,,,0,,4,,4,0,,,,4,0
2026/04/02 02:20:00,,,,,,,0,,4,,4,0,,,,4,0
2026/04/02 02:25:00,,,,,,,0,,4,,4,0,,,,4,0
2026/04/02 02:30:00,,,,,,,0,,4,,4,0,,,,4,0
2026/04/02 02:35:00,,,,,,,0,,4,,4,0,,,,4,0
2026/04/02 02:40:00,,,,,,,0,,4,,4,0,,,,4,0
2026/04/02 02:45:00,,,,,,,0,,4,,4,0,,,,4,0
2026/04/02 02:50:00,,,,,,,0,,4,,4,0,,,,4,0
2026/04/02 02:55:00,,,,,,,0,,4,,4,0,,,,4,0
2026/04/02 03:00:00,,,,,,,0,,4,,4,0,,,,4,0
2026/04/02 03:05:00,,,,,,,0,,4,,4,0,,,,4,0
2026/04/02 03:10:00,,,,,,,0,,4,,4,0,,,,4,0
2026/04/02 03:15:00,,,,,,,0,,4,,4,0,,,,4,0
2026/04/02 03:20:00,,,,,,,0,,4,,4,0,,,,4,0
2026/04/02 03:25:00,,,,,,,0,,4,,4,0,,,,4,0
2026/04/02 03:30:00,,,,,,,0,,4,,4,0,,,,4,0
2026/04/02 03:35:00,,,,,,,0,,4,,4,0,,,,4,0
2026/04/02 03:40:00,,,,,,,0,,4,,4,0,,,,4,0
2026/04/02 03:45:00,,,,,,,0,,4,,4,0,,,,4,0
2026/04/02 03:50:00,,,,,,,0,,4,,4,0,,,,4,0
2026/04/02 03:55:00,,,,,,,0,,4,,4,0,,,,4,0
2026/04/02 04:00:00,,,,,,,0,,4,,4,0,,,,4,0
2026/04/02 04:05:00,,,,,,,0,,4,,4,0,,,,4,0
2026/04/02 04:10:00,,,,,,,0,,4,,4,0,,,,4,0
2026/04/02 04:15:00,,,,,,,0,,4,,4,0,,,,4,0
2026/04/02 04:20:00,,,,,,,0,,4,,4,0,,,,4,0
2026/04/02 04:25:00,,,,,,,0,,4,,4,0,,,,4,0
2026/04/02 04:30:00,,,,,,,0,,4,,4,0,,,,4,0
2026/04/02 04:35:00,,,,,,,0,,4,,4,0,,,,4,0
2026/04/02 04:40:00,,,,,,,0.8,0.5571725,3.2,0,4,20,88.75743333333334,0,3.1698199999999996,4,0
2026/04/02 04:45:00,,,,,,,1,0,3,,4,25,69.38704,,0.077262,4,0
2026/04/02 04:50:00,,,,,,,1,0,3,0,4,25,72.67184,0,0.00034799999999999995,4,0
2026/04/02 04:55:00,,,,,,,2,0.6953788888888889,2,0,4,50,132.7165,0,31.146145,4,0
2026/04/02 05:00:00,,,,,,,2,1.8507781818181817,2,,4,50,102.27191,,121.90102200000001,28.8,24.8
2026/04/02 05:05:00,,,,,,,2,0,2,,4,50,71.76712,,0,35,31
2026/04/02 05:10:00,,,,,,,2,0,30.6,,32.6,6.3105590062111805,69.2996,,0,35,2.4
2026/04/02 05:15:00,,,,,,,2,0,33,,35,5.714285714285714,72.66139999999999,,0,35,0
2026/04/02 05:20:00,,,,,,,2.6,0.27483,32.4,0,35,7.428571428571428,73.85582857142857,0,1.3093242857142857,35,0
2026/04/02 05:25:00,,,,,,,3,0.6279344444444445,32,,35,8.571428571428571,59.49069000000001,,24.271519,35,0
2026/04/02 05:30:00,,,,,,,3,1.161222,32,,35,8.571428571428571,58.66508,,40.411629,35,0
2026/04/02 05:35:00,,,,,,,3,0.792973,32,,35,8.571428571428571,59.28698000000001,,13.991584,35,0
2026/04/02 05:40:00,,,,,,,4,0.7794599999999999,31,0,35,11.428571428571429,88.83939285714287,0,40.38547357142857,35,0
2026/04/02 05:45:00,,,,,,,4.8,2.3368015789473686,30.2,0,35,13.714285714285714,64.89348333333334,0,139.74573333333333,35,0
2026/04/02 05:50:00,,,,,,,5,1.211966842105263,30,,35,14.285714285714286,66.48503500000001,,61.154551000000005,35,0
2026/04/02 05:55:00,,,,,,,5,0.7571770000000001,30,0,35,14.285714285714286,50.17957647058823,0,47.90238470588235,35,0
2026/04/02 06:00:00,,,,,,,6,0.2532548,29,0,35,17.142857142857142,68.45167083333332,0,17.510349166666668,35,0
2026/04/02 06:05:00,,,,,,,7.8,0.8589167741935484,27.2,0,35,22.28571428571429,354.6252580645161,0,21.554629677419353,35,0
2026/04/02 06:10:00,,,,,,,11.2,1.18655,23.8,0,35,32,705.3467520833333,0,38.35999416666667,35,0
2026/04/02 06:15:00,,,,,,,13,0.957597192982456,22,0,35,37.142857142857146,859.3715465517242,0,37.64421948275862,35,0
2026/04/02 06:20:00,,,,,,,14,1.2770351562499997,21,0,35,40,692.1370430769231,0,53.65743446153846,35,0
2026/04/02 06:25:00,,,,,,,15,0.7587069565217391,20,0,35,42.857142857142854,465.7020797101449,0,50.17146275362318,35,0
2026/04/02 06:30:00,,,,,,,15.6,0.20267109589041096,19.4,0,35,44.57142857142857,231.9935338028169,0,12.347325211267604,35,0
2026/04/02 06:35:00,,,,,,,18.8,0.26154022988505743,16.2,0,35,53.71428571428571,139.9249988372093,0,16.120246627906976,35,0
2026/04/02 06:40:00,,,,,,,22.2,0.38313173076923085,12.8,0,35,63.42857142857142,110.0796427184466,0,58.7513725490196,35,0
2026/04/02 06:45:00,,,,,,,26,0.5622472131147541,9,0,35,74.28571428571429,61.92515245901639,0,27.48821483606557,41.2,6.2
2026/04/02 06:50:00,,,,,,,29.4,0.6798639285714286,5.6,0,35,84,52.09579714285714,0,34.15219928571429,47.8,12.8
2026/04/02 06:55:00,,,,,,,32,0.6962222368421053,9.2,0,41.2,77.68821828577926,59.65170463576159,0,35.56592284768212,50,8.8
2026/04/02 07:00:00,,,,,,,34.8,0.5704297604790418,13.4,0,48.2,72.24920634920635,122.91511506024096,0,22.995388373493977,50,1.8
2026/04/02 07:05:00,,,,,,,37,0.7907451724137929,13,0,50,74,185.8876959770115,0,30.988307241379307,58.6,8.6
2026/04/02 07:10:00,,,,,,,38.4,1.1698914689265536,11.6,0,50,76.8,280.15116166666667,0,59.60431583333333,63.8,13.8
2026/04/02 07:15:00,,,,,,,42.6,1.089798585858586,15.4,0,58,73.87526881720432,172.5729303482587,0,48.22868850746268,66.6,8.6
2026/04/02 07:20:00,,,,,,,43.8,0.8632191627906978,20,0,63.8,68.65079365079364,171.49130095693778,0,46.01683658653846,67,3.2
2026/04/02 07:25:00,,,,,,,44.4,0.7438717224880382,21.4,0,65.8,67.49038896426956,49.73411981132075,0,31.35908660377358,69.8,4
2026/04/02 07:30:00,,,,,,,48.4,0.8674327314814815,17.6,0,66,73.33333333333334,52.77270688073394,0,38.28842188073395,75,9
2026/04/02 07:35:00,,,,,,,51,1.0937109913793104,18.6,0,69.6,73.46987421614287,139.67162,0,44.678535999999994,75,5.4
2026/04/02 07:40:00,,,,,,,53,1.326909306122449,22,0,75,70.66666666666666,51.529440322580655,0,60.40156860082304,75,0
2026/04/02 07:45:00,,,,,,,54.6,1.0154063529411765,20.4,0,75,72.79999999999998,103.35225390625001,0,44.28089338645418,75,0
2026/04/02 07:50:00,,,,,,,54,1.2740651778656125,20,0,74,72.97297297297297,127.98103228346454,0,57.81453088353415,75,1
2026/04/02 07:55:00,,,,,,,54,1.279150666666667,19.4,0,73.4,73.5727508330248,52.30855275590552,0,64.48146827309236,75,1.6
2026/04/02 08:00:00,,,,,,,54.4,1.0936882213438737,19.6,0,74,73.51351351351352,56.07006679841898,0,44.991987782258064,75,1
2026/04/02 08:05:00,,,,,,,55.6,0.7124638339920948,19.4,0,75,74.13333333333334,81.58147874015748,0,27.665461044176705,75,0
2026/04/02 08:10:00,,,,,,,56.4,0.735908611111111,18.6,0,75,75.2,64.76141792828685,0,29.96447894308943,75,0
2026/04/02 08:15:00,,,,,,,57,1.1167776245210728,18,,75,76,73.32513916349811,,71.71715678294572,75,0
2026/04/02 08:20:00,,,,,,,57.4,1.192574524714829,17.6,0,75,76.53333333333333,69.62689578544061,0,73.4077056640625,75,0
2026/04/02 08:25:00,,,,,,,57.6,1.1976087452471482,17,0,74.6,77.21081081081081,65.46278712121213,0,59.66756478764479,75,0.4
2026/04/02 08:30:00,,,,,,,57.4,1.16768,16.6,0,74,77.56756756756758,69.06380546874999,0,57.719720756972116,75,1
2026/04/02 08:35:00,,,,,,,58,0.9519660474308301,16.4,,74.4,77.96036036036034,321.053922047244,,39.48691285140563,75,0.6
2026/04/02 08:40:00,,,,,,,59,0.7791364615384615,16,0,75,78.66666666666667,270.7489467181467,0,57.828770745098055,75,0
2026/04/02 08:45:00,,,,,,,59,0.9756763414634148,16,,75,78.66666666666667,350.2941101214575,,49.48958805668016,75,0
2026/04/02 08:50:00,,,,,,,59,1.1435513223140497,16,0,75,78.66666666666667,267.9123647540984,0,67.02216159836065,75,0
2026/04/02 08:55:00,,,,,,,59,1.0966209274193546,16,0,75,78.66666666666667,287.1066366255144,0,58.46139590909091,75,0
2026/04/02 09:00:00,,,,,,,58.8,0.7410021484374999,15.8,0,74.6,78.82162162162163,389.52651517509724,0,51.865002658730155,75,0.4
2026/04/02 09:05:00,,,,,,,59,0.7079244758064516,15,0,74,79.72972972972973,247.84797349397587,0,45.16483493927126,75,1
2026/04/02 09:10:00,,,,,,,58.2,0.7810406147540984,15.6,0,73.8,78.86338393187708,415.2415162601626,0,47.57117539094651,75,1.2
2026/04/02 09:15:00,,,,,,,58,0.9911210204081631,16,0,74,78.37837837837837,338.7931008230453,0,74.85211401639343,75,1
2026/04/02 09:20:00,,,,,,,57,0.6886271836734694,16.8,0,73.8,77.23805997778601,409.1255983539095,0,57.54948855967077,75,1.2
2026/04/02 09:25:00,,,,,,,57,0.6198332780082987,17.2,,74.2,76.82162162162163,375.2478897119342,,34.04043847736625,75,0.8
2026/04/02 09:30:00,,,,,,,56.6,0.7431716525423728,18,0,74.6,75.87027027027027,363.38609744680844,0,38.30046884615384,75,0.4
2026/04/02 09:35:00,,,,,,,56,0.7315302631578948,18,,74,75.67567567567568,326.21205913043474,,39.003629000000004,75,1
2026/04/02 09:40:00,,,,,,,56,0.8320319827586206,18.6,0,74.6,75.07027027027029,57.117927705627714,0,57.55774523809524,75,0.4
2026/04/02 09:45:00,,,,,,,56,0.537488669527897,19,,75,74.66666666666667,127.96784549356222,,38.27807729613734,75,0
2026/04/02 09:50:00,,,,,,,56,0.711444721030043,19,0,75,74.66666666666667,82.15988095238096,0,45.9112683982684,75,0
2026/04/02 09:55:00,,,,,,,56,0.8939774568965517,19,,75,74.66666666666667,87.1417771551724,,52.33676741379311,75,0
2026/04/02 10:00:00,,,,,,,54.4,0.9104724324324325,19,,73.4,74.1075075075075,129.28958654708518,,53.47973062780269,75,1.6
2026/04/02 10:05:00,,,,,,,52.6,0.9952207943925235,19,0,71.6,73.46031746031747,212.45404814814816,0,64.88388333333333,75,3.4
2026/04/02 10:10:00,,,,,,,51,0.6288379227053139,21.4,0,72.4,70.45067206894335,191.80516,0,57.320642990196085,75,2.6
2026/04/02 10:15:00,,,,,,,51,0.42174405128205134,22.8,0,73.8,69.11277304701962,234.2183201005025,0,28.184520251256284,75,1.2
2026/04/02 10:20:00,,,,,,,51,0.8302304145077721,23,,74,68.91891891891892,226.17080890052358,,46.085140261780104,75,1
2026/04/02 10:25:00,,,,,,,50.2,0.6179552972972973,23.4,,73.6,68.20807108478341,245.87942324324328,,34.740858702702695,75,1.4
2026/04/02 10:30:00,,,,,,,50,0.43487256983240224,24.2,0,74.2,67.38738738738739,447.8517483146068,0,22.805867078651687,75,0.8
2026/04/02 10:35:00,,,,,,,50,0.35872982658959535,25,0,75,66.66666666666667,447.8041791907515,0,21.743083236994217,75,0
2026/04/02 10:40:00,,,,,,,50,0.6207568072289157,25,,75,66.66666666666667,496.11651151515144,,31.747699393939392,75,0
2026/04/02 10:45:00,,,,,,,50.8,0.4447710625,24.2,0,75,67.73333333333333,567.253876100629,0,46.283448375,75,0
2026/04/02 10:50:00,,,,,,,51,0.18270401315789472,24,0,75,68,385.49824967320257,0,20.82893461038961,75,0
2026/04/02 10:55:00,,,,,,,50.4,0.30689244604316546,24,0,74.4,67.74054054054054,249.25121785714285,0,15.89163842857143,75,0.6
2026/04/02 11:00:00,,,,,,,50,0.42199832061068704,24,0,74,67.56756756756756,331.41361240875915,0,22.543980875912407,75,1
2026/04/02 11:05:00,,,,,,,50,0.2433241463414634,24.8,0,74.8,66.84684684684686,256.09168852459015,0,37.7360531147541,75,0.2
2026/04/02 11:10:00,,,,,,,49.6,0.2359864347826087,25,0,74.6,66.48648648648648,53.81322051282051,0,25.86130145299145,75,0.4
2026/04/02 11:15:00,,,,,,,49,0.15163957627118643,25,0,74,66.21621621621621,303.1444512820513,0,13.997858547008548,75,1
2026/04/02 11:20:00,,,,,,,49.4,0.2287023275862069,25.2,0,74.6,66.21981981981983,438.88651826086954,0,59.500664,75,0.4
2026/04/02 11:25:00,,,,,,,49.4,0.2620166,25,,74.4,66.3963963963964,115.50673960396043,,20.73919205882353,75,0.6
2026/04/02 11:30:00,,,,,,,48.6,0.23370316455696202,25,,73.6,66.03109959274343,64.01911012658228,,10.992926075949365,75,1.4
2026/04/02 11:35:00,,,,,,,48,0.6050430136986301,25.8,0,73.8,65.04257682339876,59.73167702702702,0,97.10227256756757,75,1.2
2026/04/02 11:40:00,,,,,,,48,0.7681709999999999,26.6,,74.6,64.34594594594594,63.39695492957746,,43.050889859154935,75,0.4
2026/04/02 11:45:00,,,,,,,47.8,0.772771343283582,27,0,74.8,63.90270270270271,73.60997285714285,0,37.394273,75,0.2
2026/04/02 11:50:00,,,,,,,47,0.3786593548387097,27,0,74,63.51351351351352,53.613141666666664,0,40.727000000000004,75,1
2026/04/02 11:55:00,,,,,,,46.4,0.21293225806451613,27.6,0,74,62.70270270270271,49.566339682539684,0,70.43500999999999,75,1
2026/04/02 12:00:00,,,,,,,45.8,0.5999961842105264,28,0,73.8,62.0584968530174,58.35109736842105,0,167.7769677027027,75,1.2
2026/04/02 12:05:00,,,,,,,44.4,0.7437552500000001,28.8,0,73.2,60.65531284709367,83.08312098765431,0,186.80347802631582,75,1.8
2026/04/02 12:10:00,,,,,,,44.4,0.8353821348314606,29,0,73.4,60.48870788596817,60.118317045454546,0,58.78138475609756,75,1.6
2026/04/02 12:15:00,,,,,,,43.8,0.9186111578947368,29.8,0,73.6,59.50758978156239,51.66057578947369,0,104.50235680851063,75,1.4
2026/04/02 12:20:00,,,,,,,43,0.6688617475728155,29.2,0,72.2,59.558599695586,57.42798773584906,0,59.178049056603776,75,2.8
2026/04/02 12:25:00,,,,,,,43,0.7958691,30.8,,73.8,58.27155374552634,54.2555205882353,,53.268622745098035,75,1.2
2026/04/02 12:30:00,,,,,,,42,1.0092947663551401,32,0,74,56.75675675675676,67.24305047619048,0,196.15927039215686,75,1
2026/04/02 12:35:00,,,,,,,41.2,0.7278007627118644,32,0,73.2,56.27956723847135,51.25657931034483,0,67.01825531531532,75,1.8
2026/04/02 12:40:00,,,,,,,40.2,0.5606568992248062,31.8,0,72,55.833333333333336,57.06720317460317,0,65.74829818181819,75,3
2026/04/02 12:45:00,,,,,,,40,0.33374544117647054,32.8,,72.8,54.946727549467276,317.36971777777774,,26.513020384615384,75,2.2
2026/04/02 12:50:00,,,,,,,39,0.31254373134328356,34,,73,53.42465753424658,331.7760298507462,,19.41726023255814,75,2
2026/04/02 12:55:00,,,,,,,39,0.7782474626865671,35.4,0,74.4,52.421621621621625,340.2481706766917,0,40.953618750000004,75,0.6
2026/04/02 13:00:00,,,,,,,40,0.5900947482014389,35,0,75,53.333333333333336,120.44764214285712,0,95.79814125925927,75,0
2026/04/02 13:05:00,,,,,,,40.4,0.6523045517241379,34,0,74.4,54.2990990990991,236.84706164383564,0,77.08315964788731,75,0.6
2026/04/02 13:10:00,,,,,,,40.4,0.8328298591549296,33.6,0,74,54.5945945945946,60.072008904109595,0,53.450808652482266,75,1
2026/04/02 13:15:00,,,,,,,41,1.1600446896551724,34,0,75,54.666666666666664,53.77773424657534,0,93.69458387323944,75,0
2026/04/02 13:20:00,,,,,,,41,1.1583684459459458,33,0,74,55.3954954954955,51.59576620689654,0,94.39799314285716,75,1
2026/04/02 13:25:00,,,,,,,40.4,0.9744400628930817,31,0,71.4,56.5923317683881,54.202803125,0,77.53749974193549,75,3.6
2026/04/02 13:30:00,,,,,,,41.2,0.9887345833333333,31,0,72.2,57.0662100456621,155.04146936416186,0,52.70731042168675,75,2.8
2026/04/02 13:35:00,,,,,,,39.8,0.8430907692307693,31.8,0,71.6,55.575935062429366,68.38423352941176,0,75.17449053892216,75,3.4
2026/04/02 13:40:00,,,,,,,39,0.8788070175438596,32,0,71,54.930359937402194,58.94175804597702,0,45.12083893491124,75,4
2026/04/02 13:45:00,,,,,,,40,0.7831407407407407,33.8,0,73.8,54.21415936484429,67.75164866310159,0,57.03197453038675,75,1.2
2026/04/02 13:50:00,,,,,,,38.8,0.7418294594594594,35,,73.8,52.57312106627175,50.09378387096775,,34.856454972375694,75,1.2
2026/04/02 13:55:00,,,,,,,38,0.6181542857142858,35,,73,52.054794520547944,51.74949828571429,,24.75865676470588,75,2
2026/04/02 14:00:00,,,,,,,38.8,0.769992,35.4,0,74.2,52.29189189189189,59.73724827586208,0,26.941004497041423,75,0.8
2026/04/02 14:05:00,,,,,,,39,0.9605413294797689,36,,75,52,52.816478857142855,,31.56292847058824,75,0
2026/04/02 14:10:00,,,,,,,39,0.7382728994082839,36,,75,52,56.15431785714286,,33.19746158536586,75,0
2026/04/02 14:15:00,,,,,,,39,0.7983686163522014,35.6,0,74.6,52.28108108108108,54.01237962962963,0,40.41520573248407,75,0.4
2026/04/02 14:20:00,,,,,,,38.8,0.8888350331125828,34.6,0,73.4,52.861902998889306,55.840116883116885,0,48.66514845637584,75,1.6
2026/04/02 14:25:00,,,,,,,39,0.9725278709677418,34.8,,73.8,52.84709366901147,56.59894451612903,,52.3552796,75,1.2
2026/04/02 14:30:00,,,,,,,38,0.8420918709677421,35.8,,73.8,51.49203998519067,53.10040903225806,,39.30923806666667,75,1.2
2026/04/02 14:35:00,,,,,,,38.4,0.5936696503496502,35.8,0,74.2,51.75135135135135,47.03951041666667,0,29.755169784172658,75,0.8
2026/04/02 14:40:00,,,,,,,39,0.40660666666666667,36,0,75,52,51.29859589041095,0,43.50183616438357,75,0
2026/04/02 14:45:00,,,,,,,39.2,0.6072197986577181,35.8,0,75,52.266666666666666,49.00104093959732,0,63.74655181208054,75,0
2026/04/02 14:50:00,,,,,,,39.8,0.7464460897435897,35,0,74.8,53.207207207207205,51.16167142857143,0,96.73059346405229,75,0.2
2026/04/02 14:55:00,,,,,,,39,0.6877558024691358,35,0,74,52.702702702702695,53.44432049689442,0,49.4075013125,75,1
2026/04/02 15:00:00,,,,,,,38,0.6480809395973154,35.2,0,73.2,51.914105886708626,53.98911258278145,0,44.38768190789474,75,1.8
2026/04/02 15:05:00,,,,,,,38,0.6272146753246755,36,0,74,51.351351351351354,53.74502532467532,0,49.49274581699346,75,1
2026/04/02 15:10:00,,,,,,,38,0.23734408163265308,34.6,,72.6,52.3793427230047,51.61062191780822,,10.758538287671234,71,0
2026/04/02 15:15:00,,,,,,,36.2,0.3988195798319328,33,,69.2,52.29080364540182,50.0879214876033,,15.353372561983473,71,1.8
2026/04/02 15:20:00,,,,,,,35,1.177296851851852,33,0,68,51.47058823529412,50.44347431192661,0,50.917055412844036,71,3
2026/04/02 15:25:00,,,,,,,35,1.1307244660194176,35.2,,70.2,49.87158243579122,50.38208155339806,,47.341241747572816,71,0.8
2026/04/02 15:30:00,,,,,,,34.8,1.1600155434782609,35.4,,70.2,49.585873449653135,55.51218602150537,,57.55664989247312,69.8,0.2
2026/04/02 15:35:00,,,,,,,34,0.8678002531645569,33,,67,50.74626865671642,53.06774050632912,,40.73221151898734,68,1
2026/04/02 15:40:00,,,,,,,34,0.5250766666666666,31.8,,65.8,51.69776119402985,49.75193333333333,,31.399862,64.8,0.2
2026/04/02 15:45:00,,,,,,,34,0.936815138888889,30,0,64,53.125,51.710925,0,76.7094486111111,64,0
2026/04/02 15:50:00,,,,,,,34,1.0600661842105263,30,0,64,53.125,50.77270526315789,0,117.00860560000001,64,0
2026/04/02 15:55:00,,,,,,,32.2,1.0823632894736843,30,0,62.2,51.76651305683564,49.08427866666666,0,101.60094600000002,64,1.8
2026/04/02 16:00:00,,,,,,,32,0.8817089230769231,30.4,,62.4,51.29032258064516,48.59492307692308,,67.87535415384615,64,1.6
2026/04/02 16:05:00,,,,,,,32,0.9128935384615383,32,,64,50,49.85322461538462,,54.465543076923076,64,0
2026/04/02 16:10:00,,,,,,,31.8,0.6737513846153846,30.2,,62,51.31693989071039,58.79008615384616,,53.69009292307692,61.6,0.2
2026/04/02 16:15:00,,,,,,,31,0.8636537681159421,29,0,60,51.666666666666664,52.15325217391305,0,57.18649014492753,61,1
2026/04/02 16:20:00,,,,,,,30,0.5813492957746479,27.8,0,57.8,51.91793041926851,58.79258,0,69.17571528571429,57,0
2026/04/02 16:25:00,,,,,,,29,0.4825072307692308,26.2,,55.2,52.55291005291006,51.5671696969697,,48.96269757575757,55.8,0.6
2026/04/02 16:30:00,,,,,,,29.2,0.9485303333333335,24.4,0,53.6,54.47938504542278,56.67445483870968,0,64.28851903225805,54,0.4
2026/04/02 16:35:00,,,,,,,28.4,0.9354871666666666,24,,52.4,54.19448476052249,57.39029666666667,,67.56115483333333,54,1.6
2026/04/02 16:40:00,,,,,,,28,0.5988068333333333,24.4,,52.4,53.43976777939042,57.354596666666666,,22.98055833333333,54,1.6
2026/04/02 16:45:00,,,,,,,28,0.8651835185185184,25.8,0,53.8,52.04751921733053,69.63713454545454,0,35.030014,54,0.2
2026/04/02 16:50:00,,,,,,,29,1.0692957142857142,25,0,54,53.70370370370371,54.43853469387756,0,40.740116122448974,54,0
2026/04/02 16:55:00,,,,,,,29,0.9365168,25,,54,53.70370370370371,61.245739999999984,,39.6862334,54,0
2026/04/02 17:00:00,,,,,,,27,1.046330681818182,25,,52,51.89501377070744,54.92445652173913,,41.44461282608695,54,2
2026/04/02 17:05:00,,,,,,,26,1.9008535000000002,25,,51,50.98039215686274,55.954094999999995,,116.12599225,54,3
2026/04/02 17:10:00,,,,,,,23.4,0.9851958333333334,27.6,,51,45.80758863777732,55.75753333333333,,45.76372444444445,54,3
2026/04/02 17:15:00,,,,,,,19.2,0.8764440000000001,26.4,,45.6,42.16041092339954,71.75507428571429,,32.98850257142857,49.2,3.8
2026/04/02 17:20:00,,,,,,,18,0.8557411764705882,25.4,,43.4,41.48897614013893,64.66527352941176,,42.54184794117647,46,2.6
2026/04/02 17:25:00,,,,,,,17.8,0.20637192307692306,25.8,,43.6,40.87201663659776,76.10136,,14.815213600000002,42.8,0.6
2026/04/02 17:30:00,,,,,,,16.2,0.121251,24,,40.2,40.27767354596623,45.63883,,4.522881,42,1.8
2026/04/02 17:35:00,,,,,,,15,0.2193095,23.2,,38.2,39.27125506072874,49.51952,,10.517430999999998,38,0
2026/04/02 17:40:00,,,,,,,15,0.7149414999999999,22.8,,37.8,39.68705547652916,47.35386999999999,,28.594622500000003,37.6,0
2026/04/02 17:45:00,,,,,,,14.6,1.2142952631578947,21.4,0,36,40.55555555555555,50.582228571428566,0,36.671792380952375,37,1
2026/04/02 17:50:00,,,,,,,16,2.3439339130434784,19.4,0,35.4,45.20634920634921,94.96559166666667,0,89.47686541666667,35.4,0.2
2026/04/02 17:55:00,,,,,,,16,2.3922528,19,,35,45.714285714285715,81.125304,,146.837024,35,0
2026/04/02 18:00:00,,,,,,,14,1.7699991999999998,19,,33,42.42424242424242,87.52044,,77.1096884,34,1
2026/04/02 18:05:00,,,,,,,13.4,0.3210055,18,,31.4,42.690127077223856,78.1515,,11.713593157894737,32.4,1.2
2026/04/02 18:10:00,,,,,,,13,0,18,,31,41.935483870967744,73.37971999999999,,0,31.6,0.8
2026/04/02 18:15:00,,,,,,,13,0,17,,30,43.333333333333336,68.67874,,0,30,0
2026/04/02 18:20:00,,,,,,,12.8,0,16.4,,29.2,43.835796387520524,71.34746,,0,29.4,0.2
2026/04/02 18:25:00,,,,,,,12,0,16,,28,42.857142857142854,63.71544,,0,29,1
2026/04/02 18:30:00,,,,,,,11.2,0,15.2,,26.4,42.442653642653646,70.68984,,0,27,0.8
2026/04/02 18:35:00,,,,,,,11,0,14.2,,25.2,43.717948717948715,67.75204000000001,,0,25.8,0.8
2026/04/02 18:40:00,,,,,,,11,0,14,,25,44,65.97866666666667,,0,25,0
2026/04/02 18:45:00,,,,,,,9.8,0,13.4,,23.2,42.19262187088274,48.28612,,0,24,1
2026/04/02 18:50:00,,,,,,,8.2,0,12.6,,20.8,39.46001367053999,46.6184,,0,22.4,1.8
2026/04/02 18:55:00,,,,,,,8,,12,,20,40,,,,20,0
2026/04/02 19:00:00,,,,,,,8,,11.4,,19.4,41.26315789473684,,,,19.2,0
2026/04/02 19:05:00,,,,,,,8,,10.8,,18.8,42.57309941520468,,,,18.8,0
2026/04/02 19:10:00,,,,,,,8,,10,,18,44.44444444444444,,,,18,0
2026/04/02 19:15:00,,,,,,,8,,9.6,,17.6,45.49019607843137,,,,17.4,0
2026/04/02 19:20:00,,,,,,,7.8,,9,,16.8,46.39705882352941,,,,17,0.2
2026/04/02 19:25:00,,,,,,,6.4,,7.4,,13.8,46.44230769230769,,,,15,1.4
2026/04/02 19:30:00,,,,,,,5,,7.4,,12.4,40.38461538461538,,,,14.2,2.2
2026/04/02 19:35:00,,,,,,,5,,6,,11,45.45454545454545,,,,11,0
2026/04/02 19:40:00,,,,,,,5,,5.8,,10.8,46.36363636363636,,,,10.4,0
2026/04/02 19:45:00,,,,,,,4.8,,5,,9.8,48.88888888888889,,,,10,0.2
2026/04/02 19:50:00,,,,,,,4,0.59117,4.4,0,8.4,47.77777777777778,94.0433,0,103.77456,8.8,0.4
2026/04/02 19:55:00,,,,,,,4,5.395428000000001,4,,8,50,82.2584,,439.396986,8,0
2026/04/02 20:00:00,,,,,,,4,4.94365,3.2,,7.2,55.71428571428571,35.1896,,123.77232000000001,7,0
2026/04/02 20:05:00,,,,,,,4,,3,,7,57.142857142857146,,,,7,0
2026/04/02 20:10:00,,,,,,,3.2,,3,,6.2,51.42857142857142,,,,7,0.8
2026/04/02 20:15:00,,,,,,,3,,3.2,,6.2,48.57142857142857,,,,7,0.8
2026/04/02 20:20:00,,,,,,,3,,4,,7,42.857142857142854,,,,7,0
2026/04/02 20:25:00,,,,,,,3,,4,,7,42.857142857142854,,,,7,0
2026/04/02 20:30:00,,,,,,,3,,3.6,,6.6,45.71428571428571,,,,6.4,0
2026/04/02 20:35:00,,,,,,,3,,3,,6,50,,,,6,0
2026/04/02 20:40:00,,,,,,,2.8,,2,,4.8,58,,,,5,0.2
2026/04/02 20:45:00,,,,,,,2,,2,,4,50,,,,5,1
2026/04/02 20:50:00,,,,,,,1.6,,2.4,,4,40,,,,5,1
2026/04/02 20:55:00,,,,,,,1,,3,,4,25,,,,5,1
2026/04/02 21:00:00,,,,,,,1,,3.6,,4.6,22,,,,5,0.4
2026/04/02 21:05:00,,,,,,,1,,4,,5,20,,,,4.8,0
2026/04/02 21:10:00,,,,,,,1,,3,,4,25,,,,4,0
2026/04/02 21:15:00,,,,,,,1,,3,,4,25,,,,4,0
2026/04/02 21:20:00,,,,,,,1,,3,,4,25,,,,4,0
2026/04/02 21:25:00,,,,,,,1,,3,,4,25,,,,4,0
2026/04/02 21:30:00,,,,,,,1,,3,,4,25,,,,4,0
2026/04/02 21:35:00,,,,,,,1,,3,,4,25,,,,4,0
2026/04/02 21:40:00,,,,,,,1,,3,,4,25,,,,4,0
2026/04/02 21:45:00,,,,,,,1,,3,,4,25,,,,4,0
2026/04/02 21:50:00,,,,,,,1,,3,,4,25,,,,4,0
2026/04/02 21:55:00,,,,,,,1,,3,,4,25,,,,4,0
2026/04/02 22:00:00,,,,,,,0.4,,3,,3.4,10,,,,4,0.6
2026/04/02 22:05:00,,,,,,,0,,3,,3,0,,,,4,1
2026/04/02 22:10:00,,,,,,,0,,3.8,,3.8,0,,,,4,0.2
2026/04/02 22:15:00,,,,,,,0,,4,,4,0,,,,4,0
2026/04/02 22:20:00,,,,,,,0,,4,,4,0,,,,4,0
2026/04/02 22:25:00,,,,,,,0,,4,,4,0,,,,4,0
2026/04/02 22:30:00,,,,,,,0,,4,,4,0,,,,4,0
2026/04/02 22:35:00,,,,,,,0,,4,,4,0,,,,4,0
2026/04/02 22:40:00,,,,,,,0,,4,,4,0,,,,4,0
2026/04/02 22:45:00,,,,,,,0,,4,,4,0,,,,4,0
2026/04/02 22:50:00,,,,,,,0,,4,,4,0,,,,4,0
2026/04/02 22:55:00,,,,,,,0,,4,,4,0,,,,4,0
2026/04/02 23:00:00,,,,,,,0,,4,,4,0,,,,4,0
2026/04/02 23:05:00,,,,,,,0,,4,,4,0,,,,4,0
2026/04/02 23:10:00,,,,,,,0,,4,,4,0,,,,4,0
2026/04/02 23:15:00,,,,,,,0,,4,,4,0,,,,4,0
2026/04/02 23:20:00,,,,,,,0,,4,,4,0,,,,4,0
2026/04/02 23:25:00,,,,,,,0,,4,,4,0,,,,4,0
2026/04/02 23:30:00,,,,,,,0,,4,,4,0,,,,4,0
2026/04/02 23:35:00,,,,,,,0,,4,,4,0,,,,4,0
2026/04/02 23:40:00,,,,,,,0,,4,,4,0,,,,4,0
2026/04/02 23:45:00,,,,,,,0,,4,,4,0,,,,4,0
2026/04/02 23:50:00,,,,,,,0,,4,,4,0,,,,4,0
2026/04/02 23:55:00,,,,,,,0,,4,,4,0,,,,4,0
2026/04/03 00:00:00,,,,,,,0,,4,,4,0,,,,4,0
2026/04/03 00:05:00,,,,,,,0,,4,,4,0,,,,4,0
2026/04/03 00:10:00,,,,,,,0,,4,,4,0,,,,4,0
2026/04/03 00:15:00,,,,,,,0,,4,,4,0,,,,4,0
2026/04/03 00:20:00,,,,,,,0,,4,,4,0,,,,4,0
2026/04/03 00:25:00,,,,,,,0,,4,,4,0,,,,4,0
2026/04/03 00:30:00,,,,,,,0,,4,,4,0,,,,4,0
2026/04/03 00:35:00,,,,,,,0,,4,,4,0,,,,4,0
2026/04/03 00:40:00,,,,,,,0,,4,,4,0,,,,4,0
2026/04/03 00:45:00,,,,,,,0,,4,,4,0,,,,4,0
2026/04/03 00:50:00,,,,,,,0,,4,,4,0,,,,4,0
2026/04/03 00:55:00,,,,,,,0,,4,,4,0,,,,4,0
2026/04/03 01:00:00,,,,,,,0,,4,,4,0,,,,4,0
2026/04/03 01:05:00,,,,,,,0,,4,,4,0,,,,4,0
2026/04/03 01:10:00,,,,,,,0,,4,,4,0,,,,4,0
2026/04/03 01:15:00,,,,,,,0,,4,,4,0,,,,4,0
2026/04/03 01:20:00,,,,,,,0,,4,,4,0,,,,4,0
2026/04/03 01:25:00,,,,,,,0,,4,,4,0,,,,4,0
2026/04/03 01:30:00,,,,,,,0,,4,,4,0,,,,4,0
2026/04/03 01:35:00,,,,,,,0,,4,,4,0,,,,4,0
2026/04/03 01:40:00,,,,,,,0,,4,,4,0,,,,4,0
2026/04/03 01:45:00,,,,,,,0,,4,,4,0,,,,4,0
2026/04/03 01:50:00,,,,,,,0,,4,,4,0,,,,4,0
2026/04/03 01:55:00,,,,,,,0,,4,,4,0,,,,4,0
2026/04/03 02:00:00,,,,,,,0,,4,,4,0,,,,4,0
2026/04/03 02:05:00,,,,,,,0,,4,,4,0,,,,4,0
2026/04/03 02:10:00,,,,,,,0,,4,,4,0,,,,4,0
2026/04/03 02:15:00,,,,,,,0,,4,,4,0,,,,4,0
2026/04/03 02:20:00,,,,,,,0,,4,,4,0,,,,4,0
2026/04/03 02:25:00,,,,,,,0,,4,,4,0,,,,4,0
2026/04/03 02:30:00,,,,,,,0,,4,,4,0,,,,4,0
2026/04/03 02:35:00,,,,,,,0,,4,,4,0,,,,4,0
2026/04/03 02:40:00,,,,,,,0,,4,,4,0,,,,4,0
2026/04/03 02:45:00,,,,,,,0,,4,,4,0,,,,4,0
2026/04/03 02:50:00,,,,,,,0,,4,,4,0,,,,4,0
2026/04/03 02:55:00,,,,,,,0,,4,,4,0,,,,4,0
2026/04/03 03:00:00,,,,,,,0,,4,,4,0,,,,4,0
2026/04/03 03:05:00,,,,,,,0,,4,,4,0,,,,4,0
2026/04/03 03:10:00,,,,,,,0,,4,,4,0,,,,4,0
2026/04/03 03:15:00,,,,,,,0,,4,,4,0,,,,4,0
2026/04/03 03:20:00,,,,,,,0,,4,,4,0,,,,4,0
2026/04/03 03:25:00,,,,,,,0,,4,,4,0,,,,4,0
2026/04/03 03:30:00,,,,,,,0,,4,,4,0,,,,4,0
2026/04/03 03:35:00,,,,,,,0,,4,,4,0,,,,4,0
2026/04/03 03:40:00,,,,,,,0,,4,,4,0,,,,4,0
2026/04/03 03:45:00,,,,,,,0,,4,,4,0,,,,4,0
2026/04/03 03:50:00,,,,,,,0,,4,,4,0,,,,4,0
2026/04/03 03:55:00,,,,,,,0,,4,,4,0,,,,4,0
2026/04/03 04:00:00,,,,,,,0,,4,,4,0,,,,4,0
2026/04/03 04:05:00,,,,,,,0,,4,,4,0,,,,4,0
2026/04/03 04:10:00,,,,,,,0,,4,,4,0,,,,4,0
2026/04/03 04:15:00,,,,,,,0,,4,,4,0,,,,4,0
2026/04/03 04:20:00,,,,,,,0,,4,,4,0,,,,4,0
2026/04/03 04:25:00,,,,,,,0,,4,,4,0,,,,4,0
2026/04/03 04:30:00,,,,,,,0,,4,,4,0,,,,4,0
2026/04/03 04:35:00,,,,,,,0,,4,,4,0,,,,4,0
2026/04/03 04:40:00,,,,,,,0,,4,,4,0,,,,4,0
2026/04/03 04:45:00,,,,,,,0,,4,,4,0,,,,4,0
2026/04/03 04:50:00,,,,,,,0,,4,,4,0,,,,4,0
2026/04/03 04:55:00,,,,,,,0,,4,,4,0,,,,4,0
2026/04/03 05:00:00,,,,,,,0,,4,,4,0,,,,28.8,24.8
2026/04/03 05:05:00,,,,,,,0,,4,,4,0,,,,35,31
2026/04/03 05:10:00,,,,,,,0,,24.6,,24.6,0,,,,35,10.4
2026/04/03 05:15:00,,,,,,,0,,35,,35,0,,,,35,0
2026/04/03 05:20:00,,,,,,,0,,35,,35,0,,,,35,0
2026/04/03 05:25:00,,,,,,,0.4,2.99772,34.6,0,35,1.1428571428571428,813.4578,0,6.928,35,0
2026/04/03 05:30:00,,,,,,,1,1.9366275000000002,34,,35,2.857142857142857,174.68256,,91.135266,35,0
2026/04/03 05:35:00,,,,,,,1,0.5501199999999999,34,0,35,2.857142857142857,143.9878,0,13.496452000000001,35,0
2026/04/03 05:40:00,,,,,,,2,2.1453183333333334,33,0,35,5.714285714285714,83.4034,0,159.31466600000002,35,0
2026/04/03 05:45:00,,,,,,,2,1.8131879999999998,33,,35,5.714285714285714,46.596560000000004,,183.24719,35,0
2026/04/03 05:50:00,,,,,,,2,0.011401999999999999,33,,35,5.714285714285714,44.48816,,1.050666,35,0
2026/04/03 05:55:00,,,,,,,2,0.00006200000000000002,33,,35,5.714285714285714,44.26108,,0.004902000000000001,35,0
2026/04/03 06:00:00,,,,,,,3.6,2.9270422222222225,31.4,0,35,10.285714285714286,108.63695000000003,0,161.673741,35,0
2026/04/03 06:05:00,,,,,,,5.8,1.3652245833333334,29.2,0,35,16.57142857142857,116.47336086956523,0,104.17853086956521,35,0
2026/04/03 06:10:00,,,,,,,8,0.5048332352941177,27,0,35,22.85714285714286,594.581925,0,28.426066562499997,35,0
2026/04/03 06:15:00,,,,,,,10,0.5624773809523811,25,0,35,28.571428571428573,319.9251933333333,0,19.14107911111111,35,0
2026/04/03 06:20:00,,,,,,,10,0.6620020454545454,25,,35,28.571428571428573,259.2372363636364,,31.529252727272727,35,0
2026/04/03 06:25:00,,,,,,,10.8,0.24009857142857147,24.2,0,35,30.857142857142854,503.4168163265307,0,9.6764906122449,35,0
2026/04/03 06:30:00,,,,,,,12.2,0.14894636363636363,22.8,0,35,34.857142857142854,415.9774547169811,0,5.914293584905661,35,0
2026/04/03 06:35:00,,,,,,,15.2,0.24106914285714284,19.8,0,35,43.42857142857143,665.9564942857143,0,11.530005142857144,35,0
2026/04/03 06:40:00,,,,,,,17,0.6826003896103897,18,0,35,48.57142857142857,606.5039766233765,0,79.8627342857143,35,0
2026/04/03 06:45:00,,,,,,,21.4,0.738255625,13.6,0,35,61.142857142857146,504.8790979381444,0,34.74776742268041,35,0
2026/04/03 06:50:00,,,,,,,24.8,0.8704453508771929,10.2,0,35,70.85714285714286,422.51817079646025,0,41.154237433628325,38.2,3.2
2026/04/03 06:55:00,,,,,,,26.4,1.3607714782608695,8.6,0,35,75.42857142857142,60.44133275862069,0,78.04450818965518,43.8,8.8
2026/04/03 07:00:00,,,,,,,27,1.1749183760683761,10.4,0,37.4,72.64285714285714,62.56612749999999,0,70.29169191666666,45,7.6
2026/04/03 07:05:00,,,,,,,27.8,0.724566507936508,15,0,42.8,64.95016611295682,451.7999008,0,39.024416800000004,45,2.2
2026/04/03 07:10:00,,,,,,,29.6,0.6215948120300752,14.6,0,44.2,66.96969696969697,404.14942595419853,0,31.8294127480916,45,0.8
2026/04/03 07:15:00,,,,,,,30.6,0.40368753731343276,14.2,0,44.8,68.31313131313131,344.37083088235295,0,22.157298029197076,48.4,3.6
2026/04/03 07:20:00,,,,,,,32.4,0.5855146666666667,11.6,0,44,73.63636363636364,315.60515142857145,0,19.904840785714285,54,10
2026/04/03 07:25:00,,,,,,,34,0.6081074324324324,14.4,0,48.4,70.47710465825966,214.5246966666666,0,28.495019139072852,57.8,9.4
2026/04/03 07:30:00,,,,,,,34.4,0.5969723357664234,19.6,0,54,63.71593291404612,377.8140905797102,0,35.64728543478261,58,4
2026/04/03 07:35:00,,,,,,,35.8,0.5362448366013072,21.6,0,57.4,62.37295825771325,332.21591960784315,0,34.41512953947368,58,0.6
2026/04/03 07:40:00,,,,,,,36.6,0.680041875,20.8,0,57.4,63.76890502117362,133.44919305555555,0,30.931810486111107,64,6.6
2026/04/03 07:45:00,,,,,,,37,0.9710925517241378,21.2,0,58.2,63.675856307435254,352.6002890410959,0,74.72928952380954,64,5.8
2026/04/03 07:50:00,,,,,,,37,0.8617200684931506,26.8,0,63.8,57.99603174603175,353.175545890411,0,49.30136268965518,64,0.2
2026/04/03 07:55:00,,,,,,,37,0.7013361805555555,27,0,64,57.8125,283.9006027586206,0,28.32373310344828,64,0
2026/04/03 08:00:00,,,,,,,38,0.8796406756756756,26,0,64,59.375,283.4943953333334,0,40.31602406666667,64,0
2026/04/03 08:05:00,,,,,,,38,0.6920896575342466,26,0,64,59.375,307.2689303448276,0,33.125019655172416,64,0
2026/04/03 08:10:00,,,,,,,38,0.8015395890410959,26,0,64,59.375,348.50059324324326,0,42.314217651006715,64,0
2026/04/03 08:15:00,,,,,,,38,0.9315719310344827,26,0,64,59.375,95.04927379310342,0,45.544141999999994,64,0
2026/04/03 08:20:00,,,,,,,39,0.8372563448275863,25,0,64,60.9375,276.0981351724138,0,64.20921337931034,66.8,2.8
2026/04/03 08:25:00,,,,,,,39.4,1.059571712328767,24.6,0,64,61.5625,371.3502890410959,0,68.35392589041096,71,7
2026/04/03 08:30:00,,,,,,,40.4,0.8973850331125829,25.6,0,66,61.288101744797146,361.15289337748345,0,38.748919668874166,71,5
2026/04/03 08:35:00,,,,,,,41,0.8254725999999999,30,,71,57.74647887323944,374.8739773333333,,38.92492693333334,71,0
2026/04/03 08:40:00,,,,,,,41.6,0.6125993959731544,29.4,0,71,58.591549295774655,70.99107733333334,0,38.54840446666667,71,0
2026/04/03 08:45:00,,,,,,,42,0.8250338926174496,29,0,71,59.15492957746479,127.08636711409396,0,43.547773825503356,71,0
2026/04/03 08:50:00,,,,,,,41.2,1.0326089115646258,29,,70.2,58.68474615810807,88.44001733333333,,68.31821806666667,71,0.8
2026/04/03 08:55:00,,,,,,,40,1.0580768,29,0,69,57.971014492753625,79.09317278911564,0,80.10660761904762,71,2
2026/04/03 09:00:00,,,,,,,40,0.7893282634730537,30.2,0,70.2,56.98655702329921,82.56274756097561,0,85.98530884146341,71,0.8
2026/04/03 09:05:00,,,,,,,40,0.820729090909091,31,,71,56.338028169014095,109.47318407643311,,45.70899386075949,71,0
2026/04/03 09:10:00,,,,,,,40,1.1784150666666666,31,0,71,56.338028169014095,73.6259644295302,0,79.80644248322147,71,0
2026/04/03 09:15:00,,,,,,,40,1.1573245806451613,31,0,71,56.338028169014095,78.2202038961039,0,84.15302967532467,71,0
2026/04/03 09:20:00,,,,,,,40,0.7265,31,0,71,56.338028169014095,114.33319161290324,0,67.26816561290323,71,0
2026/04/03 09:25:00,,,,,,,39.2,0.6226270322580645,31,,70.2,55.83541830694311,107.32903548387098,,37.12477412903226,71,0.8
2026/04/03 09:30:00,,,,,,,38,0.5407536363636363,31,,69,55.07246376811595,67.13568129032258,,24.016525548387097,71,2
2026/04/03 09:35:00,,,,,,,38.4,0.6620591719745224,32,0,70.4,54.54769194879422,68.9200858974359,0,33.97967794871795,71,0.6
2026/04/03 09:40:00,,,,,,,38.8,0.5155232911392404,31.2,0,70,55.42857142857143,139.1948335443038,0,73.85596113924052,71,1
2026/04/03 09:45:00,,,,,,,39.4,0.4385140490797546,29.8,0,69.2,56.935817805383024,147.0706316770186,0,49.2063979375,71,1.8
2026/04/03 09:50:00,,,,,,,40,0.7071893373493976,30.4,0,70.4,56.820925553319924,105.69282409638554,0,52.80273620481927,71,0.6
2026/04/03 09:55:00,,,,,,,40,0.8146636585365853,31,,71,56.338028169014095,76.01177939393939,,53.98390896969697,71,0
2026/04/03 10:00:00,,,,,,,41,0.6426238124999999,29.8,0,70.8,57.91549295774648,72.65811428571429,0,36.085034472049685,71,0.2
2026/04/03 10:05:00,,,,,,,41.8,0.6094507784431138,27.6,0,69.4,60.231884057971016,87.219025,0,20.083013154761904,71,1.6
2026/04/03 10:10:00,,,,,,,41.8,0.5835216666666666,27.6,,69.4,60.231884057971016,62.57462071005917,,22.39603177514793,74.2,4.8
2026/04/03 10:15:00,,,,,,,41.2,0.6874176582278482,28.4,0,69.6,59.19668737060041,63.353712578616346,0,38.725174842767295,75,5.4
2026/04/03 10:20:00,,,,,,,41.6,0.6780304347826087,31,0,72.6,57.32648670111446,65.64341533742332,0,64.50645926380368,75,2.4
2026/04/03 10:25:00,,,,,,,40.6,0.550787012987013,32.4,0,73,55.613147393969314,68.70930324675325,0,21.578676838709676,75,2
2026/04/03 10:30:00,,,,,,,39.8,0.46394066176470583,33,,72.8,54.6689497716895,67.0261615942029,,20.775080579710146,75,2.2
2026/04/03 10:35:00,,,,,,,39,0.5079612977099236,34.8,,73.8,52.84709366901147,146.03568846153846,,27.295940076923078,75,1.2
2026/04/03 10:40:00,,,,,,,38.8,0.3856716393442623,35.4,,74.2,52.29189189189189,649.493061788618,,15.608649024390244,75,0.8
2026/04/03 10:45:00,,,,,,,38,0.41712214876033055,36,0,74,51.351351351351354,626.4012483333333,0,75.876058,75,1
2026/04/03 10:50:00,,,,,,,37.2,0.7611032653061225,36.4,0,73.6,50.54424287301,800.0642979797981,0,73.1004484,75,1.4
2026/04/03 10:55:00,,,,,,,37,0.45047559523809527,33.8,0,70.8,52.28571428571429,1162.331013580247,0,43.09078061728396,71,0.8
2026/04/03 11:00:00,,,,,,,36.4,0.18780777777777777,34,,70.4,51.70221327967808,1305.8262418918919,,52.318905466666656,69.4,0.2
2026/04/03 11:05:00,,,,,,,36,0.03266318840579711,31,,67,53.73134328358209,1103.8127685714287,,2.9861100000000005,67,0
2026/04/03 11:10:00,,,,,,,36,0.0808768115942029,31,0,67,53.73134328358209,95.1026347826087,0,18.477540144927538,67,0
2026/04/03 11:15:00,,,,,,,35.2,0.05609149253731343,30.8,0,66,53.333333333333336,83.08869552238806,0,5.756537313432836,67,1
2026/04/03 11:20:00,,,,,,,36,0.1516361111111111,30.2,0,66.2,54.38263229308005,85.80057945205479,0,9.491810410958905,67,0.8
2026/04/03 11:25:00,,,,,,,36,0.18042319999999998,31,0,67,53.73134328358209,78.1799918918919,0,105.50121256756758,67,0
2026/04/03 11:30:00,,,,,,,36,0.36536381578947374,31,0,67,53.73134328358209,242.8078946666667,0,38.79576947368421,67,0
2026/04/03 11:35:00,,,,,,,36,0.48035767123287676,31,,67,53.73134328358209,104.09597260273974,,25.04919808219178,67,0
2026/04/03 11:40:00,,,,,,,35,0.6007044827586207,31,,66,53.02167484257037,115.65636557377049,,30.33336606557377,67,1
2026/04/03 11:45:00,,,,,,,34,0.37613901639344266,31,,65,52.30769230769231,96.55056333333336,,19.8847985,67,2
2026/04/03 11:50:00,,,,,,,33.8,0.4698667213114755,32.4,0,66.2,51.06307622725533,478.15494333333334,0,67.23995783333332,67,0.8
2026/04/03 11:55:00,,,,,,,33,0.2512257142857143,32.2,,65.2,50.64516129032258,106.84284799999999,,39.988912000000006,65.4,0.8
2026/04/03 12:00:00,,,,,,,33,0.2367495652173913,29.4,0,62.4,52.88786482334869,95.75793478260869,0,74.95803608695651,63,0.6
2026/04/03 12:05:00,,,,,,,32.8,0.5929722222222222,28.2,0,61,53.7998385794996,64.08906666666667,0,186.53722298245617,60.6,0.2
2026/04/03 12:10:00,,,,,,,32.2,0.34306061538461535,26.6,0,58.8,54.76329631794272,59.036085937500005,0,101.25402968750001,60,1.2
2026/04/03 12:15:00,,,,,,,30.4,0.3510544285714286,26.2,,56.6,53.709273182957396,69.54585999999999,,30.307538000000005,60,3.4
2026/04/03 12:20:00,,,,,,,30,0.33255698412698415,27.8,,57.8,51.91177827678489,74.01380769230768,,14.62963923076923,60,2.2
2026/04/03 12:25:00,,,,,,,29.4,0.3005275,29.8,0,59.2,49.6551724137931,353.58999193548385,0,74.01214435483871,60,0.8
2026/04/03 12:30:00,,,,,,,26.8,0.22167787878787884,30,0,56.8,47.18045112781955,381.0716432835821,0,91.9256037313433,60,3.2
2026/04/03 12:35:00,,,,,,,27,0.40913475000000005,28.6,0,55.6,48.590225563909776,171.53171818181818,0,40.13521233766233,56.4,1.4
2026/04/03 12:40:00,,,,,,,27,0.6653714634146342,27,0,54,50,58.154062650602405,0,152.06450795180723,54,0
2026/04/03 12:45:00,,,,,,,26.2,0.8941176404494382,25.8,0,52,50.39955604883462,67.21606896551724,0,66.52779287356321,52,0.6
2026/04/03 12:50:00,,,,,,,24.2,0.6765982105263159,25.2,0,49.4,48.98775510204082,65.80938842105262,0,71.473204,52,2.6
2026/04/03 12:55:00,,,,,,,24,0.4132614583333334,22.2,0,46.2,52.034782608695664,95.37552083333333,0,47.302323124999994,47,1.4
2026/04/03 13:00:00,,,,,,,24,0.5669505263157895,23,,47,51.06382978723404,54.010861052631576,,23.014692,46.6,0
2026/04/03 13:05:00,,,,,,,24.8,0.711658712871287,20.2,0,45,55.11111111111111,57.22696,0,57.2501675,45,0
2026/04/03 13:10:00,,,,,,,25,0.7850385000000002,20,,45,55.55555555555556,62.12562058823529,,44.93544245098039,45,0
2026/04/03 13:15:00,,,,,,,26,0.29365576923076925,19,0,45,57.777777777777786,60.31690291262136,0,13.48282932038835,45,0
2026/04/03 13:20:00,,,,,,,27,0.36312355140186914,17.8,0,44.8,60.27272727272727,165.4218111111111,0,13.979574351851852,45,0.2
2026/04/03 13:25:00,,,,,,,26.8,0.2894342718446602,17,,43.8,61.18393234672304,59.28944629629629,,16.022161574074076,47.4,3.6
2026/04/03 13:30:00,,,,,,,26,0.4669458510638298,17.4,,43.4,59.915433403805494,51.24715744680851,,18.836668829787236,49,5.6
2026/04/03 13:35:00,,,,,,,26,0.5232153260869565,21.6,0,47.6,54.70933828076685,428.5554456521739,0,61.54543304347827,49,1.4
2026/04/03 13:40:00,,,,,,,25.2,0.4381571428571429,22.6,0,47.8,52.72217397597336,903.0881934782608,0,59.43354139784946,49,1.2
2026/04/03 13:45:00,,,,,,,25,0.340159294117647,22,0,47,53.191489361702125,878.5275011627906,0,15.75889714285714,49,2
2026/04/03 13:50:00,,,,,,,25,0.6097973170731709,23.6,0,48.6,51.445578231292515,848.2985807228918,0,31.067033499999997,49,0.4
2026/04/03 13:55:00,,,,,,,24.4,0.26385329113924055,24,0,48.4,50.40816326530612,1083.1596371794872,0,38.07925151898734,49,0.6
2026/04/03 14:00:00,,,,,,,24,0.419120641025641,24,0,48,50,269.32375060240963,0,78.39135125,49,1
2026/04/03 14:05:00,,,,,,,24,0.5606026582278482,24.8,,48.8,49.183673469387756,74.08374936708861,,27.0285336,49,0.2
2026/04/03 14:10:00,,,,,,,24,0.5460243421052632,24.2,0,48.2,49.81328701693443,74.90404533333331,0,20.809961466666667,48.2,0
2026/04/03 14:15:00,,,,,,,24,0.5818838666666667,23,,47,51.06382978723404,77.37632133333335,,19.6824976,47,0
2026/04/03 14:20:00,,,,,,,24,0.47972558441558455,23,0,47,51.06382978723404,78.3774909090909,0,64.83448805194806,47,0
2026/04/03 14:25:00,,,,,,,24,0.3065305405405405,23,,47,51.06382978723404,76.95922083333335,,14.540164027777779,47,0
2026/04/03 14:30:00,,,,,,,24.4,0.437099,22.6,0,47,51.914893617021264,80.45380277777775,0,18.998360416666664,47,0
2026/04/03 14:35:00,,,,,,,25.6,0.11419821917808219,21.4,0,47,54.46808510638298,76.94645753424656,0,4.347248493150685,47,0
2026/04/03 14:40:00,,,,,,,25,0.09139876712328768,21,,46,54.33919210607462,74.12976266666666,,3.440140799999999,47,1
2026/04/03 14:45:00,,,,,,,24,0.021705857142857145,21,,45,53.333333333333336,75.01181714285715,,0.7593548571428571,47,2
2026/04/03 14:50:00,,,,,,,24,0.13673840579710142,22.4,0,46.4,51.72987974098057,75.39593714285715,0,32.707315942028984,47,0.6
2026/04/03 14:55:00,,,,,,,23,0.35474098360655737,23,,46,50,55.50955409836066,,12.78193180327869,47,1
2026/04/03 15:00:00,,,,,,,23,0.3705546551724138,23.2,,46.2,49.78723404255319,57.97948947368422,,14.3250549122807,47,0.8
2026/04/03 15:05:00,,,,,,,23,0.5016841818181819,24,,47,48.93617021276596,61.251054545454544,,20.379068909090908,47,0
2026/04/03 15:10:00,,,,,,,23,0.45199961538461536,22.8,,45.8,50.24113475177305,63.69423773584906,,21.80254471698113,45.4,0
2026/04/03 15:15:00,,,,,,,23,0.5450842222222222,22,,45,51.111111111111114,60.02059111111111,,20.39169111111111,45,0
2026/04/03 15:20:00,,,,,,,22.6,0.9483102500000001,22,0,44.6,50.66666666666667,60.22757317073171,0,32.21496268292683,45,0.4
2026/04/03 15:25:00,,,,,,,21.8,0.8993355882352941,22,,43.8,49.76744186046512,60.3007794117647,,39.25023088235294,45,1.2
2026/04/03 15:30:00,,,,,,,20.6,0.7881837037037037,22,0,42.6,48.3499446290144,84.85626428571429,0,33.28601785714286,45,2.4
2026/04/03 15:35:00,,,,,,,20.4,0.9807096666666667,21.8,0,42.2,48.39594514013119,61.44784999999999,0,134.57411249999998,44,1.8
2026/04/03 15:40:00,,,,,,,19.6,0.26835296296296296,19,0,38.6,50.769230769230774,60.05588888888888,0,19.875207407407405,40,1.4
2026/04/03 15:45:00,,,,,,,19,0.5214441666666667,19.8,0,38.8,48.97435897435897,65.9116138888889,0,38.68734,40,1.2
2026/04/03 15:50:00,,,,,,,19,0.6535540476190476,20.6,0,39.6,47.98717948717949,62.989440000000016,0,39.44795425,40,0.4
2026/04/03 15:55:00,,,,,,,19.4,0.35662636363636363,20.4,0,39.8,48.743589743589745,56.659061904761906,0,22.56210857142857,39.6,0
2026/04/03 16:00:00,,,,,,,17.8,0.37670725000000005,18,,35.8,49.666590960708604,53.04240227272728,,11.099678636363636,38,2.2
2026/04/03 16:05:00,,,,,,,16,0.6879775,18.4,,34.4,46.52100840336135,54.146879999999996,,30.136092500000007,38,3.6
2026/04/03 16:10:00,,,,,,,16.6,0.6392719512195123,20.2,0,36.8,45.130687078055495,67.73604634146342,0,28.78330902439025,38,1.2
2026/04/03 16:15:00,,,,,,,16,0.29056030303030306,20.2,,36.2,44.231660231660236,78.93946571428572,,12.61088,37.2,1
2026/04/03 16:20:00,,,,,,,16,1.2077441666666668,19.4,,35.4,45.2063492063492,72.83407428571428,,53.72311914285714,36,0.6
2026/04/03 16:25:00,,,,,,,14.8,1.1312938235294117,19.4,,34.2,43.23232323232323,76.64794285714285,,59.42420657142857,35.2,1.2
2026/04/03 16:30:00,,,,,,,14,1.1823751428571427,19,,33,42.42424242424242,82.66061142857143,,49.39080285714286,34.4,1.6
2026/04/03 16:35:00,,,,,,,13.2,0.8718205555555555,18,0,31.2,42.29838709677419,78.00380857142858,0,30.414713428571428,32,0.8
2026/04/03 16:40:00,,,,,,,12.4,0.6571697368421052,17.2,0,29.6,41.85343503363526,71.51493414634146,0,162.44356975609756,30.4,0.8
2026/04/03 16:45:00,,,,,,,11,2.022490857142857,16.6,,27.6,39.89010989010988,57.10665714285714,,89.86392628571429,28.8,1.4
2026/04/03 16:50:00,,,,,,,10.8,1.0563291428571429,15.4,,26.2,41.225071225071225,69.06768571428572,,47.28566285714286,27,0.8
2026/04/03 16:55:00,,,,,,,10,1.118662,15.4,,25.4,39.38461538461538,63.76959428571429,,55.74946342857143,25.4,0.2
2026/04/03 17:00:00,,,,,,,9.2,1.5176814285714286,15,,24.2,37.913043478260875,68.96355862068967,,91.42725137931035,24.8,0.6
2026/04/03 17:05:00,,,,,,,8,1.8463524,15,,23,34.78260869565217,91.726016,,70.3506276,24,1
2026/04/03 17:10:00,,,,,,,8,0.9056687999999999,13.6,,21.6,37.05627705627706,75.124752,,30.772118,22,0.4
2026/04/03 17:15:00,,,,,,,7.2,1.6167664000000002,13.6,,20.8,34.60606060606061,71.618304,,53.3118256,20.8,0.2
2026/04/03 17:20:00,,,,,,,6.4,2.7386087500000005,13,,19.4,32.94736842105263,62.931792,,83.4649704,20,0.6
2026/04/03 17:25:00,,,,,,,6,1.5303883999999999,11.6,,17.6,34.158926728586174,58.653783999999995,,48.582570800000006,18,0.6
2026/04/03 17:30:00,,,,,,,6,1.5783232,11.8,,17.8,33.72549019607844,87.792504,,52.9543752,17.8,0.2
2026/04/03 17:35:00,,,,,,,6,1.2336865217391304,11,,17,35.294117647058826,59.16174782608696,,35.26739391304348,17,0
2026/04/03 17:40:00,,,,,,,6,1.6325399999999999,10.8,,16.8,35.73529411764706,49.7338,,68.730717,16.6,0
2026/04/03 17:45:00,,,,,,,6,1.4295514999999996,10,,16,37.5,50.10051,,46.47084450000001,16,0
2026/04/03 17:50:00,,,,,,,6,2.0747305000000003,9.6,,15.6,38.5,50.392860000000006,,94.667989,15.4,0
2026/04/03 17:55:00,,,,,,,6,1.9785230000000003,9,,15,40,49.94567,,88.8637145,15,0
2026/04/03 18:00:00,,,,,,,6,1.3540773333333334,8.6,,14.6,41.142857142857146,52.27222666666667,,47.308587333333335,14.2,0
2026/04/03 18:05:00,,,,,,,6,1.109784,8,,14,42.857142857142854,48.098346666666664,,51.28496400000001,14,0
2026/04/03 18:10:00,,,,,,,6,0.849058,7.2,,13.2,45.494505494505496,51.551453333333335,,57.78418533333333,13,0
2026/04/03 18:15:00,,,,,,,6,0.9916786666666667,7,,13,46.15384615384615,52.08464,,44.80036066666666,12.8,0
2026/04/03 18:20:00,,,,,,,6,1.6653206666666667,6,,12,50,52.77084,,62.69221466666667,12,0
2026/04/03 18:25:00,,,,,,,6,1.169558,5.8,,11.8,50.909090909090914,52.76593333333333,,73.18310266666667,11.6,0
2026/04/03 18:30:00,,,,,,,6,0.19853933333333332,5,,11,54.54545454545455,52.37378666666667,,6.429900666666667,11,0
2026/04/03 18:35:00,,,,,,,6,0.8354254545454545,5,,11,54.54545454545455,49.969727272727276,,50.85418,11,0
2026/04/03 18:40:00,,,,,,,6,,5,,11,54.54545454545455,32.0883,,0.40478,11,0
2026/04/03 18:45:00,,,,,,,6,,5,,11,54.54545454545455,,,,11,0
2026/04/03 18:50:00,,,,,,,6,,5,,11,54.54545454545455,,,,11,0
2026/04/03 18:55:00,,,,,,,6,,5,,11,54.54545454545455,,,,11,0
2026/04/03 19:00:00,,,,,,,5,,5,,10,50,,,,11,1
2026/04/03 19:05:00,,,,,,,5,,5.2,,10.2,49.090909090909086,,,,11,0.8
2026/04/03 19:10:00,,,,,,,5,,6,,11,45.45454545454545,,,,11,0
2026/04/03 19:15:00,,,,,,,5,,6,,11,45.45454545454545,,,,11,0
2026/04/03 19:20:00,,,,,,,5,,5.6,,10.6,47.27272727272727,,,,10.4,0
2026/04/03 19:25:00,,,,,,,5,,5,,10,50,,,,10,0
2026/04/03 19:30:00,,,,,,,5,,4.6,,9.6,52.222222222222214,,,,9.2,0
2026/04/03 19:35:00,,,,,,,4.6,,4,,8.6,53.333333333333336,,,,9,0.4
2026/04/03 19:40:00,,,,,,,4,,4,,8,50,,,,9,1
2026/04/03 19:45:00,,,,,,,4,,4.6,,8.6,46.66666666666667,,,,9,0.4
2026/04/03 19:50:00,,,,,,,4,,5,,9,44.44444444444444,,,,9,0
2026/04/03 19:55:00,,,,,,,4,,5,,9,44.44444444444444,,,,9,0
2026/04/03 20:00:00,,,,,,,3,,4.2,,7.2,41.78571428571429,,,,8,0.8
2026/04/03 20:05:00,,,,,,,3,,3.6,,6.6,45.71428571428571,,,,6.8,0.4
2026/04/03 20:10:00,,,,,,,3,,3,,6,50,,,,6,0
2026/04/03 20:15:00,,,,,,,3,,2.2,,5.2,58,,,,5.2,0
2026/04/03 20:20:00,,,,,,,3,,2,,5,60,,,,5,0
2026/04/03 20:25:00,,,,,,,3,,2,,5,60,,,,5,0
2026/04/03 20:30:00,,,,,,,3,,2,,5,60,,,,5,0
2026/04/03 20:35:00,,,,,,,2.2,,2,,4.2,49.333333333333336,,,,5,0.8
2026/04/03 20:40:00,,,,,,,0,,2,,2,0,,,,5,3
2026/04/03 20:45:00,,,,,,,0,,3.4,,3.4,0,,,,5,1.6
2026/04/03 20:50:00,,,,,,,0,,5,,5,0,,,,5,0
2026/04/03 20:55:00,,,,,,,0,,5,,5,0,,,,5,0
2026/04/03 21:00:00,,,,,,,0,,4.2,,4.2,0,,,,4,0
2026/04/03 21:05:00,,,,,,,0,,4,,4,0,,,,4,0
2026/04/03 21:10:00,,,,,,,0,,4,,4,0,,,,4,0
2026/04/03 21:15:00,,,,,,,0,,4,,4,0,,,,4,0
2026/04/03 21:20:00,,,,,,,0,,4,,4,0,,,,4,0
2026/04/03 21:25:00,,,,,,,0,,4,,4,0,,,,4,0
2026/04/03 21:30:00,,,,,,,0,,4,,4,0,,,,4,0
2026/04/03 21:35:00,,,,,,,0,,4,,4,0,,,,4,0
2026/04/03 21:40:00,,,,,,,0,,4,,4,0,,,,4,0
2026/04/03 21:45:00,,,,,,,0,,4,,4,0,,,,4,0
2026/04/03 21:50:00,,,,,,,0,,4,,4,0,,,,4,0
2026/04/03 21:55:00,,,,,,,0,,4,,4,0,,,,4,0
2026/04/03 22:00:00,,,,,,,0,,4,,4,0,,,,4,0
2026/04/03 22:05:00,,,,,,,0,,4,,4,0,,,,4,0
2026/04/03 22:10:00,,,,,,,0,,4,,4,0,,,,4,0
2026/04/03 22:15:00,,,,,,,0,,4,,4,0,,,,4,0
2026/04/03 22:20:00,,,,,,,0,,4,,4,0,,,,4,0
2026/04/03 22:25:00,,,,,,,0,,4,,4,0,,,,4,0
2026/04/03 22:30:00,,,,,,,0,,4,,4,0,,,,4,0
2026/04/03 22:35:00,,,,,,,0,,4,,4,0,,,,4,0
2026/04/03 22:40:00,,,,,,,0,,4,,4,0,,,,4,0
2026/04/03 22:45:00,,,,,,,0,,4,,4,0,,,,4,0
2026/04/03 22:50:00,,,,,,,0,,4,,4,0,,,,4,0
2026/04/03 22:55:00,,,,,,,0,,4,,4,0,,,,4,0
2026/04/03 23:00:00,,,,,,,0,,4,,4,0,,,,4,0
2026/04/03 23:05:00,,,,,,,0,,4,,4,0,,,,4,0
2026/04/03 23:10:00,,,,,,,0,,4,,4,0,,,,4,0
2026/04/03 23:15:00,,,,,,,0,,4,,4,0,,,,4,0
2026/04/03 23:20:00,,,,,,,0,,4,,4,0,,,,4,0
2026/04/03 23:25:00,,,,,,,0,,4,,4,0,,,,4,0
2026/04/03 23:30:00,,,,,,,0,,4,,4,0,,,,4,0
2026/04/03 23:35:00,,,,,,,0,,4,,4,0,,,,4,0
2026/04/03 23:40:00,,,,,,,0,,4,,4,0,,,,4,0
2026/04/03 23:45:00,,,,,,,0,,4,,4,0,,,,4,0
2026/04/03 23:50:00,,,,,,,0,,4,,4,0,,,,4,0
2026/04/03 23:55:00,,,,,,,0,,4,,4,0,,,,4,0
2026/04/04 00:00:00,,,,,,,0,,4,,4,0,,,,4,0
2026/04/04 00:05:00,,,,,,,0,,4,,4,0,,,,4,0
2026/04/04 00:10:00,,,,,,,0,,4,,4,0,,,,4,0
2026/04/04 00:15:00,,,,,,,0,,4,,4,0,,,,4,0
2026/04/04 00:20:00,,,,,,,0,,4,,4,0,,,,4,0
2026/04/04 00:25:00,,,,,,,0,,4,,4,0,,,,4,0
2026/04/04 00:30:00,,,,,,,0,,4,,4,0,,,,4,0
2026/04/04 00:35:00,,,,,,,0,,4,,4,0,,,,4,0
2026/04/04 00:40:00,,,,,,,0,,4,,4,0,,,,4,0
2026/04/04 00:45:00,,,,,,,0,,4,,4,0,,,,4,0
2026/04/04 00:50:00,,,,,,,0,,4,,4,0,,,,4,0
2026/04/04 00:55:00,,,,,,,0,,4,,4,0,,,,4,0
2026/04/04 01:00:00,,,,,,,0,,4,,4,0,,,,4,0
2026/04/04 01:05:00,,,,,,,0,,4,,4,0,,,,4,0
2026/04/04 01:10:00,,,,,,,0,,4,,4,0,,,,4,0
2026/04/04 01:15:00,,,,,,,0,,4,,4,0,,,,4,0
2026/04/04 01:20:00,,,,,,,0,,4,,4,0,,,,4,0
2026/04/04 01:25:00,,,,,,,0,,4,,4,0,,,,4,0
2026/04/04 01:30:00,,,,,,,0,,4,,4,0,,,,4,0
2026/04/04 01:35:00,,,,,,,0,,4,,4,0,,,,4,0
2026/04/04 01:40:00,,,,,,,0,,4,,4,0,,,,4,0
2026/04/04 01:45:00,,,,,,,0,,4,,4,0,,,,4,0
2026/04/04 01:50:00,,,,,,,0,,4,,4,0,,,,4,0
2026/04/04 01:55:00,,,,,,,0,,4,,4,0,,,,4,0
2026/04/04 02:00:00,,,,,,,0,,4,,4,0,,,,4,0
2026/04/04 02:05:00,,,,,,,0,,4,,4,0,,,,4,0
2026/04/04 02:10:00,,,,,,,0,,4,,4,0,,,,4,0
2026/04/04 02:15:00,,,,,,,0,,4,,4,0,,,,4,0
2026/04/04 02:20:00,,,,,,,0,,4,,4,0,,,,4,0
2026/04/04 02:25:00,,,,,,,0,,4,,4,0,,,,4,0
2026/04/04 02:30:00,,,,,,,0,,4,,4,0,,,,4,0
2026/04/04 02:35:00,,,,,,,0,,4,,4,0,,,,4,0
2026/04/04 02:40:00,,,,,,,0,,4,,4,0,,,,4,0
2026/04/04 02:45:00,,,,,,,0,,4,,4,0,,,,4,0
2026/04/04 02:50:00,,,,,,,0,,4,,4,0,,,,4,0
2026/04/04 02:55:00,,,,,,,0,,4,,4,0,,,,4,0
2026/04/04 03:00:00,,,,,,,0,,4,,4,0,,,,4,0
2026/04/04 03:05:00,,,,,,,0,,4,,4,0,,,,4,0
2026/04/04 03:10:00,,,,,,,0,,4,,4,0,,,,4,0
2026/04/04 03:15:00,,,,,,,0,,4,,4,0,,,,4,0
2026/04/04 03:20:00,,,,,,,0,,4,,4,0,,,,4,0
2026/04/04 03:25:00,,,,,,,0,,4,,4,0,,,,4,0
2026/04/04 03:30:00,,,,,,,0,,4,,4,0,,,,4,0
2026/04/04 03:35:00,,,,,,,0,,4,,4,0,,,,4,0
2026/04/04 03:40:00,,,,,,,0,,4,,4,0,,,,4,0
2026/04/04 03:45:00,,,,,,,0,,4,,4,0,,,,4,0
2026/04/04 03:50:00,,,,,,,0,,4,,4,0,,,,4,0
2026/04/04 03:55:00,,,,,,,0,,4,,4,0,,,,4,0
2026/04/04 04:00:00,,,,,,,0,,4,,4,0,,,,4,0
2026/04/04 04:05:00,,,,,,,0,,4,,4,0,,,,4,0
2026/04/04 04:10:00,,,,,,,0,,4,,4,0,,,,4,0
2026/04/04 04:15:00,,,,,,,0,,4,,4,0,,,,4,0
2026/04/04 04:20:00,,,,,,,0,,4,,4,0,,,,4,0
2026/04/04 04:25:00,,,,,,,0,,4,,4,0,,,,4,0
2026/04/04 04:30:00,,,,,,,0,,4,,4,0,,,,4,0
2026/04/04 04:35:00,,,,,,,0,,4,,4,0,,,,4,0
2026/04/04 04:40:00,,,,,,,0,,4,,4,0,,,,4,0
2026/04/04 04:45:00,,,,,,,0,,4,,4,0,,,,4,0
2026/04/04 04:50:00,,,,,,,0,,4,,4,0,,,,4,0
2026/04/04 04:55:00,,,,,,,0,,4,,4,0,,,,4,0
2026/04/04 05:00:00,,,,,,,0,,4,,4,0,,,,10,6
2026/04/04 05:05:00,,,,,,,0,,4,,4,0,,,,10,6
2026/04/04 05:10:00,,,,,,,0,,8.8,,8.8,0,,,,10,1.2
2026/04/04 05:15:00,,,,,,,0,,10,,10,0,,,,10,0
2026/04/04 05:20:00,,,,,,,0,,10,,10,0,,,,10,0
2026/04/04 05:25:00,,,,,,,0,,10,,10,0,,,,10,0
2026/04/04 05:30:00,,,,,,,0,,10,,10,0,,,,10,0
2026/04/04 05:35:00,,,,,,,0,,10,,10,0,,,,10,0
2026/04/04 05:40:00,,,,,,,0,,10,,10,0,,,,10,0
2026/04/04 05:45:00,,,,,,,0.2,,9.8,0,10,2,,0,,10,0
2026/04/04 05:50:00,,,,,,,1,0.5080566666666667,9,0,10,10,53.392100000000006,0,0.6099640000000001,10,0
2026/04/04 05:55:00,,,,,,,1,0,9,,10,10,45.85172,,0.008354,10,0
2026/04/04 06:00:00,,,,,,,1,0,9,,10,10,43.39188,,0.000037999999999999995,10,0
2026/04/04 06:05:00,,,,,,,1,0,9,,10,10,44.45164,,0,10,0
2026/04/04 06:10:00,,,,,,,1.6,0.21350375,8.4,0,10,16,129.6049857142857,0,0.4055114285714286,10,0
2026/04/04 06:15:00,,,,,,,2,0.25438799999999995,8,,10,20,87.85268,,14.467569999999998,10,0
2026/04/04 06:20:00,,,,,,,2,0.948998888888889,8,,10,20,92.59342,,86.304993,10,0
2026/04/04 06:25:00,,,,,,,2,1.322042,8,,10,20,82.4616,,102.54090000000001,10,0
2026/04/04 06:30:00,,,,,,,2,0.7550620000000001,8,,10,20,85.19002,,68.28372399999999,10,0
2026/04/04 06:35:00,,,,,,,2.8,0.4573385714285714,7.2,0,10,28,99.13742142857143,0,16.76738,10,0
2026/04/04 06:40:00,,,,,,,4,1.3951920000000002,6,0,10,40,67.98393684210527,0,70.64186,10,0
2026/04/04 06:45:00,,,,,,,4,0.7774431578947368,6,,10,40,79.38341,,39.97181199999999,10,0
2026/04/04 06:50:00,,,,,,,4,1.4599743750000003,6,0,10,40,75.78729411764706,0,140.56732294117649,10,0
2026/04/04 06:55:00,,,,,,,5,1.5300194444444444,5,0,10,50,80.92197368421053,0,115.24287105263159,10,0
2026/04/04 07:00:00,,,,,,,5,1.2387672727272727,5,0,10,50,78.71104,0,110.13253599999999,10,0
2026/04/04 07:05:00,,,,,,,6.4,1.048459090909091,3.6,0,10,64,135.80582727272727,0,30.18741818181818,10,0
2026/04/04 07:10:00,,,,,,,8.2,0.5015616129032259,1.8,0,10,82,123.65339310344827,0,9.91726827586207,12.2,2.2
2026/04/04 07:15:00,,,,,,,9,0.24672999999999998,1,,10,90,88.75016000000001,,10.682846571428572,15,5
2026/04/04 07:20:00,,,,,,,9,0.643914705882353,3.2,,12.2,74.22077922077922,69.87616000000001,,30.872236857142855,15,2.8
2026/04/04 07:25:00,,,,,,,9,1.3141217647058825,6,,15,60,81.48064571428573,,71.34575771428572,15,0
2026/04/04 07:30:00,,,,,,,9.4,0.8354972972972974,5.6,0,15,62.66666666666667,99.76687777777778,0,61.48549694444445,15,0
2026/04/04 07:35:00,,,,,,,10,0.9834624999999999,5,,15,66.66666666666667,74.12100500000001,,67.50017799999999,16.6,1.6
2026/04/04 07:40:00,,,,,,,10,2.0740049999999997,5,0,15,66.66666666666667,69.577265,0,137.18778374999997,17,2
2026/04/04 07:45:00,,,,,,,10,1.2437764444444446,6.6,,16.6,60.3921568627451,63.22873111111112,,60.57735222222223,17,0.4
2026/04/04 07:50:00,,,,,,,10,0.5134274468085106,7,0,17,58.82352941176471,68.2617,0,35.082980666666664,17,0
2026/04/04 07:55:00,,,,,,,10,0.7570386363636363,7,,17,58.82352941176471,65.7932,,43.152005777777774,17,0
2026/04/04 08:00:00,,,,,,,10,0.9109061363636364,7,,17,58.82352941176471,60.65528000000001,,31.414809333333334,17,0
2026/04/04 08:05:00,,,,,,,10,0.5725984444444445,7,,17,58.82352941176471,64.95105777777776,,25.970068666666673,17,0
2026/04/04 08:10:00,,,,,,,10,0.32402977777777775,7,,17,58.82352941176471,66.04724888888889,,15.368413777777779,17,0
2026/04/04 08:15:00,,,,,,,10,0.6608635555555555,7,,17,58.82352941176471,66.8534311111111,,22.03962022222222,17,0
2026/04/04 08:20:00,,,,,,,10,0.5887162222222222,7,,17,58.82352941176471,74.46326222222223,,21.982124444444445,17,0
2026/04/04 08:25:00,,,,,,,10,0.37471066666666675,7,,17,58.82352941176471,66.83322222222222,,12.711953777777778,17,0
2026/04/04 08:30:00,,,,,,,10,1.1877922,7,0,17,58.82352941176471,81.97104000000002,0,57.16689260000001,17,0
2026/04/04 08:35:00,,,,,,,10,0.9200082,7,,17,58.82352941176471,66.494392,,32.094103999999994,17,0
2026/04/04 08:40:00,,,,,,,10,0.8423244,7,,17,58.82352941176471,69.501872,,40.7480296,17,0
2026/04/04 08:45:00,,,,,,,10,0.6826141666666666,7,0,17,58.82352941176471,63.81606666666667,0,65.79572541666667,17,0
2026/04/04 08:50:00,,,,,,,10,1.2975373333333333,7,,17,58.82352941176471,63.67453333333333,,66.07761155555555,17,0
2026/04/04 08:55:00,,,,,,,10.6,0.7090854545454546,6.4,0,17,62.35294117647059,69.71277045454546,0,31.220880000000005,17,0
2026/04/04 09:00:00,,,,,,,11,0.9678034090909091,6,,17,64.70588235294117,73.10762444444444,,38.89713177777778,19,2
2026/04/04 09:05:00,,,,,,,11,0.8545127906976745,6,,17,64.70588235294117,70.31151162790698,,32.00765627906977,19,2
2026/04/04 09:10:00,,,,,,,11,0.45547475000000004,7.8,,18.8,58.53801169590643,72.664905,,14.472666499999999,19,0.2
2026/04/04 09:15:00,,,,,,,11,0.14223275000000002,8,,19,57.89473684210526,68.376185,,7.371935250000002,19,0
2026/04/04 09:20:00,,,,,,,11,0.45658600000000005,8,,19,57.89473684210526,69.33524,,17.464870499999996,19,0
2026/04/04 09:25:00,,,,,,,10.6,0.4251324324324324,7.4,0,18,58.88888888888889,64.95270789473683,0,16.12210394736842,19,1
2026/04/04 09:30:00,,,,,,,11,0.41846550000000005,7,,18,61.11111111111111,60.54021,,16.96485275,20,2
2026/04/04 09:35:00,,,,,,,11,0.37816375,8,,19,57.89473684210526,62.082275,,21.85472125,20,1
2026/04/04 09:40:00,,,,,,,11,0.323807,9,,20,55,66.43429499999999,,10.80057175,20,0
2026/04/04 09:45:00,,,,,,,11,0.49644925000000006,9,,20,55,64.378335,,38.20538225,20,0
2026/04/04 09:50:00,,,,,,,11,0.6547175000000001,9,,20,55,61.48213,,16.92847825,20,0
2026/04/04 09:55:00,,,,,,,11,0.6385805,9,,20,55,63.98661499999999,,28.957670749999995,20,0
2026/04/04 10:00:00,,,,,,,11,0.1798785,9,,20,55,63.23566999999999,,7.580960500000001,20,0
2026/04/04 10:05:00,,,,,,,11,0.21924925,9,,20,55,62.69929,,14.425474249999999,20,0
2026/04/04 10:10:00,,,,,,,11,0.29543850000000005,9,,20,55,61.82237,,11.437795999999997,20,0
2026/04/04 10:15:00,,,,,,,11,0.31614774999999995,9,,20,55,62.15069000000001,,12.3550265,20,0
2026/04/04 10:20:00,,,,,,,11,0.44638050000000007,9,,20,55,65.65489,,14.5372715,20,0
2026/04/04 10:25:00,,,,,,,11,0.7308184615384616,9,,20,55,67.71105,,31.923508500000004,20,0
2026/04/04 10:30:00,,,,,,,11,0.9117648571428572,9,,20,55,59.291626470588234,,33.12959794117647,20,0
2026/04/04 10:35:00,,,,,,,11,0.16950363636363636,9,0,20,55,63.28693333333334,0,26.202385454545453,20,0
2026/04/04 10:40:00,,,,,,,10.4,0.499114375,9,,19.4,53.578947368421055,72.714365625,,12.844165625,20,0.6
2026/04/04 10:45:00,,,,,,,9.8,0.51504,9,,18.8,52.105263157894726,87.05171333333334,,12.524466333333333,20,1.2
2026/04/04 10:50:00,,,,,,,9,0.16155516129032257,9.8,0,18.8,47.894736842105274,77.02698965517241,0,3.0168958620689654,20,1.2
2026/04/04 10:55:00,,,,,,,8.2,0.7053480952380953,10.4,,18.6,44.09356725146199,74.88618181818183,,76.87391217391304,20,1.4
2026/04/04 11:00:00,,,,,,,8,0.6881055,11,,19,42.10526315789474,83.17920999999998,,15.7862405,20,1
2026/04/04 11:05:00,,,,,,,7.8,0.8955449999999999,10.4,,18.2,42.90196078431372,84.05905,,23.3892745,18,0.2
2026/04/04 11:10:00,,,,,,,7,0.9043955,9.8,,16.8,41.69117647058824,109.03031000000001,,23.801343999999997,17.2,0.6
2026/04/04 11:15:00,,,,,,,7,0.5780535,9,,16,43.75,105.42482,,20.60059,16,0
2026/04/04 11:20:00,,,,,,,7,0.5554595,8.4,,15.4,45.49999999999999,89.35789,,13.362069000000002,15.2,0
2026/04/04 11:25:00,,,,,,,7,0.9178729999999999,8,,15,46.666666666666664,105.41318000000001,,26.754489999999997,15,0
2026/04/04 11:30:00,,,,,,,7,0.8263659999999999,7.2,,14.2,49.33333333333333,109.42083,,29.398663,14,0
2026/04/04 11:35:00,,,,,,,6.6,0.3056823076923077,7,,13.6,48.46153846153847,107.66287857142858,,8.173968571428572,13.6,0.2
2026/04/04 11:40:00,,,,,,,6,,6,,12,50,,,,12,0
2026/04/04 11:45:00,,,,,,,6,,5.6,,11.6,51.81818181818183,,,,11.4,0
2026/04/04 11:50:00,,,,,,,6,,5,,11,54.54545454545455,,,,11,0
2026/04/04 11:55:00,,,,,,,6,,5,,11,54.54545454545455,,,,11,0
2026/04/04 12:00:00,,,,,,,6,,5,,11,54.54545454545455,,,,11,0
2026/04/04 12:05:00,,,,,,,6,,5,,11,54.54545454545455,,,,11,0
2026/04/04 12:10:00,,,,,,,6,,5,,11,54.54545454545455,,,,11,0
2026/04/04 12:15:00,,,,,,,6,,5,,11,54.54545454545455,,,,11,0
2026/04/04 12:20:00,,,,,,,6,,5,,11,54.54545454545455,,,,11,0
2026/04/04 12:25:00,,,,,,,6,,5,,11,54.54545454545455,,,,11,0
2026/04/04 12:30:00,,,,,,,6,,5,,11,54.54545454545455,,,,11,0
2026/04/04 12:35:00,,,,,,,5,,5,,10,50,,,,11,1
2026/04/04 12:40:00,,,,,,,5,0.6680325,5.2,0,10.2,49.090909090909086,53.28339999999999,0,452.84642,11,0.8
2026/04/04 12:45:00,,,,,,,5,0,6,,11,45.45454545454545,77.47035,,11.068133999999999,11,0
2026/04/04 12:50:00,,,,,,,5,0,6,,11,45.45454545454545,60.20094,,0.051022,11,0
2026/04/04 12:55:00,,,,,,,4.4,0,6,,10.4,42.18181818181818,52.47757999999999,,0.000238,10.2,0
2026/04/04 13:00:00,,,,,,,4,0,5.8,,9.8,40.88888888888889,48.22760000000001,,0.0000010000000000000002,9.6,0
2026/04/04 13:05:00,,,,,,,4,0.06284909090909091,5,,9,44.44444444444444,51.54729999999999,,7.751889,9,0
2026/04/04 13:10:00,,,,,,,4,0,4.6,,8.6,46.666666666666664,51.729079999999996,,0.103714,8.4,0
2026/04/04 13:15:00,,,,,,,4,0,4,,8,50,50.47728,,0.00048200000000000006,8,0
2026/04/04 13:20:00,,,,,,,4,0.14906666666666665,3.4,,7.4,54.28571428571429,52.44416,,3.7078469999999997,7,0
2026/04/04 13:25:00,,,,,,,4,0.518466,3,,7,57.142857142857146,57.35918,,18.173431,7,0
2026/04/04 13:30:00,,,,,,,4,0.14861,3,,7,57.142857142857146,57.132580000000004,,13.884972999999999,7,0
2026/04/04 13:35:00,,,,,,,3.8,0.000806,3,,6.8,55.71428571428571,51.892179999999996,,0.06400199999999999,7,0.2
2026/04/04 13:40:00,,,,,,,2.2,0.01731,3,,5.2,42,98.74648571428573,,0.0004228571428571429,7,1.8
2026/04/04 13:45:00,,,,,,,2,0.00292,3.4,,5.4,37.333333333333336,58.60531999999999,,0.0000020000000000000003,7,1.6
2026/04/04 13:50:00,,,,,,,2,0.22291600000000003,5,,7,28.571428571428573,55.19072,,4.106656,7,0
2026/04/04 13:55:00,,,,,,,2,0.81118,5,,7,28.571428571428573,57.88396,,39.283424,7,0
2026/04/04 14:00:00,,,,,,,2,0.10965799999999999,4.4,,6.4,31.428571428571434,64.42904000000001,,5.640208,6.2,0
2026/04/04 14:05:00,,,,,,,2,0.012522,4,,6,33.333333333333336,57.273199999999996,,0.562932,6,0
2026/04/04 14:10:00,,,,,,,2,0.659756,3.2,,5.2,38.66666666666667,56.573080000000004,,19.167052,5,0
2026/04/04 14:15:00,,,,,,,3,1.1936550000000001,2,0,5,60,70.12845555555556,0,39.85147444444445,5,0
2026/04/04 14:20:00,,,,,,,3,0.6323259999999999,2,,5,60,66.89164000000001,,17.292032,5,0
2026/04/04 14:25:00,,,,,,,3,0.12760600000000002,2,0,5,60,65.51966,0,12.671882999999998,5,0
2026/04/04 14:30:00,,,,,,,4,0.3729220000000001,1,0,5,80,120.91675789473686,0,16.37969263157895,5.8,0.8
2026/04/04 14:35:00,,,,,,,4,0.151002,1,,5,80,62.76008999999999,,6.842266500000001,7,2
2026/04/04 14:40:00,,,,,,,4,0.3472775,2,,6,68.1904761904762,64.18404000000001,,25.038126499999997,7,1
2026/04/04 14:45:00,,,,,,,4,0.09586894736842107,3,,7,57.142857142857146,64.69995,,4.0397680000000005,7,0
2026/04/04 14:50:00,,,,,,,4,0.362856,3,,7,57.142857142857146,62.35897,,20.62154,7,0
2026/04/04 14:55:00,,,,,,,4,0.1990585,3,,7,57.142857142857146,67.6014,,11.2892245,7,0
2026/04/04 15:00:00,,,,,,,4,0.37956850000000003,3,,7,57.142857142857146,66.14434,,17.345343,7,0
2026/04/04 15:05:00,,,,,,,4,0.1045185,3,,7,57.142857142857146,66.17468000000001,,3.218803,7,0
2026/04/04 15:10:00,,,,,,,4,0.35497000000000006,3,,7,57.142857142857146,63.5419,,17.8818395,7,0
2026/04/04 15:15:00,,,,,,,4,0.0919205,3,,7,57.142857142857146,78.08162000000002,,3.9325669999999997,7,0
2026/04/04 15:20:00,,,,,,,4,0.347864,3,,7,57.142857142857146,63.14874,,20.2164185,7,0
2026/04/04 15:25:00,,,,,,,4,0.1330345,3,,7,57.142857142857146,73.15664000000001,,8.5683275,7,0
2026/04/04 15:30:00,,,,,,,4,0.6221120000000001,3,,7,57.142857142857146,63.07822,,30.3077335,7,0
2026/04/04 15:35:00,,,,,,,3.6,0.5821629411764706,2.6,0,6.2,58.095238095238095,63.50237647058824,0,20.630845882352943,7,0.8
2026/04/04 15:40:00,,,,,,,3.6,0.9270511764705883,2,,5.6,64,63.76149444444445,,47.294351666666664,7,1.4
2026/04/04 15:45:00,,,,,,,3,0.29496,3,,6,50,61.35872000000001,,13.458502000000001,7,1
2026/04/04 15:50:00,,,,,,,3,0.88642875,3.6,0,6.6,45.714285714285715,61.709174999999995,0,65.71785866666666,7,0.4
2026/04/04 15:55:00,,,,,,,3,0.38453875000000004,4,,7,42.857142857142854,98.25106,,54.55837799999999,7,0
2026/04/04 16:00:00,,,,,,,3,0.006798,4,,7,42.857142857142854,82.99369090909092,,1.6154745454545454,7,0
2026/04/04 16:05:00,,,,,,,3,0.206706,4,,7,42.857142857142854,115.65853999999999,,17.193319999999996,7,0
2026/04/04 16:10:00,,,,,,,3,0.5167910000000001,3.2,,6.2,48.57142857142857,84.03268,,26.485791,6,0
2026/04/04 16:15:00,,,,,,,3,0.5940730000000001,3,,6,50,129.00626,,22.405099999999997,6,0
2026/04/04 16:20:00,,,,,,,3,0.46768800000000005,3,,6,50,122.30424000000001,,25.674708000000003,6,0
2026/04/04 16:25:00,,,,,,,3,0.294284,3,,6,50,106.03835999999998,,15.460651000000002,6,0
2026/04/04 16:30:00,,,,,,,3,0.056242,3,,6,50,103.17630000000001,,3.553808,6,0
2026/04/04 16:35:00,,,,,,,3,0.06742899999999999,3,,6,50,77.71596,,3.8043020000000007,6,0
2026/04/04 16:40:00,,,,,,,3,0.24561700000000003,3,,6,50,81.07028,,12.993630000000001,6,0
2026/04/04 16:45:00,,,,,,,3,0.02864,3,,6,50,109.76053999999999,,1.9051300000000002,6,0
2026/04/04 16:50:00,,,,,,,3,0.005102,3,,6,50,108.60874000000001,,0.17103700000000002,6,0
2026/04/04 16:55:00,,,,,,,3,0.28669500000000003,3,,6,50,142.48954,,7.584006,6,0
2026/04/04 17:00:00,,,,,,,3,0.39755599999999996,3,,6,50,103.49186000000002,,25.522456,6,0
2026/04/04 17:05:00,,,,,,,3,0.107052,3,,6,50,110.08812,,5.170473,6,0
2026/04/04 17:10:00,,,,,,,3,0.027542,3,,6,50,84.8634,,0.275874,6,0
2026/04/04 17:15:00,,,,,,,3,0.000426,3,,6,50,79.023,,0.011274000000000001,6,0
2026/04/04 17:20:00,,,,,,,3,0.0000020000000000000003,3,,6,50,78.34076,,0.000052000000000000004,6,0
2026/04/04 17:25:00,,,,,,,3,0,3,,6,50,78.44712,,0,6,0
2026/04/04 17:30:00,,,,,,,3.4,0.3636928571428572,2.6,0,6,56.66666666666667,154.75933333333333,0,2.377625,6,0
2026/04/04 17:35:00,,,,,,,4,0.44415999999999994,2,,6,66.66666666666667,185.54176999999999,,16.456388999999998,6.8,0.8
2026/04/04 17:40:00,,,,,,,4,1.702768,2,,6,66.66666666666667,179.87614,,97.80272500000001,7,1
2026/04/04 17:45:00,,,,,,,4,0.283046,2.6,,6.6,60.95238095238095,141.20394,,23.884934,7,0.4
2026/04/04 17:50:00,,,,,,,4,0.05474625,3,,7,57.142857142857146,190.71855555555555,,5.480776666666666,7,0
2026/04/04 17:55:00,,,,,,,4,0,3,,7,57.142857142857146,79.8894,,0,7,0
2026/04/04 18:00:00,,,,,,,3.2,0,3,,6.2,51.42857142857142,76.76176,,0,7,0.8
2026/04/04 18:05:00,,,,,,,3,0,3,,6,50,75.7734,,0,7,1
2026/04/04 18:10:00,,,,,,,3,0,4,,7,42.857142857142854,76.16736,,0,7,0
2026/04/04 18:15:00,,,,,,,3,0,4,0,7,42.857142857142854,76.60892000000001,0,0,7,0
2026/04/04 18:20:00,,,,,,,4,1.106931111111111,3,0,7,57.142857142857146,65.34203333333333,0,51.56479555555555,7,0
2026/04/04 18:25:00,,,,,,,4,1.2403749999999998,3,,7,57.142857142857146,52.69656,,71.843342,7,0
2026/04/04 18:30:00,,,,,,,4,1.5624875,3,,7,57.142857142857146,46.524975000000005,,41.016842499999996,7,0
2026/04/04 18:35:00,,,,,,,4,0.121564,3,,7,57.142857142857146,31.734479999999998,,4.69458,7,0
2026/04/04 18:40:00,,,,,,,4,0.612236,3,,7,57.142857142857146,33.75976,,21.519868,7,0
2026/04/04 18:45:00,,,,,,,4,0.086212,3,,7,57.142857142857146,31.231600000000004,,3.5846019999999994,7,0
2026/04/04 18:50:00,,,,,,,4,0.30171625,3,0,7,57.142857142857146,86.4524,0,27.09106714285714,7,0
2026/04/04 18:55:00,,,,,,,4,0.8466722222222223,3,,7,57.142857142857146,102.32021,,22.706283000000003,7,0
2026/04/04 19:00:00,,,,,,,4,2.2306280000000003,3,,7,57.142857142857146,83.20982000000001,,106.739283,7,0
2026/04/04 19:05:00,,,,,,,4,0.2901714285714286,3,,7,57.142857142857146,63.41994285714285,,18.815014285714284,7,0
2026/04/04 19:10:00,,,,,,,3,1.8856279999999999,3,,6,50,31.15068,,49.531604,7,1
2026/04/04 19:15:00,,,,,,,3,0.443258,3,,6,50,31.00236,,18.053804,7,1
2026/04/04 19:20:00,,,,,,,3,0.01463,4,0,7,42.857142857142854,31.143759999999997,0,0.315634,7,0
2026/04/04 19:25:00,,,,,,,3,2.6486600000000005,4,,7,42.857142857142854,33.63256,,373.066032,7,0
2026/04/04 19:30:00,,,,,,,3,0.095108,4,,7,42.857142857142854,36.14248,,7.430408,7,0
2026/04/04 19:35:00,,,,,,,3,0.0006375000000000002,3.4,,6.4,47.142857142857146,31.24248,,0.033714,6.2,0
2026/04/04 19:40:00,,,,,,,3,,3,,6,50,,,,6,0
2026/04/04 19:45:00,,,,,,,3,,3,,6,50,,,,6,0
2026/04/04 19:50:00,,,,,,,3,,3,,6,50,,,,6,0
2026/04/04 19:55:00,,,,,,,3,,3,,6,50,,,,6,0
2026/04/04 20:00:00,,,,,,,3,0.726295,3,0,6,50,34.9291,0,556.8568250000001,6,0
2026/04/04 20:05:00,,,,,,,3,,2.2,,5.2,58,,,,5,0
2026/04/04 20:10:00,,,,,,,3,,2,,5,60,,,,5,0
2026/04/04 20:15:00,,,,,,,3,,2,,5,60,,,,5,0
2026/04/04 20:20:00,,,,,,,3,,2,,5,60,,,,5,0
2026/04/04 20:25:00,,,,,,,3,,2,,5,60,,,,5,0
2026/04/04 20:30:00,,,,,,,2.6,,2,,4.6,56,,,,5,0.4
2026/04/04 20:35:00,,,,,,,2,,2,,4,50,,,,5,1
2026/04/04 20:40:00,,,,,,,2,,2.6,,4.6,44,,,,5,0.4
2026/04/04 20:45:00,,,,,,,2,,3,,5,40,,,,5,0
2026/04/04 20:50:00,,,,,,,2,,3,,5,40,,,,5,0
2026/04/04 20:55:00,,,,,,,2,,2.8,,4.8,42,,,,4.6,0
2026/04/04 21:00:00,,,,,,,2,,2,,4,50,,,,4,0
2026/04/04 21:05:00,,,,,,,1.4,,2,,3.4,40.00000000000001,,,,4,0.6
2026/04/04 21:10:00,,,,,,,1,,2,,3,33.333333333333336,,,,4,1
2026/04/04 21:15:00,,,,,,,1,,2.8,,3.8,26.666666666666668,,,,4,0.2
2026/04/04 21:20:00,,,,,,,1,,3,,4,25,,,,4,0
2026/04/04 21:25:00,,,,,,,1,,3,,4,25,,,,4,0
2026/04/04 21:30:00,,,,,,,1,,3,,4,25,,,,4,0
2026/04/04 21:35:00,,,,,,,1,,3,,4,25,,,,4,0
2026/04/04 21:40:00,,,,,,,1,,3,,4,25,,,,4,0
2026/04/04 21:45:00,,,,,,,1,,3,,4,25,,,,4,0
2026/04/04 21:50:00,,,,,,,1,,3,,4,25,,,,4,0
2026/04/04 21:55:00,,,,,,,1,,3,,4,25,,,,4,0
2026/04/04 22:00:00,,,,,,,0.8,,3,,3.8,20,,,,4,0.2
2026/04/04 22:05:00,,,,,,,0,,3,,3,0,,,,4,1
2026/04/04 22:10:00,,,,,,,0,,3.2,,3.2,0,,,,4,0.8
2026/04/04 22:15:00,,,,,,,0,,4,,4,0,,,,4,0
2026/04/04 22:20:00,,,,,,,0,,4,,4,0,,,,4,0
2026/04/04 22:25:00,,,,,,,0,,4,,4,0,,,,4,0
2026/04/04 22:30:00,,,,,,,0,,4,,4,0,,,,4,0
2026/04/04 22:35:00,,,,,,,0,,4,,4,0,,,,4,0
2026/04/04 22:40:00,,,,,,,0,,4,,4,0,,,,4,0
2026/04/04 22:45:00,,,,,,,0,,4,,4,0,,,,4,0
2026/04/04 22:50:00,,,,,,,0,,4,,4,0,,,,4,0
2026/04/04 22:55:00,,,,,,,0,,4,,4,0,,,,4,0
2026/04/04 23:00:00,,,,,,,0,,4,,4,0,,,,4,0
2026/04/04 23:05:00,,,,,,,0,,4,,4,0,,,,4,0
2026/04/04 23:10:00,,,,,,,0,,4,,4,0,,,,4,0
2026/04/04 23:15:00,,,,,,,0,,4,,4,0,,,,4,0
2026/04/04 23:20:00,,,,,,,0,,4,,4,0,,,,4,0
2026/04/04 23:25:00,,,,,,,0,,4,,4,0,,,,4,0
2026/04/04 23:30:00,,,,,,,0,,4,,4,0,,,,4,0
2026/04/04 23:35:00,,,,,,,0,,4,,4,0,,,,4,0
2026/04/04 23:40:00,,,,,,,0,,4,,4,0,,,,4,0
2026/04/04 23:45:00,,,,,,,0,,4,,4,0,,,,4,0
2026/04/04 23:50:00,,,,,,,0,,4,,4,0,,,,4,0
2026/04/04 23:55:00,,,,,,,0,,4,,4,0,,,,4,0
2026/04/05 00:00:00,,,,,,,0,,4,,4,0,,,,4,0
2026/04/05 00:05:00,,,,,,,0,,4,,4,0,,,,4,0
2026/04/05 00:10:00,,,,,,,0,,4,,4,0,,,,4,0
2026/04/05 00:15:00,,,,,,,0,,4,,4,0,,,,4,0
2026/04/05 00:20:00,,,,,,,0,,4,,4,0,,,,4,0
2026/04/05 00:25:00,,,,,,,0,,4,,4,0,,,,4,0
2026/04/05 00:30:00,,,,,,,0,,4,,4,0,,,,4,0
2026/04/05 00:35:00,,,,,,,0,,4,,4,0,,,,4,0
2026/04/05 00:40:00,,,,,,,0,,4,,4,0,,,,4,0
2026/04/05 00:45:00,,,,,,,0,,4,,4,0,,,,4,0
2026/04/05 00:50:00,,,,,,,0,,4,,4,0,,,,4,0
2026/04/05 00:55:00,,,,,,,0,,4,,4,0,,,,4,0
2026/04/05 01:00:00,,,,,,,0,,4,,4,0,,,,4,0
2026/04/05 01:05:00,,,,,,,0,,4,,4,0,,,,4,0
2026/04/05 01:10:00,,,,,,,0,,4,,4,0,,,,4,0
2026/04/05 01:15:00,,,,,,,0,,4,,4,0,,,,4,0
2026/04/05 01:20:00,,,,,,,0,,4,,4,0,,,,4,0
2026/04/05 01:25:00,,,,,,,0,,4,,4,0,,,,4,0
2026/04/05 01:30:00,,,,,,,0,,4,,4,0,,,,4,0
2026/04/05 01:35:00,,,,,,,0,,4,,4,0,,,,4,0
2026/04/05 01:40:00,,,,,,,0,,4,,4,0,,,,4,0
2026/04/05 01:45:00,,,,,,,0,,4,,4,0,,,,4,0
2026/04/05 01:50:00,,,,,,,0,,4,,4,0,,,,4,0
2026/04/05 01:55:00,,,,,,,0,,4,,4,0,,,,4,0
2026/04/05 02:00:00,,,,,,,0,,4,,4,0,,,,4,0
2026/04/05 02:05:00,,,,,,,0,,4,,4,0,,,,4,0
2026/04/05 02:10:00,,,,,,,0,,4,,4,0,,,,4,0
2026/04/05 02:15:00,,,,,,,0,,4,,4,0,,,,4,0
2026/04/05 02:20:00,,,,,,,0,,4,,4,0,,,,4,0
2026/04/05 02:25:00,,,,,,,0,,4,,4,0,,,,4,0
2026/04/05 02:30:00,,,,,,,0,,4,,4,0,,,,4,0
2026/04/05 02:35:00,,,,,,,0,,4,,4,0,,,,4,0
2026/04/05 02:40:00,,,,,,,0,,4,,4,0,,,,4,0
2026/04/05 02:45:00,,,,,,,0,,4,,4,0,,,,4,0
2026/04/05 02:50:00,,,,,,,0,,4,,4,0,,,,4,0
2026/04/05 02:55:00,,,,,,,0,,4,,4,0,,,,4,0
2026/04/05 03:00:00,,,,,,,0,,4,,4,0,,,,4,0
2026/04/05 03:05:00,,,,,,,0,,4,,4,0,,,,4,0
2026/04/05 03:10:00,,,,,,,0,,4,,4,0,,,,4,0
2026/04/05 03:15:00,,,,,,,0,,4,,4,0,,,,4,0
2026/04/05 03:20:00,,,,,,,0,,4,,4,0,,,,4,0
2026/04/05 03:25:00,,,,,,,0,,4,,4,0,,,,4,0
2026/04/05 03:30:00,,,,,,,0,,4,,4,0,,,,4,0
2026/04/05 03:35:00,,,,,,,0,,4,,4,0,,,,4,0
2026/04/05 03:40:00,,,,,,,0,,4,,4,0,,,,4,0
2026/04/05 03:45:00,,,,,,,0,,4,,4,0,,,,4,0
2026/04/05 03:50:00,,,,,,,0,,4,,4,0,,,,4,0
2026/04/05 03:55:00,,,,,,,0,,4,,4,0,,,,4,0
2026/04/05 04:00:00,,,,,,,0,,4,,4,0,,,,4,0
2026/04/05 04:05:00,,,,,,,0,,4,,4,0,,,,4,0
2026/04/05 04:10:00,,,,,,,0,,4,,4,0,,,,4,0
2026/04/05 04:15:00,,,,,,,0,,4,,4,0,,,,4,0
2026/04/05 04:20:00,,,,,,,0,,4,,4,0,,,,4,0
2026/04/05 04:25:00,,,,,,,0,,4,,4,0,,,,4,0
2026/04/05 04:30:00,,,,,,,0,,4,,4,0,,,,4,0
2026/04/05 04:35:00,,,,,,,0,,4,,4,0,,,,4,0
2026/04/05 04:40:00,,,,,,,0,,4,,4,0,,,,4,0
2026/04/05 04:45:00,,,,,,,0,,4,,4,0,,,,4,0
2026/04/05 04:50:00,,,,,,,0,,4,,4,0,,,,4,0
2026/04/05 04:55:00,,,,,,,0,,4,,4,0,,,,4,0
2026/04/05 05:00:00,,,,,,,0,,4,,4,0,,,,4,0
2026/04/05 05:05:00,,,,,,,0,,4,,4,0,,,,4,0
2026/04/05 05:10:00,,,,,,,0,,4,,4,0,,,,4,0
2026/04/05 05:15:00,,,,,,,0,,4,,4,0,,,,4,0
2026/04/05 05:20:00,,,,,,,0,,4,,4,0,,,,4,0
2026/04/05 05:25:00,,,,,,,0,,4,,4,0,,,,4,0
2026/04/05 05:30:00,,,,,,,0,,4,,4,0,,,,4,0
2026/04/05 05:35:00,,,,,,,0,,4,,4,0,,,,4,0
2026/04/05 05:40:00,,,,,,,0,,4,,4,0,,,,4,0
2026/04/05 05:45:00,,,,,,,0,,4,,4,0,,,,4,0
2026/04/05 05:50:00,,,,,,,0,,4,,4,0,,,,4,0
2026/04/05 05:55:00,,,,,,,0,,4,,4,0,,,,4,0
2026/04/05 06:00:00,,,,,,,0,,4,,4,0,,,,4,0
2026/04/05 06:05:00,,,,,,,0,,4,,4,0,,,,4,0
2026/04/05 06:10:00,,,,,,,0,,4,,4,0,,,,4,0
2026/04/05 06:15:00,,,,,,,0,,4,,4,0,,,,4,0
2026/04/05 06:20:00,,,,,,,0,,4,,4,0,,,,4,0
2026/04/05 06:25:00,,,,,,,0,,4,,4,0,,,,4,0
2026/04/05 06:30:00,,,,,,,0,,4,,4,0,,,,4,0
2026/04/05 06:35:00,,,,,,,0,,4,,4,0,,,,4,0
2026/04/05 06:40:00,,,,,,,0,,4,,4,0,,,,4,0
2026/04/05 06:45:00,,,,,,,0,,4,,4,0,,,,4,0
2026/04/05 06:50:00,,,,,,,0,,4,,4,0,,,,4,0
2026/04/05 06:55:00,,,,,,,0,,4,,4,0,,,,4,0
2026/04/05 07:00:00,,,,,,,0,,4,,4,0,,,,4,0
2026/04/05 07:05:00,,,,,,,0,,4,,4,0,,,,4,0
2026/04/05 07:10:00,,,,,,,0,,4,,4,0,,,,4,0
2026/04/05 07:15:00,,,,,,,0,,4,,4,0,,,,4,0
2026/04/05 07:20:00,,,,,,,0,,4,,4,0,,,,4,0
2026/04/05 07:25:00,,,,,,,0,,4,,4,0,,,,4,0
2026/04/05 07:30:00,,,,,,,0,,4,,4,0,,,,4,0
2026/04/05 07:35:00,,,,,,,0,,4,,4,0,,,,4,0
2026/04/05 07:40:00,,,,,,,0,,4,,4,0,,,,4,0
2026/04/05 07:45:00,,,,,,,0,,4,,4,0,,,,4,0
2026/04/05 07:50:00,,,,,,,0,,4,,4,0,,,,4,0
2026/04/05 07:55:00,,,,,,,0,,4,,4,0,,,,4,0
2026/04/05 08:00:00,,,,,,,0,,4,,4,0,,,,4,0
2026/04/05 08:05:00,,,,,,,0,,4,,4,0,,,,4,0
2026/04/05 08:10:00,,,,,,,0,,4,,4,0,,,,4,0
2026/04/05 08:15:00,,,,,,,0,,4,,4,0,,,,4,0
2026/04/05 08:20:00,,,,,,,0,,4,,4,0,,,,4,0
2026/04/05 08:25:00,,,,,,,0,,4,,4,0,,,,4,0
2026/04/05 08:30:00,,,,,,,0,,4,,4,0,,,,4,0
2026/04/05 08:35:00,,,,,,,0,,4,,4,0,,,,4,0
2026/04/05 08:40:00,,,,,,,0,,4,,4,0,,,,4,0
2026/04/05 08:45:00,,,,,,,0,,4,,4,0,,,,4,0
2026/04/05 08:50:00,,,,,,,0,,4,,4,0,,,,4,0
2026/04/05 08:55:00,,,,,,,0.2,,3.8,0,4,5,,0,,4,0
2026/04/05 09:00:00,,,,,,,1,0.682696,3,0,4,25,64.32516000000001,0,0.880034,4,0
2026/04/05 09:05:00,,,,,,,1,0,3,,4,25,46.40328,,0.011678,4,0
2026/04/05 09:10:00,,,,,,,1,0.7571924999999999,3,,4,25,48.278639999999996,,31.3544,4,0
2026/04/05 09:15:00,,,,,,,1,0.9351,3,,4,25,46.86084,,15.317786000000002,4,0
2026/04/05 09:20:00,,,,,,,1,0.005051999999999999,3,,4,25,46.8374,,0.07111799999999999,4,0
2026/04/05 09:25:00,,,,,,,1,0.000026000000000000002,3,,4,25,46.6442,,0.000334,4,0
2026/04/05 09:30:00,,,,,,,1,0,3,,4,25,46.647679999999994,,0.0000020000000000000003,4,0
2026/04/05 09:35:00,,,,,,,1,0,3,,4,25,46.458,,0,4,0
2026/04/05 09:40:00,,,,,,,1,0,3,,4,25,46.497,,0,4,0
2026/04/05 09:45:00,,,,,,,1,0,3,,4,25,46.84476,,0,4,0
2026/04/05 09:50:00,,,,,,,1,0.197114,3,,4,25,47.146,,5.591151999999999,4,0
2026/04/05 09:55:00,,,,,,,1,0.0008883333333333333,3,,4,25,48.23088,,0.025498,4,0
2026/04/05 10:00:00,,,,,,,1,0.638638,3,0,4,25,54.958625,0,19.50676,4,0
2026/04/05 10:05:00,,,,,,,1,0,3,,4,25,45.641000000000005,,0.186184,4,0
2026/04/05 10:10:00,,,,,,,1,0,3,,4,25,44.17152,,0.000854,4,0
2026/04/05 10:15:00,,,,,,,1,0,3,,4,25,45.92684,,0.0000020000000000000003,4,0
2026/04/05 10:20:00,,,,,,,1,0,3,,4,25,46.355360000000005,,0,4,0
2026/04/05 10:25:00,,,,,,,1,0,3,,4,25,47.058080000000004,,0,4,0
2026/04/05 10:30:00,,,,,,,1,0.043934,3,,4,25,46.24572,,0.5024580000000001,4,0
2026/04/05 10:35:00,,,,,,,1,0,3,,4,25,47.01547999999999,,0.020212,4,0
2026/04/05 10:40:00,,,,,,,1,0,3,,4,25,44.65204,,0.00009400000000000001,4,0
2026/04/05 10:45:00,,,,,,,1,0,3,,4,25,45.35288,,0,4,0
2026/04/05 10:50:00,,,,,,,1,0,3,,4,25,45.14268,,0,4,0
2026/04/05 10:55:00,,,,,,,1,0,3,,4,25,45.49884,,0,4,0
2026/04/05 11:00:00,,,,,,,1,0,3,,4,25,43.466899999999995,,0,4,0
2026/04/05 11:05:00,,,,,,,1,,3,,4,25,,,,4,0
2026/04/05 11:10:00,,,,,,,1,,3,,4,25,,,,4,0
2026/04/05 11:15:00,,,,,,,1,,3,,4,25,,,,4,0
2026/04/05 11:20:00,,,,,,,1,,3,,4,25,,,,4,0
2026/04/05 11:25:00,,,,,,,1,,3,,4,25,,,,4,0
2026/04/05 11:30:00,,,,,,,1,,3,,4,25,,,,4,0
2026/04/05 11:35:00,,,,,,,1,,3,,4,25,,,,4,0
2026/04/05 11:40:00,,,,,,,1,,3,,4,25,,,,4,0
2026/04/05 11:45:00,,,,,,,1,,3,,4,25,,,,4,0
2026/04/05 11:50:00,,,,,,,1,,3,,4,25,,,,4,0
2026/04/05 11:55:00,,,,,,,1,,3,,4,25,,,,4,0
2026/04/05 12:00:00,,,,,,,1,,3,,4,25,,,,4,0
2026/04/05 12:05:00,,,,,,,1,,3,,4,25,,,,4,0
2026/04/05 12:10:00,,,,,,,1,,3,,4,25,,,,4,0
2026/04/05 12:15:00,,,,,,,1,,3,,4,25,,,,4,0
2026/04/05 12:20:00,,,,,,,1,,3,,4,25,,,,4,0
2026/04/05 12:25:00,,,,,,,1,,3,,4,25,,,,4,0
2026/04/05 12:30:00,,,,,,,1,,3,,4,25,,,,4,0
2026/04/05 12:35:00,,,,,,,1,,3,,4,25,,,,4,0
2026/04/05 12:40:00,,,,,,,1,,3,,4,25,,,,4,0
2026/04/05 12:45:00,,,,,,,1,,3,,4,25,,,,4,0
2026/04/05 12:50:00,,,,,,,1,,3,,4,25,,,,4,0
2026/04/05 12:55:00,,,,,,,1,,3,,4,25,,,,4,0
2026/04/05 13:00:00,,,,,,,0.4,,3,,3.4,10,,,,4,0.6
2026/04/05 13:05:00,,,,,,,0,,3,,3,0,,,,4,1
2026/04/05 13:10:00,,,,,,,0,,3.6,,3.6,0,,,,4,0.4
2026/04/05 13:15:00,,,,,,,0,,4,,4,0,,,,4,0
2026/04/05 13:20:00,,,,,,,0,,4,,4,0,,,,4,0
2026/04/05 13:25:00,,,,,,,0,,4,,4,0,,,,4,0
2026/04/05 13:30:00,,,,,,,0,,4,,4,0,,,,4,0
2026/04/05 13:35:00,,,,,,,0,,4,,4,0,,,,4,0
2026/04/05 13:40:00,,,,,,,0,,4,,4,0,,,,4,0
2026/04/05 13:45:00,,,,,,,0,,4,,4,0,,,,4,0
2026/04/05 13:50:00,,,,,,,0,,4,,4,0,,,,4,0
2026/04/05 13:55:00,,,,,,,0,,4,,4,0,,,,4,0
2026/04/05 14:00:00,,,,,,,0,,4,,4,0,,,,4,0
2026/04/05 14:05:00,,,,,,,0,,4,,4,0,,,,4,0
2026/04/05 14:10:00,,,,,,,0,,4,,4,0,,,,4,0
2026/04/05 14:15:00,,,,,,,0,,4,,4,0,,,,4,0
2026/04/05 14:20:00,,,,,,,0,,4,,4,0,,,,4,0
2026/04/05 14:25:00,,,,,,,0,,4,,4,0,,,,4,0
2026/04/05 14:30:00,,,,,,,0,,4,,4,0,,,,4,0
2026/04/05 14:35:00,,,,,,,0,,4,,4,0,,,,4,0
2026/04/05 14:40:00,,,,,,,0,,4,,4,0,,,,4,0
2026/04/05 14:45:00,,,,,,,0,,4,,4,0,,,,4,0
2026/04/05 14:50:00,,,,,,,0,,4,,4,0,,,,4,0
2026/04/05 14:55:00,,,,,,,0,,4,,4,0,,,,4,0
2026/04/05 15:00:00,,,,,,,0,,4,,4,0,,,,4,0
2026/04/05 15:05:00,,,,,,,0,,4,,4,0,,,,4,0
2026/04/05 15:10:00,,,,,,,0.2,,3.8,0,4,5,,0,,4,0
2026/04/05 15:15:00,,,,,,,1,1.0837400000000001,3,0,4,25,69.2803,0,28.98122,4,0
2026/04/05 15:20:00,,,,,,,1,0.5402633333333333,3,0,4,25,54.999480000000005,0,33.90487,4,0
2026/04/05 15:25:00,,,,,,,1,0,3,,4,25,46.2434,,0.26285000000000003,4,0
2026/04/05 15:30:00,,,,,,,1,0,3,,4,25,43.43352,,0.001226,4,0
2026/04/05 15:35:00,,,,,,,1,0.625105,3,,4,25,46.56368,,17.475018,4,0
2026/04/05 15:40:00,,,,,,,1,1.143252,3,,4,25,46.56251999999999,,17.977352,4,0
2026/04/05 15:45:00,,,,,,,1,0.058762,3,,4,25,42.40864,,0.9812179999999999,4,0
2026/04/05 15:50:00,,,,,,,1,0.001416,3,,4,25,46.109440000000006,,0.010334,4,0
2026/04/05 15:55:00,,,,,,,1,0.000006000000000000001,3,,4,25,46.670959999999994,,0.00004599999999999999,4,0
2026/04/05 16:00:00,,,,,,,1,0,3,,4,25,46.22764,,0,4,0
2026/04/05 16:05:00,,,,,,,1,0,3,,4,25,46.1948,,0,4,0
2026/04/05 16:10:00,,,,,,,1,0,3,,4,25,43.191199999999995,,0,4,0
2026/04/05 16:15:00,,,,,,,1,0,3,,4,25,45.64864,,0,4,0
2026/04/05 16:20:00,,,,,,,1,0,3,,4,25,46.27944000000001,,0,4,0
2026/04/05 16:25:00,,,,,,,1,0.980128,3,,4,25,46.34496,,33.693988000000004,4,0
2026/04/05 16:30:00,,,,,,,1,0.35586399999999996,3,,4,25,45.78679999999999,,5.395364000000001,4,0
2026/04/05 16:35:00,,,,,,,1,1.4684000000000001,3,,4,25,46.30704000000001,,45.07173,4,0
2026/04/05 16:40:00,,,,,,,1,0.6241160000000001,3,,4,25,46.75708000000001,,9.81213,4,0
2026/04/05 16:45:00,,,,,,,1,0.009988,3,,4,25,47.37908,,0.08768000000000001,4,0
2026/04/05 16:50:00,,,,,,,1,0.005502,3,,4,25,46.62644,,0.000398,4,0
2026/04/05 16:55:00,,,,,,,1,0.000248,3,,4,25,45.246840000000006,,0.0000020000000000000003,4,0
2026/04/05 17:00:00,,,,,,,1,0.024606,3,,4,25,45.2448,,0,4,0
2026/04/05 17:05:00,,,,,,,1,0.00038,3,,4,25,46.7668,,0,4,0
2026/04/05 17:10:00,,,,,,,1,0.0000020000000000000003,3,,4,25,44.5386,,0,4,0
2026/04/05 17:15:00,,,,,,,1,0.01621,3,,4,25,43.7092,,3.400074,4,0
2026/04/05 17:20:00,,,,,,,1,0.39461,3,,4,25,46.516,,2.24185,4,0
2026/04/05 17:25:00,,,,,,,1,,3,,4,25,,,,4,0
2026/04/05 17:30:00,,,,,,,1,,3,,4,25,,,,4,0
2026/04/05 17:35:00,,,,,,,1,,3,,4,25,,,,4,0
2026/04/05 17:40:00,,,,,,,1,,3,,4,25,,,,4,0
2026/04/05 17:45:00,,,,,,,1,,3,,4,25,,,,4,0
2026/04/05 17:50:00,,,,,,,1,,3,,4,25,,,,4,0
2026/04/05 17:55:00,,,,,,,1,,3,,4,25,,,,4,0
2026/04/05 18:00:00,,,,,,,1,,3,,4,25,,,,4,0
2026/04/05 18:05:00,,,,,,,1,,3,,4,25,,,,4,0
2026/04/05 18:10:00,,,,,,,1,,3,,4,25,,,,4,0
2026/04/05 18:15:00,,,,,,,1,,3,,4,25,,,,4,0
2026/04/05 18:20:00,,,,,,,1,,3,,4,25,,,,4,0
2026/04/05 18:25:00,,,,,,,1,,3,,4,25,,,,4,0
2026/04/05 18:30:00,,,,,,,1,,3,,4,25,,,,4,0
2026/04/05 18:35:00,,,,,,,1,,3,,4,25,,,,4,0
2026/04/05 18:40:00,,,,,,,1,,3,,4,25,,,,4,0
2026/04/05 18:45:00,,,,,,,1,,3,,4,25,,,,4,0
2026/04/05 18:50:00,,,,,,,1,,3,,4,25,,,,4,0
2026/04/05 18:55:00,,,,,,,1,,3,,4,25,,,,4,0
2026/04/05 19:00:00,,,,,,,1,,3,,4,25,,,,4,0
2026/04/05 19:05:00,,,,,,,1,,3,,4,25,,,,4,0
2026/04/05 19:10:00,,,,,,,1,,3,,4,25,,,,4,0
2026/04/05 19:15:00,,,,,,,1,,3,,4,25,,,,4,0
2026/04/05 19:20:00,,,,,,,0.2,,3,,3.2,5,,,,4,0.8
2026/04/05 19:25:00,,,,,,,0,,3,,3,0,,,,4,1
2026/04/05 19:30:00,,,,,,,0,,3.8,,3.8,0,,,,4,0.2
2026/04/05 19:35:00,,,,,,,0,,4,,4,0,,,,4,0
2026/04/05 19:40:00,,,,,,,0,,4,,4,0,,,,4,0
2026/04/05 19:45:00,,,,,,,0,,4,,4,0,,,,4,0
2026/04/05 19:50:00,,,,,,,0,,4,,4,0,,,,4,0
2026/04/05 19:55:00,,,,,,,0,,4,,4,0,,,,4,0
2026/04/05 20:00:00,,,,,,,0,,4,,4,0,,,,4,0
2026/04/05 20:05:00,,,,,,,0,,4,,4,0,,,,4,0
2026/04/05 20:10:00,,,,,,,0,,4,,4,0,,,,4,0
2026/04/05 20:15:00,,,,,,,0.8,1.22176,3.2,0,4,20,599.8572,0,28.8991,4,0
2026/04/05 20:20:00,,,,,,,1,1.4863959999999998,3,,4,25,704.8993200000001,,49.054948,4,0
2026/04/05 20:25:00,,,,,,,1,0.030876000000000004,3,,4,25,617.1343599999999,,1.0862219999999998,4,0
2026/04/05 20:30:00,,,,,,,1,,3,,4,25,,,,4,0
2026/04/05 20:35:00,,,,,,,1,,3,,4,25,,,,4,0
2026/04/05 20:40:00,,,,,,,1,,3,,4,25,,,,4,0
2026/04/05 20:45:00,,,,,,,1,,3,,4,25,,,,4,0
2026/04/05 20:50:00,,,,,,,1,,3,,4,25,,,,4,0
2026/04/05 20:55:00,,,,,,,1,,3,,4,25,,,,4,0
2026/04/05 21:00:00,,,,,,,1,,3,,4,25,,,,4,0
2026/04/05 21:05:00,,,,,,,1,,3,,4,25,,,,4,0
2026/04/05 21:10:00,,,,,,,1,,3,,4,25,,,,4,0
2026/04/05 21:15:00,,,,,,,1,,3,,4,25,,,,4,0
2026/04/05 21:20:00,,,,,,,1,,3,,4,25,,,,4,0
2026/04/05 21:25:00,,,,,,,1,,3,,4,25,,,,4,0
2026/04/05 21:30:00,,,,,,,1,,3,,4,25,,,,4,0
2026/04/05 21:35:00,,,,,,,1,,3,,4,25,,,,4,0
2026/04/05 21:40:00,,,,,,,1,,3,,4,25,,,,4,0
2026/04/05 21:45:00,,,,,,,1,,3,,4,25,,,,4,0
2026/04/05 21:50:00,,,,,,,1,,3,,4,25,,,,4,0
2026/04/05 21:55:00,,,,,,,1,,3,,4,25,,,,4,0
2026/04/05 22:00:00,,,,,,,1,,3,,4,25,,,,4,0
2026/04/05 22:05:00,,,,,,,1,,3,,4,25,,,,4,0
2026/04/05 22:10:00,,,,,,,1,,3,,4,25,,,,4,0
2026/04/05 22:15:00,,,,,,,1,,3,,4,25,,,,4,0
2026/04/05 22:20:00,,,,,,,1,,3,,4,25,,,,4,0
2026/04/05 22:25:00,,,,,,,1,,3,,4,25,,,,4,0
2026/04/05 22:30:00,,,,,,,0,,3,,3,0,,,,4,1
2026/04/05 22:35:00,,,,,,,0,,3.2,,3.2,0,,,,4,0.8
2026/04/05 22:40:00,,,,,,,0,,4,,4,0,,,,4,0
2026/04/05 22:45:00,,,,,,,0,,4,,4,0,,,,4,0
2026/04/05 22:50:00,,,,,,,0,,4,,4,0,,,,4,0
2026/04/05 22:55:00,,,,,,,0,,4,,4,0,,,,4,0
2026/04/05 23:00:00,,,,,,,0,,4,,4,0,,,,4,0
2026/04/05 23:05:00,,,,,,,0,,4,,4,0,,,,4,0
2026/04/05 23:10:00,,,,,,,0,,4,,4,0,,,,4,0
2026/04/05 23:15:00,,,,,,,0,,4,,4,0,,,,4,0
2026/04/05 23:20:00,,,,,,,0,,4,,4,0,,,,4,0
2026/04/05 23:25:00,,,,,,,0,,4,,4,0,,,,4,0
2026/04/05 23:30:00,,,,,,,0,,4,,4,0,,,,4,0
2026/04/05 23:35:00,,,,,,,0,,4,,4,0,,,,4,0
2026/04/05 23:40:00,,,,,,,0,,4,,4,0,,,,4,0
2026/04/05 23:45:00,,,,,,,0,,4,,4,0,,,,4,0
2026/04/05 23:50:00,,,,,,,0,,4,,4,0,,,,4,0
2026/04/05 23:55:00,,,,,,,0,,4,,4,0,,,,4,0
2026/04/06 00:00:00,,,,,,,0,,4,,4,0,,,,4,0
2026/04/06 00:05:00,,,,,,,0,,4,,4,0,,,,4,0
2026/04/06 00:10:00,,,,,,,0,,4,,4,0,,,,4,0
2026/04/06 00:15:00,,,,,,,0,,4,,4,0,,,,4,0
2026/04/06 00:20:00,,,,,,,0,,4,,4,0,,,,4,0
2026/04/06 00:25:00,,,,,,,0,,4,,4,0,,,,4,0
2026/04/06 00:30:00,,,,,,,0,,4,,4,0,,,,4,0
2026/04/06 00:35:00,,,,,,,0,,4,,4,0,,,,4,0
2026/04/06 00:40:00,,,,,,,0,,4,,4,0,,,,4,0
2026/04/06 00:45:00,,,,,,,0,,4,,4,0,,,,4,0
2026/04/06 00:50:00,,,,,,,0,,4,,4,0,,,,4,0
2026/04/06 00:55:00,,,,,,,0,,4,,4,0,,,,4,0
2026/04/06 01:00:00,,,,,,,0,,4,,4,0,,,,4,0
2026/04/06 01:05:00,,,,,,,0,,4,,4,0,,,,4,0
2026/04/06 01:10:00,,,,,,,0,,4,,4,0,,,,4,0
2026/04/06 01:15:00,,,,,,,0,,4,,4,0,,,,4,0
2026/04/06 01:20:00,,,,,,,0,,4,,4,0,,,,4,0
2026/04/06 01:25:00,,,,,,,0,,4,,4,0,,,,4,0
2026/04/06 01:30:00,,,,,,,0,,4,,4,0,,,,4,0
2026/04/06 01:35:00,,,,,,,0,,4,,4,0,,,,4,0
2026/04/06 01:40:00,,,,,,,0,,4,,4,0,,,,4,0
2026/04/06 01:45:00,,,,,,,0,,4,,4,0,,,,4,0
2026/04/06 01:50:00,,,,,,,0,,4,,4,0,,,,4,0
2026/04/06 01:55:00,,,,,,,0,,4,,4,0,,,,4,0
2026/04/06 02:00:00,,,,,,,0,,4,,4,0,,,,4,0
2026/04/06 02:05:00,,,,,,,0,,4,,4,0,,,,4,0
2026/04/06 02:10:00,,,,,,,0,,4,,4,0,,,,4,0
2026/04/06 02:15:00,,,,,,,0,,4,,4,0,,,,4,0
2026/04/06 02:20:00,,,,,,,0,,4,,4,0,,,,4,0
2026/04/06 02:25:00,,,,,,,0,,4,,4,0,,,,4,0
2026/04/06 02:30:00,,,,,,,0,,4,,4,0,,,,4,0
2026/04/06 02:35:00,,,,,,,0,,4,,4,0,,,,4,0
2026/04/06 02:40:00,,,,,,,0,,4,,4,0,,,,4,0
2026/04/06 02:45:00,,,,,,,0,,4,,4,0,,,,4,0
2026/04/06 02:50:00,,,,,,,0,,4,,4,0,,,,4,0
2026/04/06 02:55:00,,,,,,,0,,4,,4,0,,,,4,0
2026/04/06 03:00:00,,,,,,,0,,4,,4,0,,,,4,0
2026/04/06 03:05:00,,,,,,,0,,4,,4,0,,,,4,0
2026/04/06 03:10:00,,,,,,,0,,4,,4,0,,,,4,0
2026/04/06 03:15:00,,,,,,,0,,4,,4,0,,,,4,0
2026/04/06 03:20:00,,,,,,,0,,4,,4,0,,,,4,0
2026/04/06 03:25:00,,,,,,,0,,4,,4,0,,,,4,0
2026/04/06 03:30:00,,,,,,,0,,4,,4,0,,,,4,0
2026/04/06 03:35:00,,,,,,,0,,4,,4,0,,,,4,0
2026/04/06 03:40:00,,,,,,,0,,4,,4,0,,,,4,0
2026/04/06 03:45:00,,,,,,,0,,4,,4,0,,,,4,0
2026/04/06 03:50:00,,,,,,,0,,4,,4,0,,,,4,0
2026/04/06 03:55:00,,,,,,,0,,4,,4,0,,,,4,0
2026/04/06 04:00:00,,,,,,,0,,4,,4,0,,,,4,0
2026/04/06 04:05:00,,,,,,,0,,4,,4,0,,,,4,0
2026/04/06 04:10:00,,,,,,,0,,4,,4,0,,,,4,0
2026/04/06 04:15:00,,,,,,,0,,4,,4,0,,,,4,0
2026/04/06 04:20:00,,,,,,,0,,4,,4,0,,,,4,0
2026/04/06 04:25:00,,,,,,,0,,4,,4,0,,,,4,0
2026/04/06 04:30:00,,,,,,,0,,4,,4,0,,,,4,0
2026/04/06 04:35:00,,,,,,,0,,4,,4,0,,,,4,0
2026/04/06 04:40:00,,,,,,,0,,4,,4,0,,,,4,0
2026/04/06 04:45:00,,,,,,,0,,4,,4,0,,,,4,0
2026/04/06 04:50:00,,,,,,,0,,4,,4,0,,,,4,0
2026/04/06 04:55:00,,,,,,,0,,4,,4,0,,,,4,0
2026/04/06 05:00:00,,,,,,,0,,4,,4,0,,,,28.8,24.8
2026/04/06 05:05:00,,,,,,,0,,4,,4,0,,,,35,31
2026/04/06 05:10:00,,,,,,,0,,26.2,,26.2,0,,,,35,8.8
2026/04/06 05:15:00,,,,,,,0,,35,,35,0,,,,35,0
2026/04/06 05:20:00,,,,,,,0,,35,,35,0,,,,35,0
2026/04/06 05:25:00,,,,,,,0,,35,,35,0,,,,35,0
2026/04/06 05:30:00,,,,,,,0,,35,,35,0,,,,35,0
2026/04/06 05:35:00,,,,,,,0,,35,,35,0,,,,35,0
2026/04/06 05:40:00,,,,,,,0,,35,,35,0,,,,35,0
2026/04/06 05:45:00,,,,,,,0.2,,34.8,0,35,0.5714285714285714,,0,,35,0
2026/04/06 05:50:00,,,,,,,1,1.992482,34,,35,2.857142857142857,104.74206,,103.849752,35,0
2026/04/06 05:55:00,,,,,,,1,1.368056,34,,35,2.857142857142857,61.46532,,128.73062800000002,35,0
2026/04/06 06:00:00,,,,,,,1,2.5179720000000003,34,,35,2.857142857142857,65.87336,,143.61996399999998,35,0
2026/04/06 06:05:00,,,,,,,1,2.8281719999999995,34,0,35,2.857142857142857,64.28816,0,182.87194,35,0
2026/04/06 06:10:00,,,,,,,1,1.3672,34,,35,2.857142857142857,110.01022,,960.3859419999999,35,0
2026/04/06 06:15:00,,,,,,,1,2.6787733333333335,34,0,35,2.857142857142857,144.23378,0,654.119434,35,0
2026/04/06 06:20:00,,,,,,,1,4.332206,34,,35,2.857142857142857,116.0118,,990.9716259999999,35,0
2026/04/06 06:25:00,,,,,,,1,1.052792,34,,35,2.857142857142857,154.66636000000003,,55.850576000000004,35,0
2026/04/06 06:30:00,,,,,,,1,0.203595,34,,35,2.857142857142857,171.89673333333334,,13.661463333333336,35,0
2026/04/06 06:35:00,,,,,,,1,,34,,35,2.857142857142857,,,,35,0
2026/04/06 06:40:00,,,,,,,1,,34,,35,2.857142857142857,,,,35,0
2026/04/06 06:45:00,,,,,,,1,,34,,35,2.857142857142857,,,,35,0
2026/04/06 06:50:00,,,,,,,1,,34,,35,2.857142857142857,,,,35,0
2026/04/06 06:55:00,,,,,,,1,,34,,35,2.857142857142857,,,,35,0
2026/04/06 07:00:00,,,,,,,1,,34,,35,2.857142857142857,,,,35,0
2026/04/06 07:05:00,,,,,,,1,,34,,35,2.857142857142857,,,,35,0
2026/04/06 07:10:00,,,,,,,1,,34,,35,2.857142857142857,,,,35,0
2026/04/06 07:15:00,,,,,,,1,,34,,35,2.857142857142857,,,,35,0
2026/04/06 07:20:00,,,,,,,1,,34,,35,2.857142857142857,,,,35,0
2026/04/06 07:25:00,,,,,,,1,,34,,35,2.857142857142857,,,,35,0
2026/04/06 07:30:00,,,,,,,1,,33.4,,34.4,2.9075630252100844,,,,34.2,0
2026/04/06 07:35:00,,,,,,,1,,33,,34,2.9411764705882355,,,,33.8,0
2026/04/06 07:40:00,,,,,,,1,,32,,33,3.0303030303030303,,,,33,0
2026/04/06 07:45:00,,,,,,,1,,31.6,,32.6,3.068181818181818,,,,32.4,0
2026/04/06 07:50:00,,,,,,,1,,31,,32,3.125,,,,32,0
2026/04/06 07:55:00,,,,,,,1,,30.4,,31.4,3.1854838709677424,,,,31.2,0
2026/04/06 08:00:00,,,,,,,1,,30,,31,3.225806451612903,,,,30.8,0
2026/04/06 08:05:00,,,,,,,1,,29,,30,3.3333333333333335,,,,30,0
2026/04/06 08:10:00,,,,,,,1,,28.6,,29.6,3.379310344827586,,,,29.4,0
2026/04/06 08:15:00,,,,,,,1,,28,,29,3.4482758620689653,,,,29,0
2026/04/06 08:20:00,,,,,,,1.6,0.9410133333333334,26.6,0,28.2,5.689655172413793,106.6759,0,1.17382,28,0
2026/04/06 08:25:00,,,,,,,2,0,25.8,,27.8,7.195767195767196,42.61788,,0.24225400000000002,27.6,0
2026/04/06 08:30:00,,,,,,,1.6,0,25,,26.6,5.982905982905983,42.731359999999995,,0.0010999999999999998,27,0.4
2026/04/06 08:35:00,,,,,,,1,0,24.6,,25.6,3.907692307692308,44.357440000000004,,0.000006000000000000001,25.4,0.2
2026/04/06 08:40:00,,,,,,,1,0,24,,25,4,46.88844,,0,24.8,0
2026/04/06 08:45:00,,,,,,,1,0,23.2,,24.2,4.133333333333335,42.73568,,0,24,0
2026/04/06 08:50:00,,,,,,,1,0,23,,24,4.166666666666667,44.15924,,0,23.8,0
2026/04/06 08:55:00,,,,,,,1,0,22,,23,4.3478260869565215,40.73504,,0,23,0
2026/04/06 09:00:00,,,,,,,1,0,21.8,,22.8,4.387351778656127,40.3172,,0,22.6,0
2026/04/06 09:05:00,,,,,,,1.2,0,20.8,0,22,5.454545454545455,41.48992,0,0,22,0
2026/04/06 09:10:00,,,,,,,2,0.481086,19.4,0,21.4,9.350649350649352,61.352109999999996,0,11.912054,21.2,0
2026/04/06 09:15:00,,,,,,,2,0,19,,21,9.523809523809524,44.36546,,0.369198,20.8,0
2026/04/06 09:20:00,,,,,,,2,0,18.2,,20.2,9.904761904761905,43.63167,,0.0016880000000000003,20,0
2026/04/06 09:25:00,,,,,,,2,0,17.8,,19.8,10.105263157894736,50.58592,,0.000016000000000000003,19.6,0
2026/04/06 09:30:00,,,,,,,2,0,17,,19,10.526315789473685,47.20948,,0,19,0
2026/04/06 09:35:00,,,,,,,2,0.012264,16.4,,18.4,10.877192982456142,51.2248,,5.122624,18.2,0
2026/04/06 09:40:00,,,,,,,2.8,0.5845642857142856,15.2,0,18,15.555555555555557,84.02865,0,5.5890675000000005,17.8,0
2026/04/06 09:45:00,,,,,,,3,0.9623520000000001,14,,17,17.647058823529413,79.69834,,28.366504,17,0
2026/04/06 09:50:00,,,,,,,3,0.3457,13.8,,16.8,17.86764705882353,72.5543,,13.024097000000001,16.4,0
2026/04/06 09:55:00,,,,,,,3,1.225048,13,,16,18.75,80.61823999999999,,42.199922,16,0
2026/04/06 10:00:00,,,,,,,3,2.629865,12.6,,15.6,19.25,75.43948,,126.00658200000001,15.4,0
2026/04/06 10:05:00,,,,,,,3,0.13219699999999998,12,,15,20,70.47796,,9.562351000000001,15,0
2026/04/06 10:10:00,,,,,,,3,0.0007139999999999999,11.4,,14.4,20.857142857142858,74.38341999999999,,3.236717,14,0
2026/04/06 10:15:00,,,,,,,3,1.0682033333333334,11,,14,21.428571428571427,73.29480000000001,,20.818557,13.8,0
2026/04/06 10:20:00,,,,,,,3,3.310709090909091,10.2,,13.2,22.747252747252748,74.10782,,137.823405,13,0
2026/04/06 10:25:00,,,,,,,3,5.240411999999999,10,,13,23.076923076923077,73.19908000000001,,220.895228,12.6,0
2026/04/06 10:30:00,,,,,,,3,0.6017509999999999,9,,12,25,72.83358000000001,,20.89105,12,0
2026/04/06 10:35:00,,,,,,,3,0.46946000000000004,8.8,,11.8,25.454545454545457,78.22409999999999,,19.013678,11.4,0
2026/04/06 10:40:00,,,,,,,3,0.535577,8,,11,27.272727272727273,70.48088,,34.918815,11,0
2026/04/06 10:45:00,,,,,,,3,0.722062,7.4,,10.4,28.909090909090914,70.67684,,28.36503,10.2,0
2026/04/06 10:50:00,,,,,,,3,0.41341400000000006,7,,10,30,70.95082,,19.094696,9.8,0
2026/04/06 10:55:00,,,,,,,3,0.7648810000000001,6,,9,33.333333333333336,80.9653,,28.892452000000002,9,0
2026/04/06 11:00:00,,,,,,,3,1.384624,5.8,,8.8,34.16666666666667,76.39598000000001,,31.946649,8.4,0
2026/04/06 11:05:00,,,,,,,3,1.8686379999999996,5,,8,37.5,87.06056000000001,,70.00956799999999,8,0
2026/04/06 11:10:00,,,,,,,3,2.0882359999999998,4.4,,7.4,40.714285714285715,68.71651999999999,,56.870197000000005,7.2,0
2026/04/06 11:15:00,,,,,,,3,1.7552142857142858,4,0,7,42.857142857142854,63.40636428571428,0,77.72632214285714,6.8,0
2026/04/06 11:20:00,,,,,,,3,0.435955,3,,6,50,62.58302666666667,,10.019028,6,0
2026/04/06 11:25:00,,,,,,,3,0.20513733333333337,2.6,,5.6,54,68.45182666666666,,11.315359999999998,5.4,0
2026/04/06 11:30:00,,,,,,,3,0.17312199999999997,2,,5,60,65.56205333333332,,7.354957333333332,5,0
2026/04/06 11:35:00,,,,,,,3,0.010411428571428571,2,,5,60,71.48537333333334,,1.293718,5,0
2026/04/06 11:40:00,,,,,,,3,0.7290126666666665,2,,5,60,64.762,,22.036702666666663,5,0
2026/04/06 11:45:00,,,,,,,3,0.8677838461538462,2,0,5,60,66.971775,0,22.868131538461537,5,0
2026/04/06 11:50:00,,,,,,,3,0.8847271428571429,2,,5,60,59.601776923076926,,34.23960923076923,5,0
2026/04/06 11:55:00,,,,,,,3,0.079999,2,,5,60,45.462779999999995,,2.550534,5,0
2026/04/06 12:00:00,,,,,,,3,0.0028759999999999997,2,,5,60,45.39880000000001,,0.03318600000000001,5,0
2026/04/06 12:05:00,,,,,,,3,0.000015000000000000002,2,,5,60,46.478860000000005,,0.00015000000000000001,5,0
2026/04/06 12:10:00,,,,,,,3,0.00329,2,,5,60,46.57434,,0,5,0
2026/04/06 12:15:00,,,,,,,3,0.001781,2,,5,60,44.07502,,0,5,0
2026/04/06 12:20:00,,,,,,,3,0.000012857142857142857,2,,5,60,44.51604285714286,,0,5,0
2026/04/06 12:25:00,,,,,,,3,0,2,,5,60,46.95495999999999,,0,5,0
2026/04/06 12:30:00,,,,,,,3,0,2,,5,60,46.67567999999999,,0,5,0
2026/04/06 12:35:00,,,,,,,3,0.24022800000000002,2,,5,60,43.515040000000006,,9.049378,5,0
2026/04/06 12:40:00,,,,,,,3,0.033828000000000004,2,,5,60,44.91672,,1.191716,5,0
2026/04/06 12:45:00,,,,,,,3,0.00018399999999999997,2,,5,60,45.19824,,0.0055839999999999996,5,0
2026/04/06 12:50:00,,,,,,,3,0,2,,5,60,46.431,,0.000026000000000000002,5,0
2026/04/06 12:55:00,,,,,,,3,0,2,,5,60,46.424400000000006,,0,5,0
2026/04/06 13:00:00,,,,,,,3,0,2,,5,60,40.79688,,0,5,0
2026/04/06 13:05:00,,,,,,,3,0,2,,5,60,45.665440000000004,,0,5,0
2026/04/06 13:10:00,,,,,,,3,0,2,,5,60,45.190960000000004,,0,5,0
2026/04/06 13:15:00,,,,,,,3,0,2,,5,60,45.10208,,0,5,0
2026/04/06 13:20:00,,,,,,,3,0,2,,5,60,43.57451999999999,,0,5,0
2026/04/06 13:25:00,,,,,,,3,0,2,,5,60,45.6738,,0,5,0
2026/04/06 13:30:00,,,,,,,3,0.006181999999999999,2,,5,60,45.73832,,0,5,0
2026/04/06 13:35:00,,,,,,,3,0.000032000000000000005,2,,5,60,47.53828,,0,5,0
2026/04/06 13:40:00,,,,,,,3,0,2,,5,60,45.008720000000004,,0,5,0
2026/04/06 13:45:00,,,,,,,3,0.053278000000000006,2,,5,60,43.62608,,0,5,0
2026/04/06 13:50:00,,,,,,,2.8,0.02879,2,,4.8,58,45.12716,,0.76934,5,0.2
2026/04/06 13:55:00,,,,,,,2,0.00015600000000000005,2,,4,50,45.72712,,0.0036060000000000003,5,1
2026/04/06 14:00:00,,,,,,,2,0,2.2,,4.2,48,44.42024,,0.000018,5,0.8
2026/04/06 14:05:00,,,,,,,2,0.077308,3,,5,40,44.71256,,6.6983440000000005,5,0
2026/04/06 14:10:00,,,,,,,2,1.421046,3,,5,40,46.455,,20.09507,5,0
2026/04/06 14:15:00,,,,,,,2,0.25283200000000006,3,,5,40,44.83316,,8.640778000000001,5,0
2026/04/06 14:20:00,,,,,,,1.4,0.42229600000000006,3,,4.4,31,46.21228,,13.830784,5,0.6
2026/04/06 14:25:00,,,,,,,1,0.012338,3,,4,25,43.289559999999994,,0.504062,5,1
2026/04/06 14:30:00,,,,,,,1,0.00006800000000000001,3.8,,4.8,21,43.728680000000004,,0.0023419999999999995,5,0.2
2026/04/06 14:35:00,,,,,,,1,0,4,,5,20,42.25856,,0.00001,5,0
2026/04/06 14:40:00,,,,,,,1,0,4,,5,20,46.631359999999994,,0,5,0
2026/04/06 14:45:00,,,,,,,1,0,4,,5,20,46.960119999999996,,0,5,0
2026/04/06 14:50:00,,,,,,,1,0,4,,5,20,46.13884,,0,5,0
2026/04/06 14:55:00,,,,,,,1,0,4,,5,20,47.22676,,0,5,0
2026/04/06 15:00:00,,,,,,,1,0,4,,5,20,45.36964,,0,5,0
2026/04/06 15:05:00,,,,,,,1,0.6809360000000001,4,,5,20,46.30328,,17.002298000000003,5,0
2026/04/06 15:10:00,,,,,,,1,0.563014,4,,5,20,46.88152,,21.950144,5,0
2026/04/06 15:15:00,,,,,,,1,0.021808,4,,5,20,42.86768,,0.88354,5,0
2026/04/06 15:20:00,,,,,,,1,0.012652000000000002,4,,5,20,46.28392,,0.004083999999999999,5,0
2026/04/06 15:25:00,,,,,,,1,0.033142,4,,5,20,46.869600000000005,,7.053478,5,0
2026/04/06 15:30:00,,,,,,,1,0.004177999999999999,4,,5,20,46.9708,,0.9274039999999999,5,0
2026/04/06 15:35:00,,,,,,,1,0.000022,4,,5,20,47.07728,,0.004308,5,0
2026/04/06 15:40:00,,,,,,,1,0,4,,5,20,43.0128,,0.000018,5,0
2026/04/06 15:45:00,,,,,,,1,0,4,,5,20,44.9738,,0,5,0
2026/04/06 15:50:00,,,,,,,1,0,4,,5,20,46.94108000000001,,0,5,0
2026/04/06 15:55:00,,,,,,,1,0,4,,5,20,45.97112,,0,5,0
2026/04/06 16:00:00,,,,,,,1,0,4,,5,20,47.722840000000005,,0,5,0
2026/04/06 16:05:00,,,,,,,1,0,4,,5,20,47.69112,,0,5,0
2026/04/06 16:10:00,,,,,,,1,0,4,,5,20,47.01795,,0,5,0
2026/04/06 16:15:00,,,,,,,1,1.5255325,4,0,5,20,47.185175,0,550.14999,5,0
2026/04/06 16:20:00,,,,,,,1,0.542756,4,,5,20,42.29916,,20.241192,5,0
2026/04/06 16:25:00,,,,,,,1,0.0029380000000000005,4,,5,20,42.82848,,0.092628,5,0
2026/04/06 16:30:00,,,,,,,1,0.460874,4,,5,20,44.2958,,6.101936,5,0
2026/04/06 16:35:00,,,,,,,1.6,0.17066874999999998,3.4,0,5,32,88.05264285714286,0,1.0321571428571428,5,0
2026/04/06 16:40:00,,,,,,,2,0.01254111111111111,3,,5,40,75.40335999999999,,0.09084,5,0
2026/04/06 16:45:00,,,,,,,2,0.941938,3,,5,40,50.19076,,28.198629999999998,5,0
2026/04/06 16:50:00,,,,,,,2,0.069724,3,,5,40,44.44842,,2.657143,5,0
2026/04/06 16:55:00,,,,,,,2,0.002043,3,,5,40,43.59664,,0.012446,5,0
2026/04/06 17:00:00,,,,,,,2,0.012294999999999999,3,,5,40,44.90106,,0.382768,5,0
2026/04/06 17:05:00,,,,,,,2,0.000066,3,,5,40,45.20966,,0.0017389999999999999,5,0
2026/04/06 17:10:00,,,,,,,2,0,3,,5,40,46.44364,,0.000008000000000000001,5,0
2026/04/06 17:15:00,,,,,,,2,0.100342,3,,5,40,44.5069,,7.15986,5,0
2026/04/06 17:20:00,,,,,,,2,0.5307959999999999,3,,5,40,45.457440000000005,,16.311801,5,0
2026/04/06 17:25:00,,,,,,,2,1.6050619999999998,3,,5,40,44.35156,,41.184765,5,0
2026/04/06 17:30:00,,,,,,,2,2.084349,3,,5,40,45.14244,,56.971821,5,0
2026/04/06 17:35:00,,,,,,,2,0.5990840000000001,3,,5,40,45.72336,,39.498549,5,0
2026/04/06 17:40:00,,,,,,,2,0.005248,3,,5,40,45.246,,0.29543700000000006,5,0
2026/04/06 17:45:00,,,,,,,2,0.17872285714285716,3,,5,40,43.92354999999999,,3.6635,5,0
2026/04/06 17:50:00,,,,,,,2,,3,,5,40,,,,5,0
2026/04/06 17:55:00,,,,,,,2,,3,,5,40,,,,5,0
2026/04/06 18:00:00,,,,,,,2.4,1.4342599999999999,2.6,0,5,48,259.8462,0,0,5,0
2026/04/06 18:05:00,,,,,,,3,0.5009275,2,,5,60,181.27215999999999,,38.85416,5,0
2026/04/06 18:10:00,,,,,,,3,1.4217140000000001,2,,5,60,166.54712,,71.959382,5,0
2026/04/06 18:15:00,,,,,,,3,0.459455,2,,5,60,139.04685,,11.69288,5,0
2026/04/06 18:20:00,,,,,,,3,,2,,5,60,,,,5,0
2026/04/06 18:25:00,,,,,,,3,,2,,5,60,,,,5,0
2026/04/06 18:30:00,,,,,,,3,,2,,5,60,,,,5,0
2026/04/06 18:35:00,,,,,,,3,,2,,5,60,,,,5,0
2026/04/06 18:40:00,,,,,,,3,,2,,5,60,,,,5,0
2026/04/06 18:45:00,,,,,,,3,,2,,5,60,,,,5,0
2026/04/06 18:50:00,,,,,,,3,,2,,5,60,,,,5,0
2026/04/06 18:55:00,,,,,,,3,,2,,5,60,,,,5,0
2026/04/06 19:00:00,,,,,,,3,,2,,5,60,,,,5,0
2026/04/06 19:05:00,,,,,,,3,,2,,5,60,,,,5,0
2026/04/06 19:10:00,,,,,,,3,,2,,5,60,,,,5,0
2026/04/06 19:15:00,,,,,,,3,,2,,5,60,,,,5,0
2026/04/06 19:20:00,,,,,,,3,,2,,5,60,,,,5,0
2026/04/06 19:25:00,,,,,,,3,,2,,5,60,,,,5,0
2026/04/06 19:30:00,,,,,,,3,,2,,5,60,,,,5,0
2026/04/06 19:35:00,,,,,,,3,,2,,5,60,,,,5,0
2026/04/06 19:40:00,,,,,,,3,,2,,5,60,,,,5,0
2026/04/06 19:45:00,,,,,,,2.6,,2,,4.6,56,,,,5,0.4
2026/04/06 19:50:00,,,,,,,1,,2,,3,33.333333333333336,,,,5,2
2026/04/06 19:55:00,,,,,,,1,,2.6,,3.6,29,,,,5,1.4
2026/04/06 20:00:00,,,,,,,1,,4,,5,20,,,,5,0
2026/04/06 20:05:00,,,,,,,1,,4,,5,20,,,,5,0
2026/04/06 20:10:00,,,,,,,1,,3.8,,4.8,21,,,,4.6,0
2026/04/06 20:15:00,,,,,,,0.8,,3,,3.8,20,,,,4,0.2
2026/04/06 20:20:00,,,,,,,0,,3,,3,0,,,,4,1
2026/04/06 20:25:00,,,,,,,0,,3.4,,3.4,0,,,,4,0.6
2026/04/06 20:30:00,,,,,,,0,,4,,4,0,,,,4,0
2026/04/06 20:35:00,,,,,,,0,,4,,4,0,,,,4,0
2026/04/06 20:40:00,,,,,,,0,,4,,4,0,,,,4,0
2026/04/06 20:45:00,,,,,,,0,,4,,4,0,,,,4,0
2026/04/06 20:50:00,,,,,,,0,,4,,4,0,,,,4,0
2026/04/06 20:55:00,,,,,,,0,,4,,4,0,,,,4,0
2026/04/06 21:00:00,,,,,,,0,,4,,4,0,,,,4,0
2026/04/06 21:05:00,,,,,,,0,,4,,4,0,,,,4,0
2026/04/06 21:10:00,,,,,,,0,,4,,4,0,,,,4,0
2026/04/06 21:15:00,,,,,,,0,,4,,4,0,,,,4,0
2026/04/06 21:20:00,,,,,,,0,,4,,4,0,,,,4,0
2026/04/06 21:25:00,,,,,,,0,,4,,4,0,,,,4,0
2026/04/06 21:30:00,,,,,,,0,,4,,4,0,,,,4,0
2026/04/06 21:35:00,,,,,,,0,,4,,4,0,,,,4,0
2026/04/06 21:40:00,,,,,,,0,,4,,4,0,,,,4,0
2026/04/06 21:45:00,,,,,,,0,,4,,4,0,,,,4,0
2026/04/06 21:50:00,,,,,,,0,,4,,4,0,,,,4,0
2026/04/06 21:55:00,,,,,,,0,,4,,4,0,,,,4,0
2026/04/06 22:00:00,,,,,,,0,,4,,4,0,,,,4,0
2026/04/06 22:05:00,,,,,,,0,,4,,4,0,,,,4,0
2026/04/06 22:10:00,,,,,,,0,,4,,4,0,,,,4,0
2026/04/06 22:15:00,,,,,,,0,,4,,4,0,,,,4,0
2026/04/06 22:20:00,,,,,,,0,,4,,4,0,,,,4,0
2026/04/06 22:25:00,,,,,,,0,,4,,4,0,,,,4,0
2026/04/06 22:30:00,,,,,,,0,,4,,4,0,,,,4,0
2026/04/06 22:35:00,,,,,,,0,,4,,4,0,,,,4,0
2026/04/06 22:40:00,,,,,,,0,,4,,4,0,,,,4,0
2026/04/06 22:45:00,,,,,,,0,,4,,4,0,,,,4,0
2026/04/06 22:50:00,,,,,,,0,,4,,4,0,,,,4,0
2026/04/06 22:55:00,,,,,,,0,,4,,4,0,,,,4,0
2026/04/06 23:00:00,,,,,,,0,,4,,4,0,,,,4,0
2026/04/06 23:05:00,,,,,,,0,,4,,4,0,,,,4,0
2026/04/06 23:10:00,,,,,,,0,,4,,4,0,,,,4,0
2026/04/06 23:15:00,,,,,,,0,,4,,4,0,,,,4,0
2026/04/06 23:20:00,,,,,,,0,,4,,4,0,,,,4,0
2026/04/06 23:25:00,,,,,,,0,,4,,4,0,,,,4,0
2026/04/06 23:30:00,,,,,,,0,,4,,4,0,,,,4,0
2026/04/06 23:35:00,,,,,,,0,,4,,4,0,,,,4,0
2026/04/06 23:40:00,,,,,,,0,,4,,4,0,,,,4,0
2026/04/06 23:45:00,,,,,,,0,,4,,4,0,,,,4,0
2026/04/06 23:50:00,,,,,,,0,,4,,4,0,,,,4,0
2026/04/06 23:55:00,,,,,,,0,,4,,4,0,,,,4,0
2026/04/07 00:00:00,,,,,,,0,,4,,4,0,,,,4,0
2026/04/07 00:05:00,,,,,,,0,,4,,4,0,,,,4,0
2026/04/07 00:10:00,,,,,,,0,,4,,4,0,,,,4,0
2026/04/07 00:15:00,,,,,,,0,,4,,4,0,,,,4,0
2026/04/07 00:20:00,,,,,,,0,,4,,4,0,,,,4,0
2026/04/07 00:25:00,,,,,,,0,,4,,4,0,,,,4,0
2026/04/07 00:30:00,,,,,,,0,,4,,4,0,,,,4,0
2026/04/07 00:35:00,,,,,,,0,,4,,4,0,,,,4,0
2026/04/07 00:40:00,,,,,,,0,,4,,4,0,,,,4,0
2026/04/07 00:45:00,,,,,,,0,,4,,4,0,,,,4,0
2026/04/07 00:50:00,,,,,,,0,,4,,4,0,,,,4,0
2026/04/07 00:55:00,,,,,,,0,,4,,4,0,,,,4,0
2026/04/07 01:00:00,,,,,,,0,,4,,4,0,,,,4,0
2026/04/07 01:05:00,,,,,,,0,,4,,4,0,,,,4,0
2026/04/07 01:10:00,,,,,,,0,,4,,4,0,,,,4,0
2026/04/07 01:15:00,,,,,,,0,,4,,4,0,,,,4,0
2026/04/07 01:20:00,,,,,,,0,,4,,4,0,,,,4,0
2026/04/07 01:25:00,,,,,,,0,,4,,4,0,,,,4,0
2026/04/07 01:30:00,,,,,,,0,,4,,4,0,,,,4,0
2026/04/07 01:35:00,,,,,,,0,,4,,4,0,,,,4,0
2026/04/07 01:40:00,,,,,,,0,,4,,4,0,,,,4,0
2026/04/07 01:45:00,,,,,,,0,,4,,4,0,,,,4,0
2026/04/07 01:50:00,,,,,,,0,,4,,4,0,,,,4,0
2026/04/07 01:55:00,,,,,,,0,,4,,4,0,,,,4,0
2026/04/07 02:00:00,,,,,,,0,,4,,4,0,,,,4,0
2026/04/07 02:05:00,,,,,,,0,,4,,4,0,,,,4,0
2026/04/07 02:10:00,,,,,,,0,,4,,4,0,,,,4,0
2026/04/07 02:15:00,,,,,,,0,,4,,4,0,,,,4,0
2026/04/07 02:20:00,,,,,,,0,,4,,4,0,,,,4,0
2026/04/07 02:25:00,,,,,,,0,,4,,4,0,,,,4,0
2026/04/07 02:30:00,,,,,,,0,,4,,4,0,,,,4,0
2026/04/07 02:35:00,,,,,,,0,,4,,4,0,,,,4,0
2026/04/07 02:40:00,,,,,,,0,,4,,4,0,,,,4,0
2026/04/07 02:45:00,,,,,,,0,,4,,4,0,,,,4,0
2026/04/07 02:50:00,,,,,,,0,,4,,4,0,,,,4,0
2026/04/07 02:55:00,,,,,,,0,,4,,4,0,,,,4,0
2026/04/07 03:00:00,,,,,,,0,,4,,4,0,,,,4,0
2026/04/07 03:05:00,,,,,,,0,,4,,4,0,,,,4,0
2026/04/07 03:10:00,,,,,,,0,,4,,4,0,,,,4,0
2026/04/07 03:15:00,,,,,,,0,,4,,4,0,,,,4,0
2026/04/07 03:20:00,,,,,,,0,,4,,4,0,,,,4,0
2026/04/07 03:25:00,,,,,,,0,,4,,4,0,,,,4,0
2026/04/07 03:30:00,,,,,,,0,,4,,4,0,,,,4,0
2026/04/07 03:35:00,,,,,,,0,,4,,4,0,,,,4,0
2026/04/07 03:40:00,,,,,,,0,,4,,4,0,,,,4,0
2026/04/07 03:45:00,,,,,,,0,,4,,4,0,,,,4,0
2026/04/07 03:50:00,,,,,,,0,,4,,4,0,,,,4,0
2026/04/07 03:55:00,,,,,,,0,,4,,4,0,,,,4,0
2026/04/07 04:00:00,,,,,,,0,,4,,4,0,,,,4,0
2026/04/07 04:05:00,,,,,,,0,,4,,4,0,,,,4,0
2026/04/07 04:10:00,,,,,,,0,,4,,4,0,,,,4,0
2026/04/07 04:15:00,,,,,,,0,,4,,4,0,,,,4,0
2026/04/07 04:20:00,,,,,,,0,,4,,4,0,,,,4,0
2026/04/07 04:25:00,,,,,,,0,,4,,4,0,,,,4,0
2026/04/07 04:30:00,,,,,,,0,,4,,4,0,,,,4,0
2026/04/07 04:35:00,,,,,,,0,,4,,4,0,,,,4,0
2026/04/07 04:40:00,,,,,,,0,,4,,4,0,,,,4,0
2026/04/07 04:45:00,,,,,,,0,,4,,4,0,,,,4,0
2026/04/07 04:50:00,,,,,,,0,,4,,4,0,,,,4,0
2026/04/07 04:55:00,,,,,,,0,,4,,4,0,,,,4,0
2026/04/07 05:00:00,,,,,,,0,,4,,4,0,,,,28.8,24.8
2026/04/07 05:05:00,,,,,,,0,,4,,4,0,,,,35,31
2026/04/07 05:10:00,,,,,,,0,,29.8,,29.8,0,,,,35,5.2
2026/04/07 05:15:00,,,,,,,0,,35,,35,0,,,,35,0
2026/04/07 05:20:00,,,,,,,0,,35,,35,0,,,,35,0
2026/04/07 05:25:00,,,,,,,0.6,1.6402,34.4,0,35,1.7142857142857142,145.30475,0,1.09972,35,0
2026/04/07 05:30:00,,,,,,,1,1.2558399999999998,34,,35,2.857142857142857,88.09384000000001,,84.75441599999999,35,0
2026/04/07 05:35:00,,,,,,,1,2.3112440000000003,34,,35,2.857142857142857,97.31620000000001,,301.545546,35,0
2026/04/07 05:40:00,,,,,,,1,1.238776,34,,35,2.857142857142857,86.75739999999999,,109.668254,35,0
2026/04/07 05:45:00,,,,,,,1,5.079788,34,,35,2.857142857142857,98.63416000000001,,171.210066,35,0
2026/04/07 05:50:00,,,,,,,1.6,2.8567314285714285,33.4,0,35,4.571428571428571,152.01180000000002,0,105.05469000000001,35,0
2026/04/07 05:55:00,,,,,,,3.8,1.9143477777777775,31.2,0,35,10.857142857142858,168.69029411764708,0,68.11023176470587,35,0
2026/04/07 06:00:00,,,,,,,4.8,2.6090652173913043,30.2,0,35,13.714285714285714,64.25901818181818,0,90.52440863636365,35,0
2026/04/07 06:05:00,,,,,,,7,1.2682271875,28,0,35,20,70.29799999999999,0,48.128752647058825,35,0
2026/04/07 06:10:00,,,,,,,8.4,0.4704071794871795,26.6,0,35,24.000000000000007,427.8634325,0,19.6340315,35,0
2026/04/07 06:15:00,,,,,,,9.8,0.6418491111111112,25.2,0,35,28,470.7398227272728,0,34.30325318181818,35,0
2026/04/07 06:20:00,,,,,,,10.2,0.8810588636363637,23.8,0,34,30,289.1424511111111,0,36.21462088888889,35,1
2026/04/07 06:25:00,,,,,,,11.8,0.9239898181818181,22.4,0,34.2,34.50420168067227,44.32645849056604,0,36.07996245283019,35,0.8
2026/04/07 06:30:00,,,,,,,13,0.39269948275862065,22,0,35,37.142857142857146,589.1697631578947,0,14.342829649122807,35,0
2026/04/07 06:35:00,,,,,,,18,0.4492388888888889,17,0,35,51.42857142857143,647.0190425000001,0,19.0603195,35,0
2026/04/07 06:40:00,,,,,,,21.2,0.7201053535353535,13.8,0,35,60.57142857142857,674.932994949495,0,43.51216888888889,35,0
2026/04/07 06:45:00,,,,,,,22,0.7961835576923076,13,0,35,62.857142857142854,480.0407352380952,0,51.37886628571429,36.6,1.6
2026/04/07 06:50:00,,,,,,,24,0.8856775892857142,11,0,35,68.57142857142858,131.17080089285716,0,44.032693035714296,39,4
2026/04/07 06:55:00,,,,,,,25,1.0308928925619834,11.6,,36.6,68.4981684981685,342.637345,,47.79545208333333,41.6,5
2026/04/07 07:00:00,,,,,,,27.2,0.5554234328358209,11.8,0,39,69.74358974358975,124.42184511278195,0,20.400413533834588,42,3
2026/04/07 07:05:00,,,,,,,28.8,1.0075366906474819,12.6,0,41.4,69.56329849012778,450.0652595744682,0,40.74490468085106,43.2,1.8
2026/04/07 07:10:00,,,,,,,32.4,0.8777898026315791,9.6,0,42,77.14285714285714,532.3718559210525,0,56.17518243421053,50.8,8.8
2026/04/07 07:15:00,,,,,,,34.6,0.8357139506172839,9,0,43.6,79.48051948051948,236.6607395209581,0,38.56470634730539,56,12.4
2026/04/07 07:20:00,,,,,,,37.2,0.760950625,13,0,50.2,74.13681164773602,69.67044357541899,0,39.47521905027933,57,6.8
2026/04/07 07:25:00,,,,,,,37.8,0.7112742307692308,16.8,0,54.6,69.26588226588225,198.60904480874316,0,36.62083681318681,57,2.4
2026/04/07 07:30:00,,,,,,,38.8,0.9982848333333334,17.8,0,56.6,68.55263157894737,228.38223661202187,0,51.21857464480874,57,0.4
2026/04/07 07:35:00,,,,,,,39.2,0.6948679661016949,17.8,0,57,68.7719298245614,51.59062568306011,0,54.314580054644814,66,9
2026/04/07 07:40:00,,,,,,,40.4,0.6631768817204301,16.4,0,56.8,71.12781954887218,53.458946596858645,0,35.05206785340314,66.8,10
2026/04/07 07:45:00,,,,,,,42,0.6045986315789473,21.8,0,63.8,65.86701434159062,59.33355473684211,0,36.81666726315789,68.8,5
2026/04/07 07:50:00,,,,,,,45,0.6924935576923077,21.4,0,66.4,67.7932734517458,72.8161961352657,0,45.600542766990294,69,2.6
2026/04/07 07:55:00,,,,,,,45.6,0.7034514150943395,23.4,0,69,66.08695652173914,51.98358672985782,0,35.73164156398104,71.4,2.4
2026/04/07 08:00:00,,,,,,,46,0.6095306132075471,23,0,69,66.66666666666667,70.64487547169811,0,26.38775853773585,75,6
2026/04/07 08:05:00,,,,,,,46,0.7439383644859813,24,0,70,65.77136800666213,110.94617981651375,0,57.35407293577981,75,5
2026/04/07 08:10:00,,,,,,,47,0.6918392951541849,27,0,74,63.51351351351352,73.67216071428572,0,53.758778258928565,75,1
2026/04/07 08:15:00,,,,,,,47.4,0.4745876991150442,26.2,0,73.6,64.39837097371344,77.4997296460177,0,30.530744755555556,75,1.4
2026/04/07 08:20:00,,,,,,,48,0.9547217333333334,26.2,0,74.2,64.6918918918919,75.53763464912281,0,67.01639692982457,75,0.8
2026/04/07 08:25:00,,,,,,,48,1.1740319819819818,27,0,75,64,65.60038430493275,0,76.16081367713005,75,0
2026/04/07 08:30:00,,,,,,,48,0.8176819196428572,27,0,75,64,257.76160446428577,0,48.76590744394619,75,0
2026/04/07 08:35:00,,,,,,,47.8,0.7002370560747664,26.6,0,74.4,64.24864864864864,115.22319671361501,0,62.08949497652582,75,0.6
2026/04/07 08:40:00,,,,,,,48.4,0.7308932857142858,25.6,0,74,65.4054054054054,87.86396238095239,0,30.906755190476186,75,1
2026/04/07 08:45:00,,,,,,,49.8,1.1820635454545456,25,0,74.8,66.57657657657658,73.37367214611871,0,89.09234298165136,75,0.2
2026/04/07 08:50:00,,,,,,,50.2,0.7571446017699116,24.8,0,75,66.93333333333334,67.75693407079646,0,52.62520491150443,75,0
2026/04/07 08:55:00,,,,,,,51,0.8599541850220264,24,0,75,68,69.23694977777778,0,42.56387942222222,75,0
2026/04/07 09:00:00,,,,,,,53,0.9461166244725738,22,0,75,70.66666666666667,70.79637268907564,0,72.24113684873952,75,0
2026/04/07 09:05:00,,,,,,,53,0.8276378059071728,22,,75,70.66666666666667,57.91842447257384,,39.86964561181434,75,0
2026/04/07 09:10:00,,,,,,,52.4,0.7425625991189427,21.6,0,74,70.8108108108108,93.74172478260869,0,31.809974956521742,75,1
2026/04/07 09:15:00,,,,,,,53.2,0.8946243913043477,21,0,74.2,71.6972972972973,59.681863478260865,0,57.82938778260869,75,0.8
2026/04/07 09:20:00,,,,,,,54,1.0466618859649124,21,0,75,72,65.13533421052631,0,64.86081157894736,75,0
2026/04/07 09:25:00,,,,,,,53.6,0.9252727391304347,21,0,74.6,71.84864864864865,91.28498826086955,0,45.333866391304355,75,0.4
2026/04/07 09:30:00,,,,,,,53,0.5908285531914893,21,0,74,71.62162162162163,211.49632758620686,0,82.4873187826087,75,1
2026/04/07 09:35:00,,,,,,,53,0.6958768085106383,21.6,0,74.6,71.04864864864865,168.25679106382978,0,61.60715995744681,75,0.4
2026/04/07 09:40:00,,,,,,,53,0.8957604721030044,22,,75,70.66666666666667,125.4861719148936,,44.72137817021277,75,0
2026/04/07 09:45:00,,,,,,,53,0.7764318666666666,22,,75,70.66666666666667,93.44020704845816,,34.86345136563877,75,0
2026/04/07 09:50:00,,,,,,,53,0.758441210762332,22,0,75,70.66666666666667,91.08085112107624,0,55.76918735426009,75,0
2026/04/07 09:55:00,,,,,,,53,0.8522955251141553,22,,75,70.66666666666667,101.50524454545454,,47.38469236363637,75,0
2026/04/07 10:00:00,,,,,,,52.2,0.7149263033175356,22,,74.2,70.3473775145008,68.72013364485981,,41.469253130841125,75,0.8
2026/04/07 10:05:00,,,,,,,51,0.6267159313725489,22,0,73,69.86301369863014,116.76347363184078,0,60.44109880597014,75,2
2026/04/07 10:10:00,,,,,,,51,0.5579609693877551,23.2,0,74.2,68.7401703072936,57.40894183673469,0,86.03339535714287,75,0.8
2026/04/07 10:15:00,,,,,,,50.8,0.5997167336683418,24,,74.8,67.91351351351351,57.197004500000006,,51.2219271,75,0.2
2026/04/07 10:20:00,,,,,,,49.6,0.5793066666666666,24,,73.6,67.3898556090337,50.25006051282051,,32.25024384615385,75,1.4
2026/04/07 10:25:00,,,,,,,48.4,0.5941968556701032,24.2,0,72.6,66.66666666666667,55.23679639175258,0,51.05557680412372,75,2.4
2026/04/07 10:30:00,,,,,,,47.8,0.6934746842105263,24.6,0,72.4,66.01978691019787,56.49975520833334,0,41.45840635416666,75,2.6
2026/04/07 10:35:00,,,,,,,46.2,0.5719594021739131,26,0,72.2,63.98224966235772,58.33351081081082,0,34.78038605405405,75,2.8
2026/04/07 10:40:00,,,,,,,44,0.48520441717791407,27.4,0,71.4,61.63246143527833,58.33108588957055,0,56.688127987804876,75,3.6
2026/04/07 10:45:00,,,,,,,44,0.3373583552631579,29.4,0,73.4,59.95703648854334,60.64777402597402,0,16.881433202614378,75,1.6
2026/04/07 10:50:00,,,,,,,43.2,0.3723648920863309,31,0,74.2,58.21981981981982,59.47792086330936,0,34.880799712230214,75,0.8
2026/04/07 10:55:00,,,,,,,43,0.3904961240310077,31,0,74,58.108108108108105,95.13331603053435,0,24.43419564885496,75,1
2026/04/07 11:00:00,,,,,,,43,0.412154537815126,32,0,75,57.333333333333336,73.41016186440679,0,33.92071211864407,75,0
2026/04/07 11:05:00,,,,,,,42,0.31934574074074074,32,0,74,56.75043810934223,63.53332072072072,0,32.44301045045045,75,1
2026/04/07 11:10:00,,,,,,,41,0.15489844660194174,32,0,73,56.164383561643845,62.371937864077665,0,16.153490097087378,75,2
2026/04/07 11:15:00,,,,,,,41,0.11430817307692308,33.4,0,74.4,55.11395779340985,64.22605192307692,0,30.464087572815533,75,0.6
2026/04/07 11:20:00,,,,,,,41,0.26822357142857145,34,0,75,54.666666666666664,63.350414,0,25.466377700000002,75,0
2026/04/07 11:25:00,,,,,,,41,0.4084927173913044,34,0,75,54.666666666666664,278.85596555555554,0,69.898908021978,75,0
2026/04/07 11:30:00,,,,,,,41,0.6988426923076922,34,0,75,54.666666666666664,58.62524444444445,0,60.614095185185185,75,0
2026/04/07 11:35:00,,,,,,,41,0.7049634177215189,34,0,75,54.666666666666664,64.63404810126582,0,47.317714050632915,75,0
2026/04/07 11:40:00,,,,,,,41,0.6934584415584415,34,0,75,54.666666666666664,448.0525662337662,0,62.47436794871794,75,0
2026/04/07 11:45:00,,,,,,,40.2,0.29186027777777773,34,0,74.2,54.17657657657658,98.4122338028169,0,51.17385285714286,75,0.8
2026/04/07 11:50:00,,,,,,,40,0.2523163235294118,34,,74,54.05405405405405,571.0445882352941,,16.626373913043476,75,1
2026/04/07 11:55:00,,,,,,,40,0.30068554054054053,35,0,75,53.333333333333336,464.4022041666666,0,100.53453583333334,75,0
2026/04/07 12:00:00,,,,,,,40,0.24651170731707317,35,0,75,53.333333333333336,617.4513975,0,32.854691,75,0
2026/04/07 12:05:00,,,,,,,40,0.26245506329113927,35,0,75,53.333333333333336,265.8193675,0,30.58264975,75,0
2026/04/07 12:10:00,,,,,,,40,0.9085113333333333,35,0,75,53.333333333333336,613.2850776315789,0,115.05561565789475,75,0
2026/04/07 12:15:00,,,,,,,40,1.2539128888888889,35,0,75,53.333333333333336,1043.5688786516855,0,116.42586609195402,75,0
2026/04/07 12:20:00,,,,,,,40,1.0961819999999998,35,0,75,53.333333333333336,997.5510958333331,0,159.01807322916667,75,0
2026/04/07 12:25:00,,,,,,,40,0.6373271171171172,35,0,75,53.333333333333336,739.2342072727271,0,71.30646636363637,75,0
2026/04/07 12:30:00,,,,,,,38.8,0.6807752991452992,35,0,73.8,52.57312106627175,345.0985717948718,0,72.65346794871795,75,1.2
2026/04/07 12:35:00,,,,,,,39,0.7002552459016393,34.2,0,73.2,53.27656423546834,115.66013902439022,0,35.90910317073171,75,1.8
2026/04/07 12:40:00,,,,,,,39.4,0.5412290076335877,34.4,0,73.8,53.38763420955202,257.2201389312977,0,64.40812976923077,75,1.2
2026/04/07 12:45:00,,,,,,,39,0.528138046875,35,0,74,52.702702702702695,340.8970736434108,0,45.68239294573643,75,1
2026/04/07 12:50:00,,,,,,,38.4,0.8694231007751938,35.8,,74.2,51.75135135135135,52.33543846153846,,48.30964446153847,75,0.8
2026/04/07 12:55:00,,,,,,,38.4,0.49499804511278195,35.2,0,73.6,52.17326915957053,95.17397175572519,0,80.62222465648856,75,1.4
2026/04/07 13:00:00,,,,,,,37.6,0.2838893129770992,35.4,0,73,51.50684931506849,50.33625151515152,0,27.54257045454545,75,2
2026/04/07 13:05:00,,,,,,,38,0.8486297202797203,35.6,0,73.6,51.63272861902999,54.82333862068965,0,45.255862620689655,75,1.4
2026/04/07 13:10:00,,,,,,,37.6,0.9007655862068965,36.8,,74.4,50.53693693693693,55.05350482758621,,36.093966758620695,75,0.6
2026/04/07 13:15:00,,,,,,,37,0.6832520000000001,37,,74,50,52.456293793103455,,31.81220137931034,75,1
2026/04/07 13:20:00,,,,,,,37,1.214333103448276,36.8,,73.8,50.15586854460095,50.69779310344827,,65.93952262068964,73.4,0.4
2026/04/07 13:25:00,,,,,,,37,0.9819463194444444,34,,71,52.11267605633803,159.01515972222225,,50.33602465277778,71,0
2026/04/07 13:30:00,,,,,,,35.4,0.7126109489051096,34,,69.4,51.006211180124225,368.49787883211684,,39.57698364963504,71,1.6
2026/04/07 13:35:00,,,,,,,35,0.6633031724137931,34.2,0,69.2,50.57971014492754,286.44443611111114,0,62.53279173611111,71,1.8
2026/04/07 13:40:00,,,,,,,34.8,0.39050524137931036,35.8,,70.6,49.291750503018115,115.70094620689656,,24.399094896551727,71,0.4
2026/04/07 13:45:00,,,,,,,34.6,0.6876709027777778,33.8,0,68.4,50.64069264069264,101.42552013888888,0,34.8959088888889,67.8,0.6
2026/04/07 13:50:00,,,,,,,35.4,0.5575210273972604,31,0,66.4,53.310719131614654,246.8799753424658,0,27.234619523809528,67,0.6
2026/04/07 13:55:00,,,,,,,35.6,0.6672634057971016,31,0,66.6,53.446613088404135,172.6754309859155,0,33.22693034965035,67,0.4
2026/04/07 14:00:00,,,,,,,34.2,0.6318269230769231,30.8,0,65,52.61538461538462,58.713813740458015,0,49.121507022900765,67,2
2026/04/07 14:05:00,,,,,,,35,0.6880300746268655,30.6,0,65.6,53.36151410778276,50.03521865671642,0,47.937094621212125,67,1.4
2026/04/07 14:10:00,,,,,,,35,1.0775623529411766,32,,67,52.238805970149244,50.05145441176471,,61.606567555555564,67,0
2026/04/07 14:15:00,,,,,,,35.8,1.3673490977443608,31.2,0,67,53.43283582089551,57.31066268656716,0,76.36927507462687,67,0
2026/04/07 14:20:00,,,,,,,35,0.7156989552238805,31,,66,53.030303030303024,54.01424222222222,,32.20147192592593,67,1
2026/04/07 14:25:00,,,,,,,35.2,0.3760008148148148,31,0,66.2,53.17051108095884,56.35211555555555,0,16.227440666666666,67,0.8
2026/04/07 14:30:00,,,,,,,36,0.5349097841726618,31,0,67,53.73134328358209,58.293093571428564,0,23.149885579710144,67,0
2026/04/07 14:35:00,,,,,,,37,0.5318705806451614,30,0,67,55.22388059701493,64.50301225806452,0,39.59031103448276,67,0
2026/04/07 14:40:00,,,,,,,37.2,0.4961804285714286,29,,66.2,56.191768430574406,58.24862928571428,,20.801410740740742,67,0.8
2026/04/07 14:45:00,,,,,,,37,1.0250663076923077,29,,66,56.06060606060606,53.78339230769231,,48.89993392307693,67,1
2026/04/07 14:50:00,,,,,,,37,1.0259490697674416,29.8,,66.8,55.391225689733155,52.71757692307692,,48.97590576923077,67,0.2
2026/04/07 14:55:00,,,,,,,37,1.1557756390977445,30,0,67,55.22388059701493,51.26846240601503,0,102.93954007518798,67,0
2026/04/07 15:00:00,,,,,,,36.4,0.91857,30,,66.4,54.816824966078705,57.504478125,,27.355942890625002,67,0.6
2026/04/07 15:05:00,,,,,,,36,0.79805712,30,0,66,54.54545454545455,54.4814512,0,17.21600968,67,1
2026/04/07 15:10:00,,,,,,,36,1.1095984732824429,30.6,0,66.6,54.05698778833107,61.70780610687024,0,76.05143671755725,67,0.4
2026/04/07 15:15:00,,,,,,,35.4,1.2497627819548873,31,,66.4,53.310719131614654,56.90322706766918,,61.02697751879699,67,0.6
2026/04/07 15:20:00,,,,,,,34.4,1.0547431896551724,31,0,65.4,52.596736596736605,61.661505982905986,0,33.260431452991455,67,1.6
2026/04/07 15:25:00,,,,,,,34,0.8859375652173914,31.8,,65.8,51.673659673659664,56.39795862068966,,29.697506869565213,67,1.2
2026/04/07 15:30:00,,,,,,,32.6,0.9918544329896907,32.8,,65.4,49.841491841491845,57.84918400000001,,40.525030495049506,67,1.6
2026/04/07 15:35:00,,,,,,,32,0.5190657777777777,33,,65,49.23076923076923,59.34160659340659,,12.842288791208793,67,2
2026/04/07 15:40:00,,,,,,,30.4,0.27322162790697674,33,0,63.4,47.98433977224961,55.64757816091954,0,9.354122068965516,64,1.2
2026/04/07 15:45:00,,,,,,,29.8,0.26024581395348834,30.6,0,60.4,49.33879781420765,52.35141627906976,0,6.006637209302325,62,1.6
2026/04/07 15:50:00,,,,,,,30,0.4107364130434783,27.8,0,57.8,51.97892271662763,51.57303111111111,0,12.271544666666667,57,0.6
2026/04/07 15:55:00,,,,,,,29.8,0.7989810638297872,26.6,0,56.4,52.838345864661655,56.68950106382979,0,73.43348904255319,57,0.6
2026/04/07 16:00:00,,,,,,,27.2,0.6818223809523809,27,0,54.2,50.1680960548885,63.29682209302326,0,44.076961046511634,57,2.8
2026/04/07 16:05:00,,,,,,,26,0.628576265060241,27.4,,53.4,48.699828473413376,73.48719036144578,,26.418516219512195,57,3.6
2026/04/07 16:10:00,,,,,,,26,1.2392234666666666,30.2,,56.2,46.27751196172248,63.46206842105263,,37.262528289473686,57,0.8
2026/04/07 16:15:00,,,,,,,26,1.4096094285714287,29.8,,55.8,46.609250398724086,55.11210857142857,,77.94246214285714,55,0
2026/04/07 16:20:00,,,,,,,25.6,1.2657710447761195,29,,54.6,46.882154882154886,68.60224647887324,,60.189899154929584,54.4,0.2
2026/04/07 16:25:00,,,,,,,25,1.2646225373134328,26,0,51,49.01960784313726,58.454920895522385,0,85.5546352238806,52,1
2026/04/07 16:30:00,,,,,,,24.6,1.817885692307692,25,,49.6,49.62338781666513,52.7049076923077,,80.51332707692308,50.2,0.6
2026/04/07 16:35:00,,,,,,,23.4,1.711430909090909,24,,47.4,49.36170212765957,62.44459384615384,,71.35594107692307,48.2,1.2
2026/04/07 16:40:00,,,,,,,21.2,1.2733580701754388,21.6,,42.8,49.502164502164504,74.83753157894738,,65.55624052631579,45,2.2
2026/04/07 16:45:00,,,,,,,20,1.3341133333333333,22,0,42,47.61904761904762,80.2344607142857,0,99.04400767857145,45,3
2026/04/07 16:50:00,,,,,,,20,0.8495740384615384,24.2,,44.2,45.26192154099131,64.32059038461539,,35.32832038461539,45,0.8
2026/04/07 16:55:00,,,,,,,20,0.9408558823529412,24.6,0,44.6,44.8578811369509,60.65058431372549,0,97.96395559999999,43.8,0
2026/04/07 17:00:00,,,,,,,20,0.8556358333333334,23,0,43,46.51162790697674,70.63948958333334,0,93.25008708333333,43,0
2026/04/07 17:05:00,,,,,,,19,1.120421282051282,22.2,,41.2,46.120789779326365,66.462165,,56.2692725,41,0
2026/04/07 17:10:00,,,,,,,19,0.616812,22,,41,46.34146341463415,66.87530857142858,,31.281820000000003,40.2,0
2026/04/07 17:15:00,,,,,,,19,1.4105962857142855,20,,39,48.717948717948715,74.96550857142857,,76.83518942857143,39,0
2026/04/07 17:20:00,,,,,,,18,2.483161714285714,19.2,,37.2,48.421052631578945,90.84528571428571,,129.86328742857145,37.8,0.8
2026/04/07 17:25:00,,,,,,,18,3.588465333333333,18.4,,36.4,49.45945945945946,59.15787419354839,,190.48745580645158,37,0.6
2026/04/07 17:30:00,,,,,,,16.6,2.186512,18.2,,34.8,47.625833625833614,59.932186666666674,,113.39214433333333,36,1.4
2026/04/07 17:35:00,,,,,,,14.6,1.7408921428571429,18,,32.6,44.77272727272727,61.48596,,92.75585266666667,35.2,2.6
2026/04/07 17:40:00,,,,,,,14,1.3523963999999997,16.8,,30.8,45.46236559139785,60.43120000000001,,80.4186248,32,1.2
2026/04/07 17:45:00,,,,,,,14,1.1178591999999998,16.4,,30.4,46.064516129032256,68.402992,,60.9433564,30.4,0.2
2026/04/07 17:50:00,,,,,,,14,0.4832456521739131,16,,30,46.666666666666664,61.46998260869565,,34.19391043478261,29.8,0
2026/04/07 17:55:00,,,,,,,14,0,15,,29,48.275862068965516,72.84806499999999,,5.000000000000001e-7,29,0
2026/04/07 18:00:00,,,,,,,14,0.030287999999999995,14.6,,28.6,48.96551724137931,72.05188,,2.28276,28.4,0
2026/04/07 18:05:00,,,,,,,13.4,0.004136,14,,27.4,48.88888888888889,83.93097333333331,,0.29544533333333334,28,0.6
2026/04/07 18:10:00,,,,,,,13,0.00002266666666666667,12.8,,25.8,50.45925925925926,65.69184,,0.0013273333333333334,26.4,0.8
2026/04/07 18:15:00,,,,,,,12,0.01642333333333333,12.8,,24.8,48.4,70.73384,,0.000006,26,1.2
2026/04/07 18:20:00,,,,,,,12,0.030459999999999997,12.2,,24.2,49.6,85.7288,,0,24,0
2026/04/07 18:25:00,,,,,,,11.4,0.00019000000000000004,11.8,,23.2,49.1304347826087,77.19056153846154,,0,23.2,0.2
2026/04/07 18:30:00,,,,,,,11,0.0000010000000000000002,11,,22,50,89.57964000000001,,0,22,0
2026/04/07 18:35:00,,,,,,,11,0,10.4,,21.4,51.42857142857142,104.38385714285714,,0,21.2,0
2026/04/07 18:40:00,,,,,,,10.2,0,10,,20.2,50.476190476190474,83.68504,,0,21,0.8
2026/04/07 18:45:00,,,,,,,9.4,0,10.2,,19.6,47.94736842105264,88.3232,,0,21,1.4
2026/04/07 18:50:00,,,,,,,8.4,,11,,19.4,43.26315789473684,,,,21,1.6
2026/04/07 18:55:00,,,,,,,8,,11.6,,19.6,40.8421052631579,,,,19.8,0.4
2026/04/07 19:00:00,,,,,,,8,,11,,19,42.10526315789474,,,,19,0
2026/04/07 19:05:00,,,,,,,7,,10.2,,17.2,40.71895424836602,,,,18,0.8
2026/04/07 19:10:00,,,,,,,6,,9,,15,40.142857142857146,,,,15.6,0.8
2026/04/07 19:15:00,,,,,,,6,,9,,15,40,,,,14.8,0
2026/04/07 19:20:00,,,,,,,6,,8,,14,42.857142857142854,,,,14,0
2026/04/07 19:25:00,,,,,,,5.2,,7.8,,13,39.98168498168498,,,,13.4,0.4
2026/04/07 19:30:00,,,,,,,5,,6.6,,11.6,43.33333333333333,,,,12.2,0.8
2026/04/07 19:35:00,,,,,,,5,,6,,11,45.45454545454545,,,,11,0
2026/04/07 19:40:00,,,,,,,5,,5.4,,10.4,48.18181818181818,,,,10.2,0
2026/04/07 19:45:00,,,,,,,5,,5,,10,50,,,,10,0
2026/04/07 19:50:00,,,,,,,4.6,,4.2,,8.8,52.222222222222214,,,,9,0.4
2026/04/07 19:55:00,,,,,,,4.4,0.50419,3.6,0,8,55,224.91469999999998,0,0,9,1
2026/04/07 20:00:00,,,,,,,4,1.4716014285714285,3.8,0,7.8,51.42857142857142,136.78527142857143,0,89.1025775,9,1.2
2026/04/07 20:05:00,,,,,,,4,3.88264,4.2,,8.2,48.88888888888889,90.83073333333334,,81.39157333333334,9,0.8
2026/04/07 20:10:00,,,,,,,4,,5,,9,44.44444444444444,,,,9,0
2026/04/07 20:15:00,,,,,,,4,,5,,9,44.44444444444444,,,,9,0
2026/04/07 20:20:00,,,,,,,4,,5,,9,44.44444444444444,,,,9,0
2026/04/07 20:25:00,,,,,,,3.6,,4.6,,8.2,43.80952380952381,,,,8.2,0.4
2026/04/07 20:30:00,,,,,,,3,,4,,7,42.857142857142854,,,,7.6,0.8
2026/04/07 20:35:00,,,,,,,2.4,,3,,5.4,44,,,,6,0.6
2026/04/07 20:40:00,,,,,,,2,,3,,5,40,,,,6,1
2026/04/07 20:45:00,,,,,,,1.2,,4,,5.2,22.666666666666668,,,,6,0.8
2026/04/07 20:50:00,,,,,,,1,,3.6,,4.6,22.666666666666668,,,,5.2,0.8
2026/04/07 20:55:00,,,,,,,1,,3,,4,25,,,,4,0
2026/04/07 21:00:00,,,,,,,1,,3,,4,25,,,,4,0
2026/04/07 21:05:00,,,,,,,1,,3,,4,25,,,,4,0
2026/04/07 21:10:00,,,,,,,1,,3,,4,25,,,,4,0
2026/04/07 21:15:00,,,,,,,1,,3,,4,25,,,,4,0
2026/04/07 21:20:00,,,,,,,1,,3,,4,25,,,,4,0
2026/04/07 21:25:00,,,,,,,1,,3,,4,25,,,,4,0
2026/04/07 21:30:00,,,,,,,1,,3,,4,25,,,,4,0
2026/04/07 21:35:00,,,,,,,1,,3,,4,25,,,,4,0
2026/04/07 21:40:00,,,,,,,1,,3,,4,25,,,,4,0
2026/04/07 21:45:00,,,,,,,1,,3,,4,25,,,,4,0
2026/04/07 21:50:00,,,,,,,1,,3,,4,25,,,,4,0
2026/04/07 21:55:00,,,,,,,1,,3,,4,25,,,,4,0
2026/04/07 22:00:00,,,,,,,1,,3,,4,25,,,,4,0
2026/04/07 22:05:00,,,,,,,0.6,,3,,3.6,15,,,,4,0.4
2026/04/07 22:10:00,,,,,,,0,,3,,3,0,,,,4,1
2026/04/07 22:15:00,,,,,,,0,,3.6,,3.6,0,,,,4,0.4
2026/04/07 22:20:00,,,,,,,0,,4,,4,0,,,,4,0
2026/04/07 22:25:00,,,,,,,0,,4,,4,0,,,,4,0
2026/04/07 22:30:00,,,,,,,0,,4,,4,0,,,,4,0
2026/04/07 22:35:00,,,,,,,0,,4,,4,0,,,,4,0
2026/04/07 22:40:00,,,,,,,0,,4,,4,0,,,,4,0
2026/04/07 22:45:00,,,,,,,0,,4,,4,0,,,,4,0
2026/04/07 22:50:00,,,,,,,0,,4,,4,0,,,,4,0
2026/04/07 22:55:00,,,,,,,0,,4,,4,0,,,,4,0
2026/04/07 23:00:00,,,,,,,0,,4,,4,0,,,,4,0
2026/04/07 23:05:00,,,,,,,0,,4,,4,0,,,,4,0
2026/04/07 23:10:00,,,,,,,0,,4,,4,0,,,,4,0
2026/04/07 23:15:00,,,,,,,0,,4,,4,0,,,,4,0
2026/04/07 23:20:00,,,,,,,0,,4,,4,0,,,,4,0
2026/04/07 23:25:00,,,,,,,0,,4,,4,0,,,,4,0
2026/04/07 23:30:00,,,,,,,0,,4,,4,0,,,,4,0
2026/04/07 23:35:00,,,,,,,0,,4,,4,0,,,,4,0
2026/04/07 23:40:00,,,,,,,0,,4,,4,0,,,,4,0
2026/04/07 23:45:00,,,,,,,0,,4,,4,0,,,,4,0
2026/04/07 23:50:00,,,,,,,0,,4,,4,0,,,,4,0
2026/04/07 23:55:00,,,,,,,0,,4,,4,0,,,,4,0
2026/04/08 00:00:00,,,,,,,0,,4,,4,0,,,,4,0
2026/04/08 00:05:00,,,,,,,0,,4,,4,0,,,,4,0
2026/04/08 00:10:00,,,,,,,0,,4,,4,0,,,,4,0
2026/04/08 00:15:00,,,,,,,0,,4,,4,0,,,,4,0
2026/04/08 00:20:00,,,,,,,0,,4,,4,0,,,,4,0
2026/04/08 00:25:00,,,,,,,0,,4,,4,0,,,,4,0
2026/04/08 00:30:00,,,,,,,0,,4,,4,0,,,,4,0
2026/04/08 00:35:00,,,,,,,0,,4,,4,0,,,,4,0
2026/04/08 00:40:00,,,,,,,0,,4,,4,0,,,,4,0
2026/04/08 00:45:00,,,,,,,0,,4,,4,0,,,,4,0
2026/04/08 00:50:00,,,,,,,0,,4,,4,0,,,,4,0
2026/04/08 00:55:00,,,,,,,0,,4,,4,0,,,,4,0
2026/04/08 01:00:00,,,,,,,0,,4,,4,0,,,,4,0
2026/04/08 01:05:00,,,,,,,0,,4,,4,0,,,,4,0
2026/04/08 01:10:00,,,,,,,0,,4,,4,0,,,,4,0
2026/04/08 01:15:00,,,,,,,0,,4,,4,0,,,,4,0
2026/04/08 01:20:00,,,,,,,0,,4,,4,0,,,,4,0
2026/04/08 01:25:00,,,,,,,0,,4,,4,0,,,,4,0
2026/04/08 01:30:00,,,,,,,0,,4,,4,0,,,,4,0
2026/04/08 01:35:00,,,,,,,0,,4,,4,0,,,,4,0
2026/04/08 01:40:00,,,,,,,0,,4,,4,0,,,,4,0
2026/04/08 01:45:00,,,,,,,0,,4,,4,0,,,,4,0
2026/04/08 01:50:00,,,,,,,0,,4,,4,0,,,,4,0
2026/04/08 01:55:00,,,,,,,0,,4,,4,0,,,,4,0
2026/04/08 02:00:00,,,,,,,0,,4,,4,0,,,,4,0
2026/04/08 02:05:00,,,,,,,0,,4,,4,0,,,,4,0
2026/04/08 02:10:00,,,,,,,0,,4,,4,0,,,,4,0
2026/04/08 02:15:00,,,,,,,0,,4,,4,0,,,,4,0
2026/04/08 02:20:00,,,,,,,0,,4,,4,0,,,,4,0
2026/04/08 02:25:00,,,,,,,0,,4,,4,0,,,,4,0
2026/04/08 02:30:00,,,,,,,0,,4,,4,0,,,,4,0
2026/04/08 02:35:00,,,,,,,0,,4,,4,0,,,,4,0
2026/04/08 02:40:00,,,,,,,0,,4,,4,0,,,,4,0
2026/04/08 02:45:00,,,,,,,0,,4,,4,0,,,,4,0
2026/04/08 02:50:00,,,,,,,0,,4,,4,0,,,,4,0
2026/04/08 02:55:00,,,,,,,0,,4,,4,0,,,,4,0
2026/04/08 03:00:00,,,,,,,0,,4,,4,0,,,,4,0
2026/04/08 03:05:00,,,,,,,0,,4,,4,0,,,,4,0
2026/04/08 03:10:00,,,,,,,0,,4,,4,0,,,,4,0
2026/04/08 03:15:00,,,,,,,0,,4,,4,0,,,,4,0
2026/04/08 03:20:00,,,,,,,0,,4,,4,0,,,,4,0
2026/04/08 03:25:00,,,,,,,0,,4,,4,0,,,,4,0
2026/04/08 03:30:00,,,,,,,0,,4,,4,0,,,,4,0
2026/04/08 03:35:00,,,,,,,0,,4,,4,0,,,,4,0
2026/04/08 03:40:00,,,,,,,0,,4,,4,0,,,,4,0
2026/04/08 03:45:00,,,,,,,0,,4,,4,0,,,,4,0
2026/04/08 03:50:00,,,,,,,0,,4,,4,0,,,,4,0
2026/04/08 03:55:00,,,,,,,0,,4,,4,0,,,,4,0
2026/04/08 04:00:00,,,,,,,0,,4,,4,0,,,,4,0
2026/04/08 04:05:00,,,,,,,0,,4,,4,0,,,,4,0
2026/04/08 04:10:00,,,,,,,0,,4,,4,0,,,,4,0
2026/04/08 04:15:00,,,,,,,0,,4,,4,0,,,,4,0
2026/04/08 04:20:00,,,,,,,0,,4,,4,0,,,,4,0
2026/04/08 04:25:00,,,,,,,0,,4,,4,0,,,,4,0
2026/04/08 04:30:00,,,,,,,0,,4,,4,0,,,,4,0
2026/04/08 04:35:00,,,,,,,0,,4,,4,0,,,,4,0
2026/04/08 04:40:00,,,,,,,0,,4,,4,0,,,,4,0
2026/04/08 04:45:00,,,,,,,0,,4,,4,0,,,,4,0
2026/04/08 04:50:00,,,,,,,0,,4,,4,0,,,,4,0
2026/04/08 04:55:00,,,,,,,0,,4,,4,0,,,,4,0
2026/04/08 05:00:00,,,,,,,0,,4,,4,0,,,,28.8,24.8
2026/04/08 05:05:00,,,,,,,0,,4,,4,0,,,,35,31
2026/04/08 05:10:00,,,,,,,0,,29.6,,29.6,0,,,,35,5.4
2026/04/08 05:15:00,,,,,,,0,,35,,35,0,,,,35,0
2026/04/08 05:20:00,,,,,,,0,,35,,35,0,,,,35,0
2026/04/08 05:25:00,,,,,,,0,,35,,35,0,,,,35,0
2026/04/08 05:30:00,,,,,,,0,,35,,35,0,,,,35,0
2026/04/08 05:35:00,,,,,,,0,,35,,35,0,,,,35,0
2026/04/08 05:40:00,,,,,,,0,,35,,35,0,,,,35,0
2026/04/08 05:45:00,,,,,,,0.2,1.6764,34.8,0,35,0.5714285714285714,96.6624,0,4.66441,35,0
2026/04/08 05:50:00,,,,,,,2,1.5377174999999998,33,0,35,5.714285714285714,40.94163333333333,0,31.63508,35,0
2026/04/08 05:55:00,,,,,,,3.4,1.6136376923076923,31.6,0,35,9.714285714285715,48.55451333333333,0,34.03888666666667,35,0
2026/04/08 06:00:00,,,,,,,5,0.7025047999999999,30,0,35,14.285714285714286,309.1531291666667,0,37.73511208333333,35,0
2026/04/08 06:05:00,,,,,,,8.4,0.7613456756756757,26.6,0,35,24,1126.3920868421053,0,23.262622631578946,35,0
2026/04/08 06:10:00,,,,,,,11.8,0.4564081481481481,23.2,0,35,33.714285714285715,533.7048854545454,0,11.372433454545453,35,0
2026/04/08 06:15:00,,,,,,,14,0.7136140625,21,,35,40,340.3918485294118,,41.654158405797105,35,0
2026/04/08 06:20:00,,,,,,,14,0.5799307352941176,21,0,35,40,161.0845646153846,0,58.862301230769226,35,0
2026/04/08 06:25:00,,,,,,,15.6,0.844826111111111,19.4,0,35,44.57142857142857,650.6997591549296,0,66.1830485915493,35,0
2026/04/08 06:30:00,,,,,,,20,0.8949423595505619,15,0,35,57.142857142857146,271.1892417582418,0,40.285175714285714,35,0
2026/04/08 06:35:00,,,,,,,21,0.8036071578947369,14,0,35,60,262.16373157894736,0,31.965678210526317,35,0
2026/04/08 06:40:00,,,,,,,23.2,0.7239751376146788,11.8,0,35,66.28571428571428,253.56827222222225,0,42.32961185185185,35.8,0.8
2026/04/08 06:45:00,,,,,,,25.8,0.7661478333333334,9.2,0,35,73.71428571428571,124.35025737704919,0,52.40574409836066,41,6
2026/04/08 06:50:00,,,,,,,26.4,0.5157408,9.4,0,35.8,73.78754578754578,196.85891119999997,0,47.20246432,44,8.2
2026/04/08 06:55:00,,,,,,,29.4,0.9299307194244606,11.2,0,40.6,72.44322344322345,58.231682857142864,0,56.628548714285714,44,3.4
2026/04/08 07:00:00,,,,,,,31.6,1.2874332432432432,12.2,0,43.8,72.14587737843553,69.28734900662252,0,79.47700827814569,47.6,3.8
2026/04/08 07:05:00,,,,,,,32.8,0.846531974522293,11.2,0,44,74.54545454545455,106.21220379746836,0,43.90664867088608,54,10
2026/04/08 07:10:00,,,,,,,34,0.7521005487804878,12.8,0,46.8,72.99418909931039,98.15395279503105,0,74.42062530864197,55.6,8.8
2026/04/08 07:15:00,,,,,,,35.6,0.5280157926829269,18.2,0,53.8,66.17051013277428,222.051281595092,0,48.00851944785276,57,3.2
2026/04/08 07:20:00,,,,,,,38.8,0.46555284946236564,16.4,0,55.2,70.28571428571429,272.58664378378376,0,22.102981147540984,57,1.8
2026/04/08 07:25:00,,,,,,,41,0.5920285714285715,16,0,57,71.9298245614035,56.02912709359606,0,54.02820560606061,64,7
2026/04/08 07:30:00,,,,,,,41,0.4737005555555556,16,,57,71.9298245614035,58.967775879396974,,26.07491670103093,69,12
2026/04/08 07:35:00,,,,,,,41,0.4760373544973545,20.8,0,61.8,66.79309885047091,57.19657905759162,0,34.9396888172043,69,7.2
2026/04/08 07:40:00,,,,,,,41.4,0.5536084771573604,27.6,0,69,60,66.61802717948719,0,35.22261626315789,69,0
2026/04/08 07:45:00,,,,,,,42,0.8981976804123711,27,0,69,60.8695652173913,166.19333743589743,0,33.220563703703704,72.6,3.6
2026/04/08 07:50:00,,,,,,,42.6,1.1095991919191919,26.4,0,69,61.73913043478261,288.1635461928934,0,73.08638858638743,75,6
2026/04/08 07:55:00,,,,,,,43.6,1.1215548241206028,28.6,0,72.2,60.44899741909867,230.50076930693072,0,61.39674233502539,75,2.8
2026/04/08 08:00:00,,,,,,,44,1.0480868811881188,31,0,75,58.666666666666664,277.2206172413793,0,56.05819207070707,75,0
2026/04/08 08:05:00,,,,,,,45.4,0.8262208056872037,29.6,0,75,60.533333333333324,109.30480861244018,0,66.3783972906404,75,0
2026/04/08 08:10:00,,,,,,,47,0.5269257416267942,28,0,75,62.666666666666664,77.32663744075829,0,44.125329611650486,75,0
2026/04/08 08:15:00,,,,,,,47,0.7943558962264149,28,0,75,62.666666666666664,232.80666666666667,0,90.6112984390244,75,0
2026/04/08 08:20:00,,,,,,,48,0.7694387557603687,27,0,75,64,237.29623271028032,0,66.9102599047619,75,0
2026/04/08 08:25:00,,,,,,,48.2,0.8373481775700935,26.8,0,75,64.26666666666667,233.55263148148146,0,52.50745787037037,75,0
2026/04/08 08:30:00,,,,,,,49,0.6969103555555555,26,0,75,65.33333333333333,239.838508,0,35.343427410714284,75,0
2026/04/08 08:35:00,,,,,,,49,0.8403050917431192,26,0,75,65.33333333333333,187.01410363636367,0,50.15449063636364,75,0
2026/04/08 08:40:00,,,,,,,49,0.8272821621621621,26,0,75,65.33333333333333,90.97185,0,48.77624108108108,75,0
2026/04/08 08:45:00,,,,,,,49.2,1.0414696788990823,25.8,0,75,65.6,65.37763440366972,0,63.97601183486238,75,0
2026/04/08 08:50:00,,,,,,,50.2,0.7529520264317182,24.8,0,75,66.93333333333334,70.95268125,0,48.405323513513515,75,0
2026/04/08 08:55:00,,,,,,,52,1.0119766666666667,23,0,75,69.33333333333333,71.92162320675104,0,62.68257320512821,75,0
2026/04/08 09:00:00,,,,,,,52.4,1.0721562447257384,22.6,0,75,69.86666666666667,130.75763556485356,0,100.44017807531381,75,0
2026/04/08 09:05:00,,,,,,,53,0.9774738,22,0,75,70.66666666666667,124.0385052631579,0,80.52078607287449,75,0
2026/04/08 09:10:00,,,,,,,53,1.2065893388429751,22,,75,70.66666666666667,144.8935930041152,,71.0178622633745,75,0
2026/04/08 09:15:00,,,,,,,53,1.1104857894736841,22,,75,70.66666666666667,57.033351315789474,,64.9905223245614,75,0
2026/04/08 09:20:00,,,,,,,53,0.7875713824884794,22,0,75,70.66666666666667,55.87351954545454,0,38.749835909090905,75,0
2026/04/08 09:25:00,,,,,,,52.2,0.8085608968609865,22,0,74.2,70.34954954954955,54.76940867579908,0,49.33763753424657,75,0.8
2026/04/08 09:30:00,,,,,,,53,0.5179611737089201,21,0,74,71.62162162162163,61.54888703703704,0,48.83147120370371,75,1
2026/04/08 09:35:00,,,,,,,53,0.6585741818181818,22,,75,70.66666666666667,149.85187636363634,,34.886338227272724,75,0
2026/04/08 09:40:00,,,,,,,53,0.7388771428571429,22,,75,70.66666666666667,82.96003594470045,,43.44845225806452,75,0
2026/04/08 09:45:00,,,,,,,53.2,0.9970493665158371,21.8,0,75,70.93333333333334,80.31619636363637,0,69.97445616438355,75,0
2026/04/08 09:50:00,,,,,,,54.4,0.6458305217391305,20.6,0,75,72.53333333333333,114.55276140350878,0,59.50678659292035,75,0
2026/04/08 09:55:00,,,,,,,55,0.4882072413793104,20,0,75,73.33333333333333,183.27282777777776,0,65.73005824034334,75,0
2026/04/08 10:00:00,,,,,,,54,0.6211771929824561,20,0,74,72.96902381833888,74.16989008620689,0,65.0244286637931,75,1
2026/04/08 10:05:00,,,,,,,52.8,0.6968870222222223,20,,72.8,72.52663622526636,83.14072,,41.23642973451327,75,2.2
2026/04/08 10:10:00,,,,,,,51.4,0.48647161137440753,21.2,,72.6,70.80669710806697,69.17719953051643,,27.256530375586856,75,2.4
2026/04/08 10:15:00,,,,,,,51,0.5211774761904762,22.4,,73.4,69.48537578674565,54.46439619047619,,33.68608880952381,75,1.6
2026/04/08 10:20:00,,,,,,,51,0.7073218840579711,23.8,0,74.8,68.18378378378378,53.54958413461539,0,65.9005303846154,75,0.2
2026/04/08 10:25:00,,,,,,,51,0.5367103448275863,24,0,75,68,51.58707562189055,0,37.45308890547263,75,0
2026/04/08 10:30:00,,,,,,,50.6,0.3508256,24,0,74.6,67.82702702702701,51.70506019900498,0,51.03797194029851,75,0.4
2026/04/08 10:35:00,,,,,,,50.2,0.49043634408602144,23.8,0,74,67.83783783783784,52.245735675675675,0,36.304098108108114,75,1
2026/04/08 10:40:00,,,,,,,50.6,0.4450363276836158,23.4,,74,68.37837837837837,49.704928089887645,,21.860014775280902,75,1
2026/04/08 10:45:00,,,,,,,48.2,0.5783317391304348,24,,72.2,66.75799086757992,304.11036273291927,,35.61087422360248,75,2.8
2026/04/08 10:50:00,,,,,,,48,0.30096482993197277,24.8,0,72.8,65.93607305936074,556.1720726027397,0,25.89069124137931,75,2.2
2026/04/08 10:55:00,,,,,,,47.4,0.35848581967213117,27,,74.4,63.70810810810811,305.06007500000004,,18.83491758064516,75,0.6
2026/04/08 11:00:00,,,,,,,47,0.549654424778761,27,0,74,63.51351351351352,188.96311696428572,0,38.247275,75,1
2026/04/08 11:05:00,,,,,,,47,0.5379696511627906,27.8,0,74.8,62.836036036036035,54.15212117647059,0,68.92792776470588,75,0.2
2026/04/08 11:10:00,,,,,,,46.8,0.3255814666666667,28,,74.8,62.56576576576576,94.15548799999999,,7.690007066666667,75,0.2
2026/04/08 11:15:00,,,,,,,46,0.29802602739726025,28,,74,62.16216216216217,125.76630833333333,,3.0319631944444447,75,1
2026/04/08 11:20:00,,,,,,,46.8,0.371698875,27.6,0,74.4,62.90450450450451,122.30610256410257,0,87.50070256410257,75,0.6
2026/04/08 11:25:00,,,,,,,47,0.3459882894736842,28,0,75,62.666666666666664,366.5307797297298,0,30.685618513513518,75,0
2026/04/08 11:30:00,,,,,,,47,0.4215704838709677,28,,75,62.666666666666664,892.4338553846153,,21.93252369230769,75,0
2026/04/08 11:35:00,,,,,,,47,0.46739933333333333,28,0,75,62.666666666666664,207.63125762711863,0,58.28819050847458,75,0
2026/04/08 11:40:00,,,,,,,46.4,0.7197377192982456,28,0,74.4,62.36396396396397,139.1725775862069,0,143.30594896551725,75,0.6
2026/04/08 11:45:00,,,,,,,46,0.8866091525423728,28,0,74,62.16216216216217,73.13713750000001,0,116.09212482142858,75,1
2026/04/08 11:50:00,,,,,,,45.8,0.4234722580645161,28.6,0,74.4,61.56036036036037,99.37924193548388,0,45.6103605,75,0.6
2026/04/08 11:55:00,,,,,,,45,0.03186706896551725,29,0,74,60.810810810810814,85.72389166666669,0,62.14968459016394,75,1
2026/04/08 12:00:00,,,,,,,45,0.1463285964912281,29.2,0,74.2,60.648648648648646,234.1770618181818,0,26.648337818181815,75,0.8
2026/04/08 12:05:00,,,,,,,45.2,0.20476650793650794,29.8,0,75,60.266666666666666,195.47751129032255,0,84.38885467741935,75,0
2026/04/08 12:10:00,,,,,,,45.2,0.39884569444444445,29,0,74.2,60.91531531531532,495.1797816901408,0,153.57034591549296,75,0.8
2026/04/08 12:15:00,,,,,,,45.6,0.4268368817204301,28.4,0,74,61.62162162162163,203.51131460674154,0,81.29259382022472,75,1
2026/04/08 12:20:00,,,,,,,45.2,0.9599820833333332,29,0,74.2,60.91531531531532,335.6594726315789,0,63.297648315789466,75,0.8
2026/04/08 12:25:00,,,,,,,44.4,0.47907787610619473,28.2,0,72.6,61.16140112715455,145.995925,0,47.01067712962963,75,2.4
2026/04/08 12:30:00,,,,,,,44.8,0.6281407936507937,28,0,72.8,61.53729071537291,221.61816079999994,0,110.87788252032523,75,2.2
2026/04/08 12:35:00,,,,,,,41.8,0.5866443801652893,29.8,0,71.6,58.37301587301588,273.6442024,0,54.20081008,75,3.4
2026/04/08 12:40:00,,,,,,,40.2,0.4216398412698412,29.8,0,70,57.43029675638371,65.68790080645162,0,66.40698008064516,75,5
2026/04/08 12:45:00,,,,,,,41.2,0.24364537931034486,31.4,0,72.6,56.750894730346786,65.45120992907802,0,55.28077241134752,75,2.4
2026/04/08 12:50:00,,,,,,,41,0.2522273943661972,32,0,73,56.164383561643845,61.76903586206897,0,47.94408418439716,75,2
2026/04/08 12:55:00,,,,,,,40,0.6942742335766424,32.4,,72.4,55.247711535575704,58.24001944444444,,45.97024474820144,75,2.6
2026/04/08 13:00:00,,,,,,,39.2,0.8058388321167883,33.8,0,73,53.698630136986296,57.173796376811595,0,42.660922030075184,75,2
2026/04/08 13:05:00,,,,,,,38.4,0.5369405035971222,33.8,0,72.2,53.181126331811264,54.93275395683454,0,45.158704148148146,75,2.8
2026/04/08 13:10:00,,,,,,,37,1.0582160130718954,34,0,71,52.11267605633803,55.74515723684212,0,111.73117836734693,75,4
2026/04/08 13:15:00,,,,,,,37,1.0614105696202532,36.6,0,73.6,50.289201877934275,54.66312327044026,0,71.0253035064935,75,1.4
2026/04/08 13:20:00,,,,,,,37.4,0.7865614906832299,37.6,0,75,49.86666666666666,57.698468125,0,51.580984294871804,75,0
2026/04/08 13:25:00,,,,,,,38,0.6329373125,37,,75,50.666666666666664,52.368555,,43.91137032258065,75,0
2026/04/08 13:30:00,,,,,,,37.8,0.4472178205128205,35.8,,73.6,51.37809076682316,51.02196226415094,,31.31358512987013,72.6,0.2
2026/04/08 13:35:00,,,,,,,36.6,0.9725774675324674,34,,70.6,51.83903420523139,50.716940645161294,,49.527394199999996,72,1.4
2026/04/08 13:40:00,,,,,,,36.6,0.8267924516129032,33.8,0,70.4,51.98792756539236,55.51605605095541,0,37.00444980263158,72,1.6
2026/04/08 13:45:00,,,,,,,37,0.838753396226415,34.6,,71.6,51.678403755868544,52.64416352201258,,40.69710361290323,72,0.4
2026/04/08 13:50:00,,,,,,,36.4,0.6319770748299319,35,,71.4,50.97809076682316,59.14960268456375,,40.76419073825503,72,0.6
2026/04/08 13:55:00,,,,,,,35.8,0.7892843243243243,34.8,0,70.6,50.70830781792203,58.029093243243246,0,66.31951939189189,71.2,0.8
2026/04/08 14:00:00,,,,,,,35,0.8228339726027397,31.6,0,66.6,52.555404794210766,57.22151448275861,0,57.55401903448276,68,1.4
2026/04/08 14:05:00,,,,,,,35,1.0736780666666668,32.2,,67.2,52.085162423178225,55.687555999999994,,91.58291413333333,68,0.8
2026/04/08 14:10:00,,,,,,,35.4,0.8093606711409396,32.2,0,67.6,52.36611062335381,54.298564473684216,0,43.43606769736842,68,0.4
2026/04/08 14:15:00,,,,,,,35.4,0.7790503246753248,31.6,0,67,52.83582089552239,51.64086710526315,0,48.81318629139073,68,1
2026/04/08 14:20:00,,,,,,,36,0.8790709554140127,31.4,,67.4,53.41527655838455,49.717239622641515,,42.61932272727273,68,0.6
2026/04/08 14:25:00,,,,,,,36,0.778747371794872,32,,68,52.94117647058823,50.08911161290323,,34.764849266666666,68,0
2026/04/08 14:30:00,,,,,,,36.8,0.8672745098039215,31.2,0,68,54.11764705882352,51.07593006535947,0,50.98972000000001,68,0
2026/04/08 14:35:00,,,,,,,37,0.8934849333333333,31,,68,54.411764705882355,51.97622666666667,,47.137131466666666,68,0
2026/04/08 14:40:00,,,,,,,37,0.7930487662337663,31,0,68,54.411764705882355,52.18808692810457,0,51.244627973856204,68,0
2026/04/08 14:45:00,,,,,,,38.6,0.39734074999999996,29.4,0,68,56.76470588235294,55.51638333333333,0,19.99834635802469,68,0
2026/04/08 14:50:00,,,,,,,39,0.47275337423312885,29,,68,57.35294117647059,53.850116049382706,,27.284760555555557,68,0
2026/04/08 14:55:00,,,,,,,38.6,0.7036072435897436,29,,67.6,57.098331870061465,49.96666329113924,,26.080546645569623,68,0.4
2026/04/08 15:00:00,,,,,,,38.6,0.5559801973684211,28.2,0,66.8,57.783808231569424,55.552421428571435,0,19.94292961038961,68,1.2
2026/04/08 15:05:00,,,,,,,37.4,0.693910201342282,28.6,0,66,56.66666666666667,54.41902733333334,0,29.031004333333335,68,2
2026/04/08 15:10:00,,,,,,,36.4,0.776914238410596,29.6,0,66,55.14734022196709,55.90764429530202,0,30.025951140939597,68,2
2026/04/08 15:15:00,,,,,,,34,0.5916621379310345,30.6,,64.6,52.634615384615394,55.51646827586207,,21.78646627586207,68,3.4
2026/04/08 15:20:00,,,,,,,34,0.7889386330935253,32,,66,51.533869115958666,54.26360575539568,,34.67179230215827,68,2
2026/04/08 15:25:00,,,,,,,33.6,0.38921721804511283,34,,67.6,49.701492537313435,52.72971791044776,,20.15139291044776,68,0.4
2026/04/08 15:30:00,,,,,,,33,0.5553201515151515,34,0,67,49.25373134328358,48.467354263565895,0,38.281121640624995,68,1
2026/04/08 15:35:00,,,,,,,32.4,0.8562036752136754,33.6,0,66,49.10943119898344,52.182545,0,54.350778173913035,66.4,1
2026/04/08 15:40:00,,,,,,,33,0.8743869642857142,30,0,63,52.38095238095239,55.02768571428572,0,44.329663839285715,64,1
2026/04/08 15:45:00,,,,,,,35,0.949802945736434,28.8,0,63.8,54.86111111111111,49.76411574803149,0,77.07422606299212,64,0.2
2026/04/08 15:50:00,,,,,,,35,1.0570570634920635,29,0,64,54.6875,54.9142864,0,35.43125412698413,64,0
2026/04/08 15:55:00,,,,,,,34.8,0.9973916101694914,29,,63.8,54.5436507936508,49.54351596638654,,58.15828529411764,64,0.2
2026/04/08 16:00:00,,,,,,,33,0.8498896039603961,29,0,62,53.225806451612904,57.070390909090904,0,32.95023565656565,64,2
2026/04/08 16:05:00,,,,,,,33.8,0.9528154945054945,28.6,0,62.4,54.16794674859191,52.979282608695655,0,145.83094304347824,64,1.6
2026/04/08 16:10:00,,,,,,,33.2,1.0322332183908047,29.8,,63,52.698412698412696,51.89937303370787,,45.118943146067416,64,1
2026/04/08 16:15:00,,,,,,,33.2,1.215367528089888,29.8,0,63,52.698412698412696,57.82795227272727,0,65.36797943181818,64,1
2026/04/08 16:20:00,,,,,,,33.8,1.0236321590909092,30,0,63.8,52.97619047619048,128.4070477777778,0,53.05646296703297,64,0.2
2026/04/08 16:25:00,,,,,,,32.6,0.9311239473684211,29.4,0,62,52.58064516129032,69.98880666666666,0,38.9734784,64,2
2026/04/08 16:30:00,,,,,,,33.2,0.6329151351351352,28.6,0,61.8,53.72843796429201,57.355969863013705,0,27.402099726027394,64,2.2
2026/04/08 16:35:00,,,,,,,32.6,1.2179457142857144,30,0,62.6,52.07373271889401,59.18863043478261,0,58.65785043478261,64,1.4
2026/04/08 16:40:00,,,,,,,32.6,1.0874507142857144,30.4,0,63,51.74603174603175,69.63971408450705,0,55.35347542857142,64,1
2026/04/08 16:45:00,,,,,,,33,1.1666941791044776,30.6,,63.6,51.88988095238095,59.44587941176471,,53.575951014492745,64,0.4
2026/04/08 16:50:00,,,,,,,32.4,1.2508061904761905,31,,63.4,51.10119047619047,54.77530461538461,,47.016916,64,0.6
2026/04/08 16:55:00,,,,,,,31.8,2.0112539393939395,31,,62.8,50.63492063492063,58.24903692307692,,79.45563784615383,62.4,0.6
2026/04/08 17:00:00,,,,,,,30.6,0.6607445000000001,27.2,0,57.8,52.940108892921955,64.60822,0,31.181656,60,2.2
2026/04/08 17:05:00,,,,,,,30,0.7364327586206897,27.6,,57.6,52.08106473079249,61.606320338983046,,29.793391186440676,60,2.4
2026/04/08 17:10:00,,,,,,,28,1.014373137254902,29,,57,49.11027568922306,59.036509433962266,,40.23273056603773,60,3
2026/04/08 17:15:00,,,,,,,27,1.5267094117647058,30.4,,57.4,47.04757583614209,61.37754000000001,,66.7700276,60,2.6
2026/04/08 17:20:00,,,,,,,26,1.1754584000000001,30.8,,56.8,45.81097449004798,65.19269600000001,,51.0685532,58.4,1.6
2026/04/08 17:25:00,,,,,,,26,1.2176017777777777,29.2,,55.2,47.103896103896105,52.9951847826087,,60.150756739130436,56,0.8
2026/04/08 17:30:00,,,,,,,25.2,1.2924930232558138,29.2,,54.4,46.33545699583435,58.61329523809524,,51.57515595238095,53.6,0
2026/04/08 17:35:00,,,,,,,24.4,0.808327,28,,52.4,46.560232220609585,55.61485499999999,,34.634013499999995,53,0.6
2026/04/08 17:40:00,,,,,,,24,1.014276923076923,27.2,,51.2,46.89230769230769,49.526717948717945,,45.3617358974359,50.6,0.2
2026/04/08 17:45:00,,,,,,,24,1.05721,26,,50,48,51.1012,,42.55167314285714,50,0
2026/04/08 17:50:00,,,,,,,22.8,1.398450857142857,24.8,,47.6,47.91519568049237,50.251582857142864,,49.30323371428571,48,0.8
2026/04/08 17:55:00,,,,,,,21.8,1.0473888235294118,24.4,,46.2,47.18778908418131,47.83676363636364,,38.712573636363636,47.2,1.4
2026/04/08 18:00:00,,,,,,,19.8,0.75962,21.4,,41.2,48.03600464576074,47.20922666666667,,32.61444033333333,44,2.8
2026/04/08 18:05:00,,,,,,,18,1.0272773333333334,20.6,,38.6,46.67709815078236,46.97209333333333,,41.391929999999995,40.4,1.8
2026/04/08 18:10:00,,,,,,,17.4,1.108493,20,,37.4,46.514935988620195,47.67603333333333,,40.495658999999996,37.6,0.4
2026/04/08 18:15:00,,,,,,,17,1.0805256,18.4,,35.4,48.04633204633204,48.524315384615385,,53.11187846153847,36,0.8
2026/04/08 18:20:00,,,,,,,16.8,1.6393953333333333,18.8,,35.6,47.19047619047619,54.80982666666667,,84.848426,35.6,0.2
2026/04/08 18:25:00,,,,,,,15,2.2735258333333337,19,,34,44.11764705882353,58.157671428571426,,98.97000857142858,35,1
2026/04/08 18:30:00,,,,,,,14.4,2.602411,18.2,,32.6,44.17931688804554,58.52796000000001,,149.800122,33,0.8
2026/04/08 18:35:00,,,,,,,13.6,1.882778,18,,31.6,43.024193548387096,61.85020000000001,,91.38632500000001,32.2,0.6
2026/04/08 18:40:00,,,,,,,13,0.698368,18,,31,41.935483870967744,61.57901999999999,,27.728535,30.8,0
2026/04/08 18:45:00,,,,,,,11.8,1.979829,17,,28.8,40.904761904761905,62.69346,,89.458512,30,1.2
2026/04/08 18:50:00,,,,,,,11,2.9485319999999997,16.4,,27.4,40.22857142857143,67.24859999999998,,175.455025,28.2,1.2
2026/04/08 18:55:00,,,,,,,10.2,0.001088,15.8,,26,39.230769230769226,77.25048571428572,,25.777179999999998,27,1
2026/04/08 19:00:00,,,,,,,9.4,0.000006000000000000001,15.4,,24.8,37.88461538461538,78.18536,,0,25.4,0.8
2026/04/08 19:05:00,,,,,,,9,0,15.6,,24.6,36.6,101.13364,,0,24.6,0
2026/04/08 19:10:00,,,,,,,9,0,15,,24,37.5,97.32276000000002,,0,24,0
2026/04/08 19:15:00,,,,,,,9,0,14.4,,23.4,38.47826086956521,114.12031999999999,,0,23.2,0
2026/04/08 19:20:00,,,,,,,9,0.46085200000000004,14,,23,39.130434782608695,112.91048,,30.492338,23,0
2026/04/08 19:25:00,,,,,,,8.2,0.058334,13.2,,21.4,38.302277432712216,109.48232,,2.0071320000000004,22,0.8
2026/04/08 19:30:00,,,,,,,7.4,0.00031600000000000004,13,,20.4,36.23809523809524,112.50308,,0.0091,20.8,0.8
2026/04/08 19:35:00,,,,,,,7,2.2067099999999997,11,,18,38.888888888888886,129.28376,,91.431538,19,1
2026/04/08 19:40:00,,,,,,,7,5.817152,11.6,,18.6,37.66081871345029,123.53584000000001,,287.18338000000006,18.6,0.2
2026/04/08 19:45:00,,,,,,,6,1.623416,11,,17,35.294117647058826,114.38700000000001,,125.63251199999999,18,1
2026/04/08 19:50:00,,,,,,,6,0.37997800000000004,10.6,,16.6,36.17647058823529,109.46104,,23.96122,16.8,0.4
2026/04/08 19:55:00,,,,,,,5.8,1.7492699999999999,10,,15.8,36.66666666666667,108.48992000000001,,113.091798,16,0.2
2026/04/08 20:00:00,,,,,,,5,0.8382660000000002,8.8,,13.8,36.41025641025641,139.9866,,90.40596200000002,14,0.6
2026/04/08 20:05:00,,,,,,,5,0.004536,8.6,,13.6,36.81318681318682,120.86172000000002,,0.419344,13.8,0.4
2026/04/08 20:10:00,,,,,,,5,0.000024,8,,13,38.46153846153846,110.88364000000001,,0.001926,13,0
2026/04/08 20:15:00,,,,,,,4.4,0,7.8,,12.2,35.990675990675996,114.99444000000001,,0.000008000000000000001,12.4,0.2
2026/04/08 20:20:00,,,,,,,2,0,6.4,,8.4,24.444444444444446,113.87575999999999,,0,10.4,2.2
2026/04/08 20:25:00,,,,,,,1.6,0,5,,6.6,24.28571428571429,113.01435999999998,,0,8,1.4
2026/04/08 20:30:00,,,,,,,1,0.010005,5.6,,6.6,15.428571428571427,112.7201,,0.577545,6.8,0.6
2026/04/08 20:35:00,,,,,,,1,,4.8,,5.8,17.333333333333336,,,,6,0.2
2026/04/08 20:40:00,,,,,,,1,,4.4,,5.4,18.666666666666668,,,,5.2,0
2026/04/08 20:45:00,,,,,,,1,,4,,5,20,,,,4.8,0
2026/04/08 20:50:00,,,,,,,1,,3,,4,25,,,,4,0
2026/04/08 20:55:00,,,,,,,1,,3,,4,25,,,,4,0
2026/04/08 21:00:00,,,,,,,1,0.6209466666666666,3,0,4,25,93.578,0,1921.23652,4,0
2026/04/08 21:05:00,,,,,,,1,0,3,,4,25,106.16087999999999,,201.54393399999998,4,0
2026/04/08 21:10:00,,,,,,,1,0,3,,4,25,105.20224,,5.693776,4,0
2026/04/08 21:15:00,,,,,,,1,0,3,,4,25,80.84208,,4.802192,4,0
2026/04/08 21:20:00,,,,,,,1,0.004612,3,,4,25,57.64692,,5.113438,4,0
2026/04/08 21:25:00,,,,,,,1,0,3,,4,25,45.47204000000001,,4.813248,4,0
2026/04/08 21:30:00,,,,,,,1,0,3,,4,25,38.76536,,4.8095799999999995,4,0
2026/04/08 21:35:00,,,,,,,1,,3,,4,25,50.0022,,2.40077,4,0
2026/04/08 21:40:00,,,,,,,1,,3,,4,25,,,,4,0
2026/04/08 21:45:00,,,,,,,1,,3,,4,25,,,,4,0
2026/04/08 21:50:00,,,,,,,1,,3,,4,25,,,,4,0
2026/04/08 21:55:00,,,,,,,1,,3,,4,25,,,,4,0
2026/04/08 22:00:00,,,,,,,1,,3,,4,25,,,,4,0
2026/04/08 22:05:00,,,,,,,1,,3,,4,25,,,,4,0
2026/04/08 22:10:00,,,,,,,1,,3,,4,25,,,,4,0
2026/04/08 22:15:00,,,,,,,1,,3,,4,25,,,,4,0
2026/04/08 22:20:00,,,,,,,1,,3,,4,25,,,,4,0
2026/04/08 22:25:00,,,,,,,1,1.079805,3,0,4,25,35.5794,0,4125.80495,4,0
2026/04/08 22:30:00,,,,,,,1,0,3,,4,25,28.82482,,422.35708400000004,4,0
2026/04/08 22:35:00,,,,,,,1,0,3,,4,25,28.62384,,1.9799320000000002,4,0
2026/04/08 22:40:00,,,,,,,1,0,3,,4,25,27.533120000000004,,0.008992,4,0
2026/04/08 22:45:00,,,,,,,1,0,3,,4,25,28.70856,,0.000044,4,0
2026/04/08 22:50:00,,,,,,,1,0,3,,4,25,29.712,,0,4,0
2026/04/08 22:55:00,,,,,,,1,0.024673999999999998,3,,4,25,28.96164,,2.201728,4,0
2026/04/08 23:00:00,,,,,,,1,0,3,,4,25,28.2994,,0.19378499999999999,4,0
2026/04/08 23:05:00,,,,,,,1,,3,,4,25,,,,4,0
2026/04/08 23:10:00,,,,,,,1,,3,,4,25,,,,4,0
2026/04/08 23:15:00,,,,,,,1,,3,,4,25,,,,4,0
2026/04/08 23:20:00,,,,,,,1,,3,,4,25,,,,4,0
2026/04/08 23:25:00,,,,,,,1,,3,,4,25,,,,4,0
2026/04/08 23:30:00,,,,,,,1,,3,,4,25,,,,4,0
2026/04/08 23:35:00,,,,,,,1,,3,,4,25,,,,4,0
2026/04/08 23:40:00,,,,,,,1,,3,,4,25,,,,4,0
2026/04/08 23:45:00,,,,,,,1,,3,,4,25,,,,4,0
2026/04/08 23:50:00,,,,,,,1,0.96194,3,0,4,25,,0,,4,0
2026/04/08 23:55:00,,,,,,,1,0,3,,4,25,141.47196,,924.5526239999999,4,0
2026/04/09 00:00:00,,,,,,,1,0,3,,4,25,279.67512,,9.169825999999999,4,0
2026/04/09 00:05:00,,,,,,,1,0,3,,4,25,33.75184,,4.8333580000000005,4,0
2026/04/09 00:10:00,,,,,,,1,0,3,,4,25,29.672199999999997,,4.803726,4,0
2026/04/09 00:15:00,,,,,,,1,0,3,,4,25,29.6834,,4.80624,4,0
2026/04/09 00:20:00,,,,,,,1,0,3,,4,25,31.507439999999995,,4.804372000000001,4,0
2026/04/09 00:25:00,,,,,,,1,0,3,,4,25,33.909850000000006,,4.273935,4,0
2026/04/09 00:30:00,,,,,,,1,,3,,4,25,,,,4,0
2026/04/09 00:35:00,,,,,,,1,,3,,4,25,,,,4,0
2026/04/09 00:40:00,,,,,,,1,,3,,4,25,,,,4,0
2026/04/09 00:45:00,,,,,,,1,,3,,4,25,,,,4,0
2026/04/09 00:50:00,,,,,,,1,,3,,4,25,,,,4,0
2026/04/09 00:55:00,,,,,,,1,,3,,4,25,,,,4,0
2026/04/09 01:00:00,,,,,,,1,,3,,4,25,,,,4,0
2026/04/09 01:05:00,,,,,,,1,,3,,4,25,,,,4,0
2026/04/09 01:10:00,,,,,,,1,,3,,4,25,,,,4,0
2026/04/09 01:15:00,,,,,,,1,,3,,4,25,,,,4,0
2026/04/09 01:20:00,,,,,,,1,0.093226,3,0,4,25,31.547199999999997,0,867.594695,4,0
2026/04/09 01:25:00,,,,,,,1,0,3,,4,25,28.52012,,9.44394,4,0
2026/04/09 01:30:00,,,,,,,1,0,3,,4,25,29.28324,,0.042254,4,0
2026/04/09 01:35:00,,,,,,,1,0,3,,4,25,38.1948,,0.000202,4,0
2026/04/09 01:40:00,,,,,,,1,0,3,,4,25,28.1992,,0,4,0
2026/04/09 01:45:00,,,,,,,1,0,3,,4,25,29.5036,,0,4,0
2026/04/09 01:50:00,,,,,,,1,0,3,,4,25,29.74853333333333,,0,4,0
2026/04/09 01:55:00,,,,,,,1,,3,,4,25,,,,4,0
2026/04/09 02:00:00,,,,,,,1,,3,,4,25,,,,4,0
2026/04/09 02:05:00,,,,,,,1,,3,,4,25,,,,4,0
2026/04/09 02:10:00,,,,,,,1,,3,,4,25,,,,4,0
2026/04/09 02:15:00,,,,,,,1,,3,,4,25,,,,4,0
2026/04/09 02:20:00,,,,,,,1,,3,,4,25,,,,4,0
2026/04/09 02:25:00,,,,,,,1,,3,,4,25,,,,4,0
2026/04/09 02:30:00,,,,,,,1,,3,,4,25,,,,4,0
2026/04/09 02:35:00,,,,,,,1,,3,,4,25,,,,4,0
2026/04/09 02:40:00,,,,,,,1,,3,,4,25,,,,4,0
2026/04/09 02:45:00,,,,,,,1,0.465308,3,0,4,25,38.575625,0,1575.5648099999999,4,0
2026/04/09 02:50:00,,,,,,,1,0,3,,4,25,28.54844,,17.320896,4,0
2026/04/09 02:55:00,,,,,,,1,0,3,,4,25,30.19452,,0.07776200000000001,4,0
2026/04/09 03:00:00,,,,,,,1,0,3,,4,25,31.53316,,0.000358,4,0
2026/04/09 03:05:00,,,,,,,1,0,3,,4,25,28.7344,,0.0000020000000000000003,4,0
2026/04/09 03:10:00,,,,,,,1,0,3,,4,25,30.007600000000004,,0,4,0
2026/04/09 03:15:00,,,,,,,1,0,3,,4,25,29.35295,,0,4,0
2026/04/09 03:20:00,,,,,,,1,,3,,4,25,,,,4,0
2026/04/09 03:25:00,,,,,,,1,,3,,4,25,,,,4,0
2026/04/09 03:30:00,,,,,,,1,,3,,4,25,,,,4,0
2026/04/09 03:35:00,,,,,,,1,,3,,4,25,,,,4,0
2026/04/09 03:40:00,,,,,,,1,,3,,4,25,,,,4,0
2026/04/09 03:45:00,,,,,,,1,,3,,4,25,,,,4,0
2026/04/09 03:50:00,,,,,,,1,,3,,4,25,,,,4,0
2026/04/09 03:55:00,,,,,,,1,,3,,4,25,,,,4,0
2026/04/09 04:00:00,,,,,,,1,,3,,4,25,,,,4,0
2026/04/09 04:05:00,,,,,,,1,,3,,4,25,,,,4,0
2026/04/09 04:10:00,,,,,,,1,0.3959975,3,0,4,25,30.425466666666665,0,1953.4756266666666,4,0
2026/04/09 04:15:00,,,,,,,1,0,3,,4,25,29.17278,,53.240214,4,0
2026/04/09 04:20:00,,,,,,,1,0,3,,4,25,36.06984,,5.057236,4,0
2026/04/09 04:25:00,,,,,,,1,0,3,,4,25,31.339439999999996,,4.82242,4,0
2026/04/09 04:30:00,,,,,,,1,0.01225,3,,4,25,30.147633333333335,,5.1553466666666665,4,0
2026/04/09 04:35:00,,,,,,,1,,3,,4,25,,,,4,0
2026/04/09 04:40:00,,,,,,,1,,3,,4,25,,,,4,0
2026/04/09 04:45:00,,,,,,,1,,3,,4,25,,,,4,0
2026/04/09 04:50:00,,,,,,,1,,3,,4,25,,,,4,0
2026/04/09 04:55:00,,,,,,,1,,3,,4,25,,,,4,0
2026/04/09 05:00:00,,,,,,,1,,3,,4,25,,,,28.8,24.8
2026/04/09 05:05:00,,,,,,,1,,3,,4,25,,,,35,31
2026/04/09 05:10:00,,,,,,,1,,29.6,,30.6,3.4920634920634925,,,,35,4.4
2026/04/09 05:15:00,,,,,,,1,,34,,35,2.857142857142857,,,,35,0
2026/04/09 05:20:00,,,,,,,1,,34,0,35,2.857142857142857,,0,,35,0
2026/04/09 05:25:00,,,,,,,2,0.7623599999999999,33,0,35,5.714285714285714,244.686575,0,28.195494999999998,35,0
2026/04/09 05:30:00,,,,,,,2,0,33,,35,5.714285714285714,46.14788,,2.241604,35,0
2026/04/09 05:35:00,,,,,,,2.8,0.5739237500000001,32.2,0,35,7.999999999999998,63.749675,0,9.538678749999999,35,0
2026/04/09 05:40:00,,,,,,,3.6,1.0535583333333334,31.4,0,35,10.285714285714286,46.299475,0,78.12710166666666,35,0
2026/04/09 05:45:00,,,,,,,4,0.9130879999999999,31,,35,11.428571428571429,43.564166666666665,,49.97769,35,0
2026/04/09 05:50:00,,,,,,,4,0.23432399999999998,31,,35,11.428571428571429,43.58314666666667,,8.015131333333334,35,0
2026/04/09 05:55:00,,,,,,,5.2,0.3101442105263158,29.8,0,35,14.857142857142858,45.390677777777775,0,12.03899888888889,35,0
2026/04/09 06:00:00,,,,,,,8.2,0.44850486486486485,26.8,0,35,23.428571428571427,54.709799999999994,0,24.625982,35,0
2026/04/09 06:05:00,,,,,,,9,0.33663368421052636,26,0,35,25.714285714285715,50.1603875,0,7.22354625,35,0
2026/04/09 06:10:00,,,,,,,9,0.24785921052631577,26,,35,25.714285714285715,50.875485000000005,,9.8483395,35,0
2026/04/09 06:15:00,,,,,,,10.2,0.501286046511628,24.8,0,35,29.142857142857146,70.64727500000001,0,17.872181136363636,35,0
2026/04/09 06:20:00,,,,,,,12.4,0.690991403508772,22.6,0,35,35.42857142857143,65.34700545454547,0,32.40799309090909,35,0
2026/04/09 06:25:00,,,,,,,13.8,0.9222620338983051,21,0,34.8,39.66386554621849,59.425738095238096,0,36.2907773015873,35,0.2
2026/04/09 06:30:00,,,,,,,15,0.7664258571428572,18.6,0,33.6,44.652406417112296,249.01054714285715,0,38.777170999999996,35,1.4
2026/04/09 06:35:00,,,,,,,17,0.9323595121951218,16.4,0,33.4,50.85561497326203,55.15813950617284,0,43.076902592592596,35,1.6
2026/04/09 06:40:00,,,,,,,20,0.8926208247422681,14.6,0,34.6,57.81512605042017,62.27105656565656,0,86.0707118181818,35,0.4
2026/04/09 06:45:00,,,,,,,22.4,0.9841012037037037,12.6,0,35,64,356.4962364485981,0,123.5136255140187,35,0
2026/04/09 06:50:00,,,,,,,26.4,0.9969715151515153,8.6,0,35,75.42857142857142,96.79074198473282,0,51.797612923076926,41.4,6.4
2026/04/09 06:55:00,,,,,,,28,0.8446624087591241,7.2,0,35.2,79.55555555555556,305.8707913669064,0,46.80825503597122,45.8,10.6
2026/04/09 07:00:00,,,,,,,29.2,0.4676956849315068,12.2,0,41.4,70.67784928250045,110.29371527777778,0,23.987271041666666,47,5.6
2026/04/09 07:05:00,,,,,,,30.4,0.5511780952380952,15.2,0,45.6,66.6991842570011,132.67474569536424,0,28.498246158940397,47,1.4
2026/04/09 07:10:00,,,,,,,35,0.865447643678161,12,0,47,74.46808510638297,57.0831918128655,0,46.42138017543859,53,6
2026/04/09 07:15:00,,,,,,,36.2,0.5102896089385475,10.8,0,47,77.0212765957447,54.10026611111112,0,25.962952166666664,59.8,12.8
2026/04/09 07:20:00,,,,,,,37,0.30114372972972975,15.6,,52.6,70.78189222227465,53.92294594594595,,13.577553405405403,61.4,8.8
2026/04/09 07:25:00,,,,,,,38.4,0.6363753225806451,21.4,0,59.8,64.2090395480226,57.95818983957219,0,29.001836898395723,62,2.2
2026/04/09 07:30:00,,,,,,,40.4,0.6953644444444445,21,0,61.4,65.79058699101004,47.06640418848167,0,33.42091146596859,62,0.6
2026/04/09 07:35:00,,,,,,,42.8,0.8078593596059113,19.2,0,62,69.03225806451613,48.71918926829268,0,46.21887424390245,68.8,6.8
2026/04/09 07:40:00,,,,,,,43.8,0.8304062135922332,18.2,0,62,70.64516129032259,130.49148701923076,0,42.3034160576923,72.4,10.4
2026/04/09 07:45:00,,,,,,,44.2,0.7872423786407766,24.4,0,68.6,64.58902268214241,91.30598164251208,0,77.82944606796117,74,5.4
2026/04/09 07:50:00,,,,,,,45.8,0.7003672596153846,26.6,0,72.4,63.261035007610346,61.988942233009716,0,57.31950432038834,74,1.6
2026/04/09 07:55:00,,,,,,,45.4,0.6414751776649746,27.6,0,73,62.19178082191782,50.814418090452264,0,38.050026180904524,74,1
2026/04/09 08:00:00,,,,,,,47.2,0.5817604020100503,25.8,0,73,64.65753424657535,66.60545,0,40.7965016,74,1
2026/04/09 08:05:00,,,,,,,48,0.5846136111111111,26,0,74,64.86486486486487,107.92006976744187,0,33.28441087962963,74.4,0.4
2026/04/09 08:10:00,,,,,,,48.6,0.5039627884615385,25.4,0,74,65.67567567567566,76.02606730769232,0,23.668098076923076,75,1
2026/04/09 08:15:00,,,,,,,50.6,0.5498303720930233,23.8,0,74.4,68.01081081081081,209.16641296296297,0,24.32594074074074,75,0.6
2026/04/09 08:20:00,,,,,,,51,0.6580591479820629,24,0,75,68,266.80900814479634,0,60.449492155963306,75,0
2026/04/09 08:25:00,,,,,,,51.8,0.7920135371179039,23.2,0,75,69.06666666666665,112.94842324561404,0,83.90501493392071,75,0
2026/04/09 08:30:00,,,,,,,52.8,0.982839304347826,22.2,0,75,70.4,250.70989956331883,0,51.73397209606987,75,0
2026/04/09 08:35:00,,,,,,,53,1.2464055793991415,22,0,75,70.66666666666667,255.51794529914528,0,77.36728918803418,75,0
2026/04/09 08:40:00,,,,,,,53.4,1.2501293801652893,21.6,0,75,71.2,148.93734752066118,0,111.74553643153529,75,0
2026/04/09 08:45:00,,,,,,,54,0.9069970954356846,21,0,75,72,81.01709253112033,0,53.22237762500001,75,0
2026/04/09 08:50:00,,,,,,,54,0.7303642499999999,21,0,75,72,67.4620806722689,0,25.4481912184874,75,0
2026/04/09 08:55:00,,,,,,,54,0.6905822666666667,21,,75,72,68.84880480349344,,44.92075061135371,75,0
2026/04/09 09:00:00,,,,,,,54,0.8090777027027027,21,,75,72,114.70003031674209,,41.41025558558559,75,0
2026/04/09 09:05:00,,,,,,,54,0.7331374885844748,21,0,75,72,114.05840137614679,0,52.36975266055045,75,0
2026/04/09 09:10:00,,,,,,,54,1.071018705357143,21,0,75,72,67.95147297297297,0,85.67462954954955,75,0
2026/04/09 09:15:00,,,,,,,54,1.1260467841409691,21,0,75,72,65.82730977777778,0,85.17569435555556,75,0
2026/04/09 09:20:00,,,,,,,54,0.9195828571428571,21,,75,72,97.70889551569506,,55.68683022421525,75,0
2026/04/09 09:25:00,,,,,,,54,0.7951069302325583,21,0,75,72,88.82578018433179,0,48.525231111111104,75,0
2026/04/09 09:30:00,,,,,,,53.8,0.44425350467289726,20.2,0,74,72.7027027027027,96.45209488372093,0,23.444295399061033,75,1
2026/04/09 09:35:00,,,,,,,54,0.7837061395348838,20,0,74,72.97297297297297,62.600852093023256,0,62.77970841860465,75,1
2026/04/09 09:40:00,,,,,,,53.8,0.9731880454545453,21,0,74.8,71.92432432432432,89.30277870370368,0,76.3167971495327,75,0.2
2026/04/09 09:45:00,,,,,,,53,0.5939348356807512,21,0,74,71.62162162162163,60.56573767441862,0,48.58785604651162,75,1
2026/04/09 09:50:00,,,,,,,53,0.9147737962962964,21.2,0,74.2,71.43063063063065,142.4052051162791,0,34.51711157407408,75,0.8
2026/04/09 09:55:00,,,,,,,52.8,0.9949434741784037,22,,74.8,70.5873873873874,166.67988130841124,,59.654333534883726,75,0.2
2026/04/09 10:00:00,,,,,,,51.4,0.9415775980392158,22,,73.4,70.02591632728618,110.06282995169082,,44.29476483091788,75,1.6
2026/04/09 10:05:00,,,,,,,50.2,0.7307673979591837,22.4,,72.6,69.1476407914764,65.80276326530613,,37.78465418367347,75,2.4
2026/04/09 10:10:00,,,,,,,48.2,0.5053385561497326,23.8,,72,66.94444444444446,51.43374734042553,,27.90326569148936,75,3
2026/04/09 10:15:00,,,,,,,48,0.6738956725146199,25.2,0,73.2,65.57571269900038,49.52823028571428,0,39.77801702857143,75,1.8
2026/04/09 10:20:00,,,,,,,48,0.8288827745664741,27,0,75,64,50.069887134502935,0,68.89140631578947,75,0
2026/04/09 10:25:00,,,,,,,48.2,0.7971836781609197,26.8,0,75,64.26666666666667,49.41992931034483,0,50.979382093023254,75,0
2026/04/09 10:30:00,,,,,,,47.6,0.41294523809523803,26,0,73.6,64.66977662594101,49.69850119760479,0,21.551268392857143,75,1.4
2026/04/09 10:35:00,,,,,,,47,0.41548885906040267,26,0,73,64.38356164383562,244.51278684210524,0,18.493370198675496,75,2
2026/04/09 10:40:00,,,,,,,47,0.3827857746478873,27.6,0,74.6,63.005405405405405,318.3059964788733,0,11.425636971830986,75,0.4
2026/04/09 10:45:00,,,,,,,47,0.4503158015267175,28,,75,62.666666666666664,508.46110381679387,,9.729304242424243,75,0
2026/04/09 10:50:00,,,,,,,47,0.6452285925925927,28,0,75,62.666666666666664,504.99746766917303,0,96.14145954887218,75,0
2026/04/09 10:55:00,,,,,,,47,0.3453876,28,,75,62.666666666666664,497.8839738095238,,20.03777126984127,75,0
2026/04/09 11:00:00,,,,,,,46.2,0.4462255172413794,28,0,74.2,62.26306306306306,50.48264159292036,0,27.899154910714287,75,0.8
2026/04/09 11:05:00,,,,,,,45.2,0.47281518867924527,28,0,73.2,61.74750092558312,57.17005046728971,0,68.24962429906543,75,1.8
2026/04/09 11:10:00,,,,,,,45,0.3141122115384615,28.6,0,73.6,61.144020733061836,56.56355238095239,0,26.24782638095238,75,1.4
2026/04/09 11:15:00,,,,,,,45,0.3342662745098039,29.8,0,74.8,60.16216216216217,131.64945544554456,0,4.683412574257425,75,0.2
2026/04/09 11:20:00,,,,,,,44.6,0.4956189108910891,30,0,74.6,59.78378378378378,143.59483663366336,0,55.31414207920791,75,0.4
2026/04/09 11:25:00,,,,,,,43.2,0.3336651612903226,30,0,73.2,59.015179563124775,119.83282637362638,0,19.83377510869565,75,1.8
2026/04/09 11:30:00,,,,,,,43,0.49365538461538466,30.6,0,73.6,58.42650870048131,55.147934177215184,0,12.353936455696203,75,1.4
2026/04/09 11:35:00,,,,,,,42.6,0.5089841428571429,32,,74.6,57.10270270270271,57.50386619718311,,31.778221126760567,75,0.4
2026/04/09 11:40:00,,,,,,,41.8,0.4403293243243243,32,0,73.8,56.63828211773417,61.964871232876725,0,63.79560863013698,75,1.2
2026/04/09 11:45:00,,,,,,,41,0.3483729411764706,32.6,0,73.6,55.708996667900784,61.31517647058825,0,45.60741132352941,75,1.4
2026/04/09 11:50:00,,,,,,,40.4,0.1099610606060606,33.4,0,73.8,54.74268789337283,53.959436363636364,0,34.88605909090909,75,1.2
2026/04/09 11:55:00,,,,,,,40,0.5881617741935484,34,0,74,54.05405405405405,61.620730645161295,0,127.34107,75,1
2026/04/09 12:00:00,,,,,,,39.8,0.475861111111111,35,0,74.8,53.207207207207205,69.87124428571428,0,211.6491,75,0.2
2026/04/09 12:05:00,,,,,,,39.6,0.6689520895522388,34.4,0,74,53.51351351351351,95.4181656716418,0,97.49688462686568,75,1
2026/04/09 12:10:00,,,,,,,39.6,0.6434796923076923,34,0,73.6,53.80229544613106,534.9334515151514,0,182.93912818181818,75,1.4
2026/04/09 12:15:00,,,,,,,37,0.31664779220779227,35,0,72,51.38888888888889,331.31916399999994,0,118.5681880263158,75,3
2026/04/09 12:20:00,,,,,,,37,0.2248597647058824,36,0,73,50.69619482496195,64.07525662650602,0,87.33583204819276,75,2
2026/04/09 12:25:00,,,,,,,36.4,0.32240074074074077,38,0,74.4,48.92252252252253,60.12152705882353,0,78.6472871764706,75,0.6
2026/04/09 12:30:00,,,,,,,37,0.7056059574468085,37,0,74,50,53.805448936170215,0,134.7375155319149,75,1
2026/04/09 12:35:00,,,,,,,37,0.5255243119266055,35.8,0,72.8,50.8454011741683,165.3581532110092,0,95.40018256880734,73,1
2026/04/09 12:40:00,,,,,,,37.4,0.5965524166666666,31.8,0,69.2,54.04647569605389,52.13762083333333,0,45.382109916666664,70,0.8
2026/04/09 12:45:00,,,,,,,36.2,0.2077135820895522,30.4,0,66.6,54.35549525101764,52.45178778625954,0,57.608147692307696,70,3.4
2026/04/09 12:50:00,,,,,,,36.8,0.45329971014492754,30.6,0,67.4,54.61526360293394,112.22924927536232,0,18.94941401459854,70,2.6
2026/04/09 12:55:00,,,,,,,36.6,0.42837607407407413,32.6,,69.2,52.89026915113872,57.36196888888889,,23.810861037037036,70,0.8
2026/04/09 13:00:00,,,,,,,36.8,0.5192155882352941,32.2,0,69,53.333333333333336,69.00740073529411,0,29.141798308823528,70,1
2026/04/09 13:05:00,,,,,,,37.2,0.3626246206896552,31.6,0,68.8,54.070758738277924,58.85781527777778,0,36.02642541666667,70,1.2
2026/04/09 13:10:00,,,,,,,37,0.4284620945945946,31.2,0,68.2,54.254049445865306,54.19180134228187,0,25.481330536912754,70,1.8
2026/04/09 13:15:00,,,,,,,35.6,0.5135380985915493,32,0,67.6,52.656156557366614,58.8490951724138,0,37.16140137931034,70,2.4
2026/04/09 13:20:00,,,,,,,36.2,0.6505838194444444,31.8,0,68,53.23529411764706,58.90675273972602,0,54.83900232876712,70,2
2026/04/09 13:25:00,,,,,,,37,0.6730925490196078,32.8,0,69.8,53.0103519668737,58.32457960526316,0,36.83802546052632,70,0.2
2026/04/09 13:30:00,,,,,,,37,0.4887006944444445,33,0,70,52.857142857142854,59.63365578231292,0,66.50783425675677,70,0
2026/04/09 13:35:00,,,,,,,36,0.5573462666666666,33,0,69,52.173913043478265,233.173464,0,70.82784446666668,70,1
2026/04/09 13:40:00,,,,,,,36,0.4058184459459459,33.2,,69.2,52.02484472049689,265.2680433333333,,8.910311733333334,70,0.8
2026/04/09 13:45:00,,,,,,,36.4,0.39676379999999994,33.6,0,70,52,208.69948333333335,0,14.0143018,70,0
2026/04/09 13:50:00,,,,,,,37,0.6039590967741936,32,0,69,53.6231884057971,221.33804444444445,0,61.10463993506494,70,1
2026/04/09 13:55:00,,,,,,,37.6,0.8101192156862745,31.4,0,69,54.49275362318841,65.9445092105263,0,39.17078572368421,70,1
2026/04/09 14:00:00,,,,,,,37.2,0.8280375333333333,32,0,69.2,53.75569358178054,59.80259066666667,0,43.10899516556291,70,0.8
2026/04/09 14:05:00,,,,,,,37.2,0.7814585714285714,31.2,0,68.4,54.38618925831203,71.68190921052631,0,52.033707320261435,70,1.6
2026/04/09 14:10:00,,,,,,,38,0.7361542675159235,31,0,69,55.07246376811595,67.75953899371069,0,27.599912012578617,70,1
2026/04/09 14:15:00,,,,,,,38,0.5135967878787879,31.6,0,69.6,54.60041407867495,63.61947530120483,0,49.8059763253012,70,0.4
2026/04/09 14:20:00,,,,,,,38,0.5633456874999999,32,,70,54.28571428571429,53.7213,,16.3235724375,70,0
2026/04/09 14:25:00,,,,,,,38,0.48239868750000003,32,0,70,54.28571428571429,62.29833788819876,0,43.809452125,70,0
2026/04/09 14:30:00,,,,,,,38,0.6186451552795029,32,0,70,54.28571428571429,61.959733125,0,34.258235187500006,70,0
2026/04/09 14:35:00,,,,,,,38,0.8140869620253165,32,,70,54.28571428571429,63.29982173913044,,48.352793812499996,70,0
2026/04/09 14:40:00,,,,,,,38.2,0.7651157594936708,31.8,0,70,54.57142857142857,61.07761000000001,0,28.547037624999994,70,0
2026/04/09 14:45:00,,,,,,,39,0.5734134131736527,31,0,70,55.71428571428571,59.725432530120486,0,51.32567521212121,70,0
2026/04/09 14:50:00,,,,,,,39,0.6031730909090909,31,,70,55.71428571428571,55.57247272727273,,24.607529515151516,70,0
2026/04/09 14:55:00,,,,,,,39,0.5948639634146341,31,,70,55.71428571428571,53.25399515151515,,43.59437412121212,70,0
2026/04/09 15:00:00,,,,,,,39,0.7574904819277108,31,0,70,55.71428571428571,51.96032134146342,0,41.951911036585365,70,0
2026/04/09 15:05:00,,,,,,,40,0.9799768987341771,30,0,70,57.142857142857146,58.41170987654321,0,52.26455740740741,70,0
2026/04/09 15:10:00,,,,,,,40,0.8196981132075473,30,0,70,57.142857142857146,56.973122929936295,0,55.10327974522292,70,0
2026/04/09 15:15:00,,,,,,,40,0.6430427215189873,30,0,70,57.142857142857146,56.00277898089172,0,41.41492757961784,70,0
2026/04/09 15:20:00,,,,,,,39,0.6316652447552449,30,0,69,56.521739130434774,56.77954482758621,0,48.07687427586207,70,1
2026/04/09 15:25:00,,,,,,,39,0.788930223880597,30.2,0,69.2,56.36024844720497,56.259632835820895,0,46.96871141791045,70,0.8
2026/04/09 15:30:00,,,,,,,38.6,0.5622623880597015,31,0,69.6,55.457556935817806,58.95308015267177,0,42.878766590909095,70,0.4
2026/04/09 15:35:00,,,,,,,36.4,0.5734501754385966,31,0,67.4,54.0035118525022,61.38654260869564,0,59.473017456140354,70,2.6
2026/04/09 15:40:00,,,,,,,36.4,0.6840844144144144,31.4,0,67.8,53.68776322988638,64.03834774774776,0,65.89324522522521,70,2.2
2026/04/09 15:45:00,,,,,,,37,0.6538353153153154,32.8,0,69.8,53.0103519668737,67.34984684684686,0,52.79131348214286,70,0.2
2026/04/09 15:50:00,,,,,,,36.8,0.6608855140186916,33,0,69.8,52.72049689440994,55.19613619047619,0,52.57457552380952,70,0.2
2026/04/09 15:55:00,,,,,,,36,0.788404,33,0,69,52.173913043478265,48.1758,0,61.636986082474216,70,1
2026/04/09 16:00:00,,,,,,,36,0.5491133720930232,33.4,0,69.4,51.87577639751553,50.30996590909091,0,34.050532272727274,70,0.6
2026/04/09 16:05:00,,,,,,,36,0.18307144578313253,34,0,70,51.42857142857143,48.33739277108434,0,12.070632500000002,70,0
2026/04/09 16:10:00,,,,,,,36,0.7102845679012346,31.6,0,67.6,53.27078891257995,47.57583170731708,0,40.238808658536584,67,0
2026/04/09 16:15:00,,,,,,,36,0.7934958024691359,31,0,67,53.73134328358209,45.37869879518072,0,36.39031867469879,67,0
2026/04/09 16:20:00,,,,,,,36.2,0.9025942045454546,29.8,0,66,54.84848484848485,46.938032584269656,0,60.992598666666666,67,1
2026/04/09 16:25:00,,,,,,,36,0.6232345882352942,29,,65,55.38461538461538,44.53234588235294,,24.429213176470586,67,2
2026/04/09 16:30:00,,,,,,,36,0.6170473493975904,30.2,0,66.2,54.38263229308005,47.81422469135803,0,26.431363827160492,67,0.8
2026/04/09 16:35:00,,,,,,,36,0.44651898734177214,31,,67,53.73134328358209,49.13938375,,20.3453665,67,0
2026/04/09 16:40:00,,,,,,,35,0.7326084507042253,31,0,66,53.030303030303024,50.58556164383562,0,42.96401178082192,67,1
2026/04/09 16:45:00,,,,,,,35.2,0.9865816923076922,31,0,66.2,53.17051108095884,54.567340625,0,45.813929384615385,67,0.8
2026/04/09 16:50:00,,,,,,,35.6,1.085363684210526,31,0,66.6,53.45092718227047,58.561793333333334,0,58.125736499999995,67,0.4
2026/04/09 16:55:00,,,,,,,35,1.3411846153846152,31,0,66,53.030303030303024,54.55215686274511,0,80.09110705882352,67,1
2026/04/09 17:00:00,,,,,,,34.8,1.2985584905660377,31.6,0,66.4,52.41067390321122,55.49038518518518,0,78.2174825925926,67,0.6
2026/04/09 17:05:00,,,,,,,34,0.9524317999999999,32,,66,51.515151515151516,50.369004000000004,,40.7886832,66.2,0.8
2026/04/09 17:10:00,,,,,,,32.4,0.8710177777777776,30.2,,62.6,51.76674937965261,64.59323111111111,,59.83512133333333,63,0.8
2026/04/09 17:15:00,,,,,,,31.8,1.2868821276595745,30,0,61.8,51.45425700687467,79.24754042553192,0,71.18669723404254,61.4,0.6
2026/04/09 17:20:00,,,,,,,30,1.0583537209302325,26.8,,56.8,52.81328320802005,49.92042093023255,,40.94874697674418,59,2.2
2026/04/09 17:25:00,,,,,,,28.6,1.379397619047619,27.6,0,56.2,50.89598997493734,55.96362439024391,0,118.61266414634147,59,2.8
2026/04/09 17:30:00,,,,,,,27.4,1.6942842105263158,29.6,0,57,48.06369371705125,53.86761081081081,0,160.4723040540541,59,2
2026/04/09 17:35:00,,,,,,,24.6,1.6708139999999998,30.6,,55.2,44.55844155844155,54.43346666666666,,77.60991333333332,59,3.8
2026/04/09 17:40:00,,,,,,,24,1.698210322580645,32.4,0,56.4,42.56185919343814,53.475593333333336,0,83.67799233333334,59,2.6
2026/04/09 17:45:00,,,,,,,23,2.3984399999999995,33.6,0,56.6,40.65951713138646,62.45881764705882,0,118.85379911764707,55.8,0.4
2026/04/09 17:50:00,,,,,,,21.8,2.9718339393939393,32,0,53.8,40.51712089447939,60.01992121212121,0,197.90812909090909,55,1.2
2026/04/09 17:55:00,,,,,,,20.8,0.9610743333333333,30.6,,51.4,40.47354790972993,58.25195,,39.82139466666667,52,0.8
2026/04/09 18:00:00,,,,,,,19.2,0.8058751851851851,31,0,50.2,38.24313725490196,59.99495555555555,0,67.03045185185185,51.2,1.4
2026/04/09 18:05:00,,,,,,,18,1.1035175,27.4,,45.4,39.63285024154589,52.791005,,48.4746425,48,2.6
2026/04/09 18:10:00,,,,,,,17,1.6514993333333337,28.4,,45.4,37.4721941354904,59.70437333333333,,71.81830733333335,45.6,1
2026/04/09 18:15:00,,,,,,,17,1.3078011764705884,26.6,0,43.6,38.99577167019027,62.7267875,0,68.241555,44,0.4
2026/04/09 18:20:00,,,,,,,17,1.0146840000000001,26.2,,43.2,39.37229437229438,59.88562666666667,,24.721965333333333,42.4,0
2026/04/09 18:25:00,,,,,,,17,0.046888,25,,42,40.476190476190474,58.694253333333336,,1.4005866666666664,42,0
2026/04/09 18:30:00,,,,,,,17,0.0036935294117647057,23.4,0,40.4,42.095238095238095,59.828225,0,43.50498588235294,40,0
2026/04/09 18:35:00,,,,,,,17,0.0000010000000000000002,23,,40,42.5,64.06481818181817,,0.00004,39.6,0
2026/04/09 18:40:00,,,,,,,16,0,21,,37,43.24324324324324,62.93856000000001,,0,38,1
2026/04/09 18:45:00,,,,,,,14.8,0.0030863636363636367,21,0,35.8,41.27768945416004,60.565933333333334,0,107.28031750000001,36.8,1
2026/04/09 18:50:00,,,,,,,10.8,0,20.2,,31,34.907407407407405,65.06654,,0,35,4
2026/04/09 18:55:00,,,,,,,9.8,0,18.4,,28.2,34.75369458128078,78.7488,,0,31,2.8
2026/04/09 19:00:00,,,,,,,9,,19.2,,28.2,31.937602627257796,,,,28.6,0.6
2026/04/09 19:05:00,,,,,,,9,,19,,28,32.142857142857146,,,,27.8,0
2026/04/09 19:10:00,,,,,,,9,,18,,27,33.333333333333336,,,,27,0
2026/04/09 19:15:00,,,,,,,9,,17.8,0,26.8,33.58974358974359,,0,,26.4,0
2026/04/09 19:20:00,,,,,,,9.6,0.98813,16,0,25.6,37.47692307692308,146.448925,0,23.444405,26,0.4
2026/04/09 19:25:00,,,,,,,9,0,15.4,,24.4,36.9,49.9236,,2.915978,24.4,0.2
2026/04/09 19:30:00,,,,,,,8.6,0.280812,15,,23.6,36.36363636363636,53.91508,,13.628298000000001,23.8,0.2
2026/04/09 19:35:00,,,,,,,7,0.9123275,14,,21,33.333333333333336,46.044799999999995,,24.000336,23,2
2026/04/09 19:40:00,,,,,,,7,0.08075800000000001,12.4,,19.4,36.22222222222222,47.74047999999999,,2.352626,20,0.8
2026/04/09 19:45:00,,,,,,,7,0.000438,12.8,,19.8,35.368421052631575,46.56712,,0.011032,19.6,0
2026/04/09 19:50:00,,,,,,,6.2,0.0000020000000000000003,12,,18.2,34.035087719298254,45.69575999999999,,0.000052000000000000004,19,0.8
2026/04/09 19:55:00,,,,,,,6,0,11.6,,17.6,34.117647058823536,41.17456,,0,17.4,0.2
2026/04/09 20:00:00,,,,,,,5,0,11,,16,31.25,46.322720000000004,,0,17,1
2026/04/09 20:05:00,,,,,,,4.4,0,9.6,,14,31.41483516483517,43.674279999999996,,0,15,1.2
2026/04/09 20:10:00,,,,,,,4,0,9.8,,13.8,29.01098901098901,46.379200000000004,,0,13.8,0.4
2026/04/09 20:15:00,,,,,,,4,0,9,,13,30.769230769230766,42.863640000000004,,0,13,0
2026/04/09 20:20:00,,,,,,,4,0,8.4,,12.4,32.30769230769231,41.41436,,0,12.2,0
2026/04/09 20:25:00,,,,,,,4,0,8,,12,33.333333333333336,43.13808,,0,11.8,0
2026/04/09 20:30:00,,,,,,,4,0,7,0,11,36.36363636363637,42.917880000000004,0,0,11,0
2026/04/09 20:35:00,,,,,,,4.2,0.3390033333333333,5.2,0,9.4,45.090909090909086,54.57451999999999,0,6.891003,9.8,0.6
2026/04/09 20:40:00,,,,,,,4,0.621462,4,,8,50,60.728959999999994,,21.440279999999998,9,1
2026/04/09 20:45:00,,,,,,,4,0.051498,3.8,,7.8,52.06349206349206,58.9034,,4.698068,7,0
2026/04/09 20:50:00,,,,,,,4,0.019814000000000002,3,,7,57.142857142857146,46.97279999999999,,0.588182,7,0
2026/04/09 20:55:00,,,,,,,2.6,0.00010800000000000002,3,,5.6,45.42857142857143,45.441680000000005,,0.002734,7,1.4
2026/04/09 21:00:00,,,,,,,2,0,3,,5,40,46.633759999999995,,0.00001,7,2
2026/04/09 21:05:00,,,,,,,2,0,4.8,,6.8,29.523809523809526,42.742599999999996,,0,7,0.2
2026/04/09 21:10:00,,,,,,,2,0,5,,7,28.571428571428573,35.702079999999995,,0,7,0
2026/04/09 21:15:00,,,,,,,2,0,5,,7,28.571428571428573,45.135799999999996,,12.873874,7,0
2026/04/09 21:20:00,,,,,,,2,0.095868,4.2,,6.2,32.38095238095239,39.0256,,12.331259999999999,6,0
2026/04/09 21:25:00,,,,,,,2,0.051784,3.8,,5.8,34.66666666666667,32.41948,,0.7643199999999999,5.6,0
2026/04/09 21:30:00,,,,,,,2,0.00027800000000000004,3,,5,40,54.73788,,0.0035440000000000007,5,0
2026/04/09 21:35:00,,,,,,,2,0,2.4,,4.4,46,30.56528,,0.000016000000000000003,4.2,0
2026/04/09 21:40:00,,,,,,,2,0,2,,4,50,31.91888,,0,4,0
2026/04/09 21:45:00,,,,,,,2,0,2,,4,50,30.79976,,0,4,0
2026/04/09 21:50:00,,,,,,,2,0,2,,4,50,31.967200000000002,,0,4,0
2026/04/09 21:55:00,,,,,,,2,0,2,,4,50,31.919639999999998,,0,4,0
2026/04/09 22:00:00,,,,,,,2,0,2,,4,50,36.746680000000005,,0,4,0
2026/04/09 22:05:00,,,,,,,2,0,2,,4,50,30.729560000000003,,0,4,0
2026/04/09 22:10:00,,,,,,,2,0,2,,4,50,30.0334,,0,4,0
2026/04/09 22:15:00,,,,,,,2,,2,,4,50,,,,4,0
2026/04/09 22:20:00,,,,,,,2,,2,,4,50,,,,4,0
2026/04/09 22:25:00,,,,,,,2,,2,,4,50,,,,4,0
2026/04/09 22:30:00,,,,,,,2,,2,,4,50,,,,4,0
2026/04/09 22:35:00,,,,,,,2,,2,,4,50,,,,4,0
2026/04/09 22:40:00,,,,,,,1,,2,,3,33.333333333333336,,,,4,1
2026/04/09 22:45:00,,,,,,,1,0.027219999999999998,2.2,0,3.2,31.666666666666668,53.93565,0,97.1701625,4,0.8
2026/04/09 22:50:00,,,,,,,1,0,3,,4,25,28.8354,,1.00887,4,0
2026/04/09 22:55:00,,,,,,,1,0,3,,4,25,28.23204,,0.004709999999999999,4,0
2026/04/09 23:00:00,,,,,,,1,0,3,,4,25,29.642600000000005,,0.000019999999999999998,4,0
2026/04/09 23:05:00,,,,,,,1,0,3,,4,25,28.701959999999996,,0,4,0
2026/04/09 23:10:00,,,,,,,1,0,3,,4,25,28.69212,,0,4,0
2026/04/09 23:15:00,,,,,,,1,0,3,,4,25,29.655999999999995,,0,4,0
2026/04/09 23:20:00,,,,,,,1,,3,,4,25,,,,4,0
2026/04/09 23:25:00,,,,,,,1,,3,,4,25,,,,4,0
2026/04/09 23:30:00,,,,,,,1,,3,,4,25,,,,4,0
2026/04/09 23:35:00,,,,,,,1,,3,,4,25,,,,4,0
2026/04/09 23:40:00,,,,,,,1,,3,,4,25,,,,4,0
2026/04/09 23:45:00,,,,,,,1,,3,,4,25,,,,4,0
2026/04/09 23:50:00,,,,,,,1,,3,,4,25,,,,4,0
2026/04/09 23:55:00,,,,,,,1,,3,,4,25,,,,4,0
2026/04/10 00:00:00,,,,,,,1,,3,,4,25,,,,4,0
2026/04/10 00:05:00,,,,,,,1,,3,,4,25,,,,4,0
2026/04/10 00:10:00,,,,,,,1,0,3,0,4,25,26.732166666666668,0,230.16768666666667,4,0
2026/04/10 00:15:00,,,,,,,1,0,3,,4,25,30.69222,,4.068914,4,0
2026/04/10 00:20:00,,,,,,,1,0,3,,4,25,27.69312,,0.732768,4,0
2026/04/10 00:25:00,,,,,,,1,0,3,,4,25,28.31176,,0.718684,4,0
2026/04/10 00:30:00,,,,,,,1,0,3,,4,25,27.61288,,0.717858,4,0
2026/04/10 00:35:00,,,,,,,1,0,3,,4,25,29.147879999999997,,0.7168159999999999,4,0
2026/04/10 00:40:00,,,,,,,1,0,3,,4,25,29.830239999999996,,0.565498,4,0
2026/04/10 00:45:00,,,,,,,1,,3,,4,25,,,,4,0
2026/04/10 00:50:00,,,,,,,1,,3,,4,25,,,,4,0
2026/04/10 00:55:00,,,,,,,1,,3,,4,25,,,,4,0
2026/04/10 01:00:00,,,,,,,1,,3,,4,25,,,,4,0
2026/04/10 01:05:00,,,,,,,1,,3,,4,25,,,,4,0
2026/04/10 01:10:00,,,,,,,1,,3,,4,25,,,,4,0
2026/04/10 01:15:00,,,,,,,1,,3,,4,25,,,,4,0
2026/04/10 01:20:00,,,,,,,1,,3,,4,25,,,,4,0
2026/04/10 01:25:00,,,,,,,1,,3,,4,25,,,,4,0
2026/04/10 01:30:00,,,,,,,1,,3,,4,25,,,,4,0
2026/04/10 01:35:00,,,,,,,1,0.06101,3,0,4,25,31.1299,0,28.93396,4,0
2026/04/10 01:40:00,,,,,,,1,0,3,,4,25,27.53056,,1.1715180000000003,4,0
2026/04/10 01:45:00,,,,,,,1,0,3,,4,25,28.036399999999997,,0.005184,4,0
2026/04/10 01:50:00,,,,,,,1,0,3,,4,25,28.77432,,0.000024,4,0
2026/04/10 01:55:00,,,,,,,1,0,3,,4,25,28.7934,,0,4,0
2026/04/10 02:00:00,,,,,,,1,0,3,,4,25,28.37876,,0,4,0
2026/04/10 02:05:00,,,,,,,1,0,3,,4,25,28.767200000000003,,0,4,0
2026/04/10 02:10:00,,,,,,,1,,3,,4,25,,,0,4,0
2026/04/10 02:15:00,,,,,,,1,,3,,4,25,,,,4,0
2026/04/10 02:20:00,,,,,,,1,,3,,4,25,,,,4,0
2026/04/10 02:25:00,,,,,,,1,0,3,0,4,25,46.493,0,385.43802,4,0
2026/04/10 02:30:00,,,,,,,1,0,3,,4,25,31.367020000000004,,6.461688,4,0
2026/04/10 02:35:00,,,,,,,1,0,3,,4,25,30.788079999999997,,0.7430100000000001,4,0
2026/04/10 02:40:00,,,,,,,1,0,3,,4,25,29.96064,,0.7145219999999999,4,0
2026/04/10 02:45:00,,,,,,,1,0,3,,4,25,29.97912,,0.7139260000000001,4,0
2026/04/10 02:50:00,,,,,,,1,0,3,,4,25,29.90452,,0.7153780000000001,4,0
2026/04/10 02:55:00,,,,,,,1,0,3,,4,25,30.12076,,0.712462,4,0
2026/04/10 03:00:00,,,,,,,1,0.13343000000000002,3,0,4,25,30.381133333333334,0,8.658023333333334,4,0
2026/04/10 03:05:00,,,,,,,1,0,3,,4,25,28.302,,2.06267,4,0
2026/04/10 03:10:00,,,,,,,1,0,3,,4,25,29.14076,,0.009326000000000001,4,0
2026/04/10 03:15:00,,,,,,,1,0,3,,4,25,28.68368,,0.000044,4,0
2026/04/10 03:20:00,,,,,,,1,0,3,,4,25,28.928679999999996,,0,4,0
2026/04/10 03:25:00,,,,,,,1,0,3,,4,25,29.753320000000002,,0,4,0
2026/04/10 03:30:00,,,,,,,1,0,3,,4,25,29.38648,,0,4,0
2026/04/10 03:35:00,,,,,,,1,,3,,4,25,,,,4,0
2026/04/10 03:40:00,,,,,,,1,,3,,4,25,,,,4,0
2026/04/10 03:45:00,,,,,,,1,,3,,4,25,,,,4,0
2026/04/10 03:50:00,,,,,,,1,,3,,4,25,,,,4,0
2026/04/10 03:55:00,,,,,,,1,,3,,4,25,,,,4,0
2026/04/10 04:00:00,,,,,,,1,,3,,4,25,,,,4,0
2026/04/10 04:05:00,,,,,,,1,,3,,4,25,,,,4,0
2026/04/10 04:10:00,,,,,,,1,,3,,4,25,,,,4,0
2026/04/10 04:15:00,,,,,,,1,,3,,4,25,,,,4,0
2026/04/10 04:20:00,,,,,,,1,,3,,4,25,,,,4,0
2026/04/10 04:25:00,,,,,,,1,,3,0,4,25,,0,,4,0
2026/04/10 04:30:00,,,,,,,1,0,3,,4,25,40.50858,,51.922864000000004,4,0
2026/04/10 04:35:00,,,,,,,1,0,3,,4,25,30.544400000000003,,0.902704,4,0
2026/04/10 04:40:00,,,,,,,1,0,3,,4,25,30.561040000000002,,0.717424,4,0
2026/04/10 04:45:00,,,,,,,1,0,3,,4,25,31.45328,,0.707948,4,0
2026/04/10 04:50:00,,,,,,,1,0,3,,4,25,29.79284,,0.7166780000000001,4,0
2026/04/10 04:55:00,,,,,,,1,0,3,,4,25,28.09336,,0.716666,4,0
2026/04/10 05:00:00,,,,,,,1,0,3,,4,25,29.2836,,0.492915,28.8,24.8
2026/04/10 05:05:00,,,,,,,1,,3,,4,25,,,,35,31
2026/04/10 05:10:00,,,,,,,1,,23.8,,24.8,7.925388337153042,,,,35,10.2
2026/04/10 05:15:00,,,,,,,1,,34,,35,2.857142857142857,,,,35,0
2026/04/10 05:20:00,,,,,,,1.4,1.82104,33.6,0,35,4,141.14,0,5.3565,35,0
2026/04/10 05:25:00,,,,,,,2,1.7690919999999999,33,,35,5.714285714285714,52.533699999999996,,71.85859,35,0
2026/04/10 05:30:00,,,,,,,2,0.4892740000000001,33,,35,5.714285714285714,42.762519999999995,,21.680042,35,0
2026/04/10 05:35:00,,,,,,,2,0.002666,33,0,35,5.714285714285714,42.85656,0,0.100122,35,0
2026/04/10 05:40:00,,,,,,,3,0.8260155555555556,32,0,35,8.571428571428571,61.31466666666667,0,93.21432777777777,35,0
2026/04/10 05:45:00,,,,,,,3,1.181685,32,,35,8.571428571428571,44.43458,,67.345143,35,0
2026/04/10 05:50:00,,,,,,,3,1.8067540000000002,32,0,35,8.571428571428571,43.22700000000001,0,40.946327,35,0
2026/04/10 05:55:00,,,,,,,6,0.8492067857142857,29,0,35,17.142857142857142,62.6799142857143,0,52.08841678571429,35,0
2026/04/10 06:00:00,,,,,,,7,1.278669696969697,28,0,35,20,48.19058235294118,0,53.99635235294117,35,0
2026/04/10 06:05:00,,,,,,,9.8,0.9905351219512194,25.2,0,35,28,58.69626999999999,0,137.13244404761903,35,0
2026/04/10 06:10:00,,,,,,,11.2,0.6689902040816326,23.8,0,35,32,69.37158600000001,0,61.42798619999999,35,0
2026/04/10 06:15:00,,,,,,,12.4,0.4618924137931034,22.4,0,34.8,35.63025210084034,125.84346071428571,0,27.79962464285714,35,0.2
2026/04/10 06:20:00,,,,,,,13,0.4348059322033898,21,0,34,38.23529411764706,559.6896066666667,0,26.592297666666664,35,1
2026/04/10 06:25:00,,,,,,,15.4,0.29673030769230774,19,0,34.4,44.75630252100841,587.2465970149254,0,17.351998358208956,35,0.6
2026/04/10 06:30:00,,,,,,,16,0.40390690140845076,19,,35,45.714285714285715,1269.3617571428574,,27.972352857142855,35,0
2026/04/10 06:35:00,,,,,,,17.2,0.440555,17.8,0,35,49.142857142857146,1372.1072438356164,0,20.516269863013697,35,0
2026/04/10 06:40:00,,,,,,,19.6,0.49021809523809523,15.4,0,35,56,496.32984216867465,0,38.41548963855421,35,0
2026/04/10 06:45:00,,,,,,,20,0.42094175000000006,15,0,35,57.142857142857146,319.19211097560975,0,22.809257804878047,35,0
2026/04/10 06:50:00,,,,,,,21.2,0.2811809411764706,13.8,0,35,60.57142857142858,298.145667816092,0,12.331599310344828,35,0
2026/04/10 06:55:00,,,,,,,24.4,0.438206320754717,10.6,0,35,69.71428571428572,505.10948679245286,0,17.40249745283019,37.8,2.8
2026/04/10 07:00:00,,,,,,,27.6,0.9906703361344538,7.4,0,35,78.85714285714286,155.92728429752066,0,58.09512404958678,43,8
2026/04/10 07:05:00,,,,,,,30.8,0.9361349242424242,5.8,0,36.6,84.38721804511277,112.1276698529412,0,48.5021036764706,48.8,12.2
2026/04/10 07:10:00,,,,,,,36,1.0647596363636365,6.4,0,42.4,84.95451230561838,152.56872562499998,0,47.802305812499995,52,9.6
2026/04/10 07:15:00,,,,,,,37.8,0.8837586904761904,10.6,0,48.4,78.25044998905182,311.93418720930237,0,79.75791377906977,52,3.6
2026/04/10 07:20:00,,,,,,,39.2,0.9571624309392265,12.8,0,52,75.38461538461539,248.8053316939891,0,79.8967793442623,59.4,7.4
2026/04/10 07:25:00,,,,,,,40,1.2816238095238095,12,,52,76.92307692307692,336.8663747368421,,101.14476989473683,66.8,14.8
2026/04/10 07:30:00,,,,,,,41.6,0.985281224489796,18.6,0,60.2,69.50824175824175,108.71690256410257,0,53.04283835897435,67,6.8
2026/04/10 07:35:00,,,,,,,43.8,0.7675302884615385,22.8,0,66.6,65.76808266360506,70.8499014423077,0,34.578707355769225,68.4,1.8
2026/04/10 07:40:00,,,,,,,44,0.7874499033816424,23,0,67,65.67164179104478,171.22851642512077,0,44.12655572815534,74,7
2026/04/10 07:45:00,,,,,,,43.2,0.8080644499999999,24.2,,67.4,64.15704791319675,133.88324504950495,,45.065939603960395,74,6.6
2026/04/10 07:50:00,,,,,,,43.4,0.7068637688442211,28.6,0,72,60.277777777777786,202.8888075,0,63.31875305,74,2
2026/04/10 07:55:00,,,,,,,45.2,1.1161122685185187,28,0,73.2,61.75675675675675,57.58252837209302,0,59.08473990697675,74.2,1
2026/04/10 08:00:00,,,,,,,46.8,1.0098165753424657,27.2,0,74,63.24324324324325,58.03370045045046,0,51.216543198198195,75,1
2026/04/10 08:05:00,,,,,,,47.2,0.7155934222222222,26.4,0,73.6,64.13180303591261,72.19215784753362,0,28.325422331838567,75,1.4
2026/04/10 08:10:00,,,,,,,48,0.8636062008733625,26,0,74,64.86486486486487,177.7523475982533,0,54.80764925764192,75,1
2026/04/10 08:15:00,,,,,,,48.2,0.9151362331838565,26.6,0,74.8,64.43963963963964,58.94080663716814,0,49.61200380530973,75,0.2
2026/04/10 08:20:00,,,,,,,49,0.785671321585903,26,,75,65.33333333333333,70.51357522123894,,32.54032057522123,75,0
2026/04/10 08:25:00,,,,,,,49,0.6532624200913242,26,,75,65.33333333333333,74.88184009009008,,24.291775675675677,75,0
2026/04/10 08:30:00,,,,,,,49.4,0.7548826760563382,25.6,0,75,65.86666666666666,61.35241813953489,0,32.277075674418604,75,0
2026/04/10 08:35:00,,,,,,,51,0.8982133179723503,24,0,75,68,58.182956481481476,0,116.27218548837209,75,0
2026/04/10 08:40:00,,,,,,,50,0.6387569444444444,24,0,74,67.56756756756756,64.22101296296296,0,56.29678916666667,75,1
2026/04/10 08:45:00,,,,,,,50.2,0.6559321363636363,24,0,74.2,67.65405405405406,69.49387727272726,0,29.920153499999998,75,0.8
2026/04/10 08:50:00,,,,,,,51,0.6994014222222222,24,0,75,68,68.66545866666665,0,32.54421364444444,75,0
2026/04/10 08:55:00,,,,,,,51,0.9752671365638768,24,0,75,68,74.69688237885464,0,53.34908956140351,75,0
2026/04/10 09:00:00,,,,,,,51,0.8489233486238531,24,0,75,68,175.97637954545453,0,56.66825440909091,75,0
2026/04/10 09:05:00,,,,,,,51,0.6553888425925926,24,0,75,68,125.04712976744186,0,44.466259120370374,75,0
2026/04/10 09:10:00,,,,,,,51,0.6498129383886255,24,,75,68,61.03000574162679,,24.879337846889946,75,0
2026/04/10 09:15:00,,,,,,,51,0.689231359223301,24,0,75,68,154.0635990291262,0,34.4025190776699,75,0
2026/04/10 09:20:00,,,,,,,50.8,0.46568005076142127,23.6,0,74.4,68.28108108108107,259.5014537688442,0,21.637065125628137,75,0.6
2026/04/10 09:25:00,,,,,,,51,0.6250673333333333,23,0,74,68.91891891891892,114.47735876288661,0,21.566804461538464,75,1
2026/04/10 09:30:00,,,,,,,52.4,0.5240646391752577,22.2,0,74.6,70.24144144144145,311.69615979381445,0,31.262675670103096,75,0.4
2026/04/10 09:35:00,,,,,,,53,0.7208738693467337,22,0,75,70.66666666666667,231.86089292929293,0,35.817238282828285,75,0
2026/04/10 09:40:00,,,,,,,53,0.8294146601941746,22,0,75,70.66666666666667,84.48959854368933,0,121.20232912195121,75,0
2026/04/10 09:45:00,,,,,,,53,0.7384327777777777,22,0,75,70.66666666666667,93.26470046511626,0,93.27907469767442,75,0
2026/04/10 09:50:00,,,,,,,53.6,0.730200045248869,21.4,0,75,71.46666666666667,105.10274144144145,0,36.57669027027027,75,0
2026/04/10 09:55:00,,,,,,,54,0.7649409502262444,21,,75,72,73.41873721973093,,28.117095964125564,75,0
2026/04/10 10:00:00,,,,,,,53.8,0.8401936538461539,21,0,74.8,71.92432432432432,71.78023846153846,0,40.47610288461538,75,0.2
2026/04/10 10:05:00,,,,,,,52,0.7241144499999999,21,0,73,71.23287671232876,88.39642871287128,0,61.12747594059405,75,2
2026/04/10 10:10:00,,,,,,,51,0.5094892857142856,21.2,,72.2,70.63926940639269,98.29241692307693,,28.54469005128205,75,2.8
2026/04/10 10:15:00,,,,,,,50,0.44639930851063825,23,,73,68.4931506849315,186.59176595744677,,19.40624845744681,75,2
2026/04/10 10:20:00,,,,,,,49.2,0.32194999999999996,24,0,73.2,67.21214365049983,125.77698539325841,0,14.990742696629212,75,1.8
2026/04/10 10:25:00,,,,,,,49,0.31693736842105263,25,,74,66.21621621621621,111.89026976744186,,7.207272616279069,75,1
2026/04/10 10:30:00,,,,,,,48.6,0.23629560240963854,26,0,74.6,65.14594594594595,187.12331696969693,0,5.927603575757575,75,0.4
2026/04/10 10:35:00,,,,,,,47.8,0.27652913580246913,26,0,73.8,64.76860422065901,304.16889578313254,0,32.69861560240964,75,1.2
2026/04/10 10:40:00,,,,,,,47,0.5247528873239437,26.6,0,73.6,63.86153276564236,55.700483687943255,0,33.50709517730497,75,1.4
2026/04/10 10:45:00,,,,,,,47,0.9205320155038759,27.4,0,74.4,63.174774774774775,56.857007633587784,0,62.64126381679389,75,0.6
2026/04/10 10:50:00,,,,,,,46.8,0.60044826446281,28,0,74.8,62.56576576576576,54.1934756097561,0,23.36300975609756,75,0.2
2026/04/10 10:55:00,,,,,,,45.8,0.7402684070796459,28,,73.8,62.0584968530174,51.63015840707965,,24.721799298245614,75,1.2
2026/04/10 11:00:00,,,,,,,45,0.4011155208333333,28.4,0,73.4,61.310625694187344,69.67994166666666,0,17.237586526315788,75,1.6
2026/04/10 11:05:00,,,,,,,44.8,0.6840939130434782,29.4,,74.2,60.378378378378386,54.00536847826086,,40.187936630434784,75,0.8
2026/04/10 11:10:00,,,,,,,43,0.9518194382022471,30,,73,58.904109589041106,63.35952666666667,,61.04579122222221,75,2
2026/04/10 11:15:00,,,,,,,43,0.957706153846154,30.4,0,73.4,58.58995433789954,65.96264175824176,0,100.05106835164835,75,1.6
2026/04/10 11:20:00,,,,,,,42.8,0.6320404210526315,32,0,74.8,57.218018018018014,80.79048645833332,0,21.108135208333334,75,0.2
2026/04/10 11:25:00,,,,,,,41.2,0.7153625287356322,32,,73.2,56.27956723847135,76.62980449438203,,14.78395224719101,75,1.8
2026/04/10 11:30:00,,,,,,,40,0.7280033333333332,32.4,,72.4,55.25114155251142,83.83355641025642,,12.545434358974358,75,2.6
2026/04/10 11:35:00,,,,,,,40.8,0.7887296153846154,33.2,0,74,55.13952856966555,99.37205974025973,0,163.75623181818182,75,1
2026/04/10 11:40:00,,,,,,,41,0.9291798571428572,34,,75,54.666666666666664,89.86442162162162,,40.25206202702703,75,0
2026/04/10 11:45:00,,,,,,,41,0.4991994285714285,34,0,75,54.666666666666664,80.59913823529412,0,64.32075294117647,75,0
2026/04/10 11:50:00,,,,,,,41,0.68904,34,0,75,54.666666666666664,81.86581666666667,0,101.47715541666668,75,0
2026/04/10 11:55:00,,,,,,,41,0.7051231818181818,34,,75,54.666666666666664,77.09917294117646,,74.62162811764706,75,0
2026/04/10 12:00:00,,,,,,,41,0.582748717948718,34,0,75,54.666666666666664,75.01222531645568,0,42.44508164556963,75,0
2026/04/10 12:05:00,,,,,,,41,0.9720111111111112,33.8,0,74.8,54.81441441441441,64.68659655172414,0,205.1331389655172,75,0.2
2026/04/10 12:10:00,,,,,,,41,0.6774736633663366,33,0,74,55.4054054054054,57.221941747572814,0,54.071646893203884,75,1
2026/04/10 12:15:00,,,,,,,41,0.5808952884615384,33.4,0,74.4,55.1099099099099,533.865718446602,0,59.06626019417476,75,0.6
2026/04/10 12:20:00,,,,,,,40,0.3013120192307692,33.8,0,73.8,54.195433789954336,826.3965752380951,0,20.893085142857142,75,1.2
2026/04/10 12:25:00,,,,,,,40,0.5579724137931035,33,0,73,54.794520547945204,543.6231807017543,0,77.87386495575221,75,2
2026/04/10 12:30:00,,,,,,,39.2,0.6475810317460318,34.4,0,73.6,53.265765765765764,805.7665819672133,0,93.46001090163932,75,1.4
2026/04/10 12:35:00,,,,,,,39,0.3530918248175183,32.8,0,71.8,54.32022729987229,77.26513333333334,0,19.682820434782606,75,3.2
2026/04/10 12:40:00,,,,,,,37.8,0.6153223448275862,32.4,0,70.2,53.847082494969825,59.34030884353742,0,96.39028462068966,75,4.8
2026/04/10 12:45:00,,,,,,,37.2,0.3849929370629371,34.8,0,72,51.67851094389779,65.44672237762238,0,30.18625021126761,75,3
2026/04/10 12:50:00,,,,,,,38.2,0.5468169078947369,35.6,0,73.8,51.75860792299149,384.2953765100671,0,54.32784845637585,75,1.2
2026/04/10 12:55:00,,,,,,,39,0.7689153703703704,35.8,0,74.8,52.14054054054054,57.11847228915663,0,67.92788192771084,75,0.2
2026/04/10 13:00:00,,,,,,,39.2,0.7817432972972973,34.2,0,73.4,53.4061458718993,59.677935754189946,0,82.18360123595505,75,1.6
2026/04/10 13:05:00,,,,,,,39,0.8653151428571428,34.4,,73.4,53.135875601629024,56.98580666666667,,51.91873188888888,75,1.6
2026/04/10 13:10:00,,,,,,,39,0.719702905027933,35.4,,74.4,52.421621621621625,131.07285444444443,,51.211139555555555,75,0.6
2026/04/10 13:15:00,,,,,,,38,0.6832430588235294,36,,74,51.351351351351354,118.27391812865497,,64.93654795321639,75,1
2026/04/10 13:20:00,,,,,,,38,0.7302579411764706,36.2,0,74.2,51.21441441441442,102.04160058823528,0,64.53228124260356,75,0.8
2026/04/10 13:25:00,,,,,,,37.6,0.5830630864197531,35.2,0,72.8,51.66729264475744,64.23623865030675,0,64.02508969512195,73.2,0.4
2026/04/10 13:30:00,,,,,,,37,0.7049110256410256,34,0,71,52.11267605633803,55.00341282051282,0,47.73744070512821,71.2,0.8
2026/04/10 13:35:00,,,,,,,38.8,0.7656450632911393,29.6,0,68.4,56.75778110277115,67.20525094339622,0,75.58865455696203,68,0.2
2026/04/10 13:40:00,,,,,,,40,0.9521175949367088,28,0,68,58.82352941176471,68.49404025157233,0,62.00347125786162,68,0
2026/04/10 13:45:00,,,,,,,40,1.2839485897435898,28,0,68,58.82352941176471,79.23922165605094,0,83.05485461538461,68,0
2026/04/10 13:50:00,,,,,,,40,1.2776246496815287,28,0,68,58.82352941176471,70.15779044585986,0,82.46032318471337,68,0
2026/04/10 13:55:00,,,,,,,39.2,1.1535869934640521,27.8,0,67,58.50746268656716,55.24507612903226,0,98.81772567741936,68,1
2026/04/10 14:00:00,,,,,,,39.2,1.2902248051948053,27.2,0,66.4,59.036635006784266,57.88452064516128,0,83.90222412903226,68,1.6
2026/04/10 14:05:00,,,,,,,39.6,0.9389917610062893,27.4,0,67,59.1044776119403,59.51775,0,157.1473935031847,68,1
2026/04/10 14:10:00,,,,,,,40,1.2988453503184714,28,,68,58.82352941176471,55.67784203821657,,76.52004713375796,68,0
2026/04/10 14:15:00,,,,,,,40.2,1.4007335135135135,27.2,0,67.4,59.64442493415277,53.527749333333325,0,100.863054,68,0.6
2026/04/10 14:20:00,,,,,,,39.2,0.9283901408450704,26.8,0,66,59.39108652541488,48.83513169014085,0,50.87529676056338,68,2
2026/04/10 14:25:00,,,,,,,39,1.1259578676470587,26.6,0,65.6,59.45454545454545,47.98421240875911,0,48.80581722627737,68,2.4
2026/04/10 14:30:00,,,,,,,39.8,1.0113777181208055,27.4,0,67.2,59.233511586452764,50.177251034482765,0,76.44189489655172,68,0.8
2026/04/10 14:35:00,,,,,,,40,0.7501285416666666,28,0,68,58.82352941176471,46.96893034482759,0,59.22143124137931,68,0
2026/04/10 14:40:00,,,,,,,40.2,0.9615286231884057,27.8,0,68,59.11764705882352,47.42241285714286,0,54.36539035714286,68,0
2026/04/10 14:45:00,,,,,,,40,1.289637142857143,27,0,67,59.701492537313435,47.23827202797202,0,71.26112972027973,68,1
2026/04/10 14:50:00,,,,,,,41,0.9837082068965519,26.2,0,67.2,61.01404741000878,47.012078321678324,0,78.4835975,69.4,2.2
2026/04/10 14:55:00,,,,,,,41,0.7023067647058824,27,,68,60.294117647058826,146.16114452554746,,39.16957905797101,75,7
2026/04/10 15:00:00,,,,,,,40.4,0.7112212030075188,28.2,0,68.6,58.95714818333795,50.06910681818182,0,38.0692765648855,75,6.4
2026/04/10 15:05:00,,,,,,,39.2,0.6967004273504275,34,,73.2,53.550536838208075,49.68296355932204,,25.71701330508475,75,1.8
2026/04/10 15:10:00,,,,,,,39,0.6219254918032786,35,0,74,52.702702702702695,52.69942809917356,0,76.15023305785124,75,1
2026/04/10 15:15:00,,,,,,,39.6,1.2363094827586207,35.2,0,74.8,52.94054054054054,60.53355254237288,0,60.641855677966106,75,0.2
2026/04/10 15:20:00,,,,,,,39.4,0.9308304958677687,35,,74.4,52.95495495495495,62.4139625,,36.92736658333333,75,0.6
2026/04/10 15:25:00,,,,,,,37.8,0.8499749122807018,35,,72.8,51.91066283339099,54.43820869565218,,42.209632086956525,75,2.2
2026/04/10 15:30:00,,,,,,,36,0.6944668571428572,33,,69,52.238805970149244,55.910645714285714,,24.37459647619048,69.4,1.2
2026/04/10 15:35:00,,,,,,,35.2,0.28971536842105255,31.6,,66.8,52.695612844866574,55.79663829787234,,13.588387872340425,68,1.2
2026/04/10 15:40:00,,,,,,,35,0.6350789534883721,32,,67,52.238805970149244,56.0653011235955,,20.414586853932583,68,1
2026/04/10 15:45:00,,,,,,,35,1.2092131707317073,33,0,68,51.47058823529412,52.03773414634146,0,117.39150231707316,68,0
2026/04/10 15:50:00,,,,,,,34.8,1.0325705882352942,32.4,,67.2,51.80147058823529,55.13861647058824,,40.48105811764706,66.2,0.2
2026/04/10 15:55:00,,,,,,,33.4,0.48267729411764704,29.6,0,63,53.01587301587301,52.64356585365854,0,34.61205817073171,65,2
2026/04/10 16:00:00,,,,,,,31.6,0.4413917721518988,29.4,0,61,51.80363123567777,59.01388452380952,0,57.44506843373494,65,4
2026/04/10 16:05:00,,,,,,,29.8,0.6458139436619719,31.2,0,61,48.84699453551913,52.728721917808215,0,29.38580616438356,65,4
2026/04/10 16:10:00,,,,,,,30,0.9766815942028986,32.6,0,62.6,47.931303669008585,55.23703188405797,0,72.75257710144929,65,2.4
2026/04/10 16:15:00,,,,,,,31.2,0.7174186666666666,31,0,62.2,50.21004098360656,57.20066486486486,0,31.871573783783788,61.8,0.2
2026/04/10 16:20:00,,,,,,,30,0.7675897142857142,29,,59,50.836158192090394,56.58782702702703,,17.957767297297302,60,1.4
2026/04/10 16:25:00,,,,,,,28.6,0.8296412903225806,24.2,,52.8,54.1654571843251,52.27302698412698,,29.331633492063492,56,3.2
2026/04/10 16:30:00,,,,,,,27.8,0.8033129090909091,26.4,,54.2,51.30004446985579,48.801252727272725,,29.524787272727274,56,1.8
2026/04/10 16:35:00,,,,,,,27,0.9224372549019609,27.6,,54.6,49.45454545454545,50.795480000000005,,29.262396,56,1.4
2026/04/10 16:40:00,,,,,,,26,0.5795457999999999,28.4,,54.4,47.7979797979798,53.816808,,15.0350624,56,1.6
2026/04/10 16:45:00,,,,,,,26.2,0.5227162,29,0,55.2,47.461038961038966,62.88866000000001,0,19.2654046,56,0.8
2026/04/10 16:50:00,,,,,,,26.8,1.1245186274509804,28.6,0,55.4,48.38274932614555,61.565815384615384,0,30.74019576923077,55.2,0.2
2026/04/10 16:55:00,,,,,,,24.6,1.043701904761905,27,,51.6,47.66968325791855,70.95595555555553,,37.90093533333333,54,2.4
2026/04/10 17:00:00,,,,,,,23.8,1.2689884210526314,26.6,0,50.4,47.253297390969486,58.753636585365854,0,70.65424756097559,51,1.6
2026/04/10 17:05:00,,,,,,,22.2,1.388446,24.4,,46.6,47.64107308048104,58.36703428571429,,62.87382600000001,49,2.4
2026/04/10 17:10:00,,,,,,,21.6,0.6611893333333333,23.2,,44.8,48.258287976249385,71.74113666666668,,29.328803333333333,45.8,1.4
2026/04/10 17:15:00,,,,,,,20.2,0.8024416000000001,23,,43.2,46.75475687103594,72.14499199999999,,24.010645999999998,44.2,1.4
2026/04/10 17:20:00,,,,,,,20,1.5225284000000001,20.6,,40.6,49.26829268292683,85.245344,,53.902077199999994,41,0.4
2026/04/10 17:25:00,,,,,,,20,0.6812528,20.6,,40.6,49.280800500312694,71.528992,,33.1332128,39.8,0
2026/04/10 17:30:00,,,,,,,19.2,0.47483523809523814,19,,38.2,50.242550242550244,54.20953333333333,,32.948284761904766,39,0.8
2026/04/10 17:35:00,,,,,,,16.8,0.4652995,18.6,,35.4,47.4593837535014,53.81915,,26.927589500000003,36.6,1.2
2026/04/10 17:40:00,,,,,,,16,0.5450215,17.4,,33.4,47.93226381461676,53.480830000000005,,27.6884675,34.2,1
2026/04/10 17:45:00,,,,,,,15,1.4743725,17,,32,46.875,54.51842941176471,,52.09265941176471,33,1
2026/04/10 17:50:00,,,,,,,15,0.23173923076923078,16.2,,31.2,48.08467741935484,58.090753846153845,,12.464701538461537,31,0
2026/04/10 17:55:00,,,,,,,15,0.014320999999999997,15.8,,30.8,48.70967741935484,63.08682,,0.209096,30.6,0
2026/04/10 18:00:00,,,,,,,14.8,0.00007900000000000001,15,,29.8,49.6551724137931,63.703239999999994,,0.0021859999999999996,30,0.2
2026/04/10 18:05:00,,,,,,,13.8,0,13.8,,27.6,50.05108556832695,58.52326000000001,,0.00001,28.4,1
2026/04/10 18:10:00,,,,,,,13,0,13.2,,26.2,49.62962962962963,78.6803,,0,28,1.8
2026/04/10 18:15:00,,,,,,,13,0,12.8,,25.8,50.42962962962963,92.85047999999999,,0,26,0.4
2026/04/10 18:20:00,,,,,,,12.4,0,13,,25.4,48.8,95.89632,,0,25.2,0.2
2026/04/10 18:25:00,,,,,,,11.6,0.34765285714285715,11,0,22.6,51.26293995859213,82.30560000000001,0,683.6742257142857,24,1.4
2026/04/10 18:30:00,,,,,,,10,0.21770499999999998,11.4,,21.4,46.753246753246756,78.14666,,65.99813499999999,22.2,1
2026/04/10 18:35:00,,,,,,,9.2,0,11,,20.2,45.523809523809526,57.93668571428572,,0.6406185714285714,21,0.8
2026/04/10 18:40:00,,,,,,,9,0,9.6,,18.6,48.473684210526315,66.68268,,0.0041659999999999996,19,0.6
2026/04/10 18:45:00,,,,,,,9,0,9.8,,18.8,47.89473684210527,44.75272,,0.000018,18.6,0
2026/04/10 18:50:00,,,,,,,8.4,0,9,,17.4,48.23529411764706,45.32916,,0,18,0.6
2026/04/10 18:55:00,,,,,,,8,0,7.8,,15.8,50.82352941176471,44.65788,,0,16.4,0.8
2026/04/10 19:00:00,,,,,,,6.6,0,7.8,,14.4,45.80952380952381,43.91844,,0,15.4,1.2
2026/04/10 19:05:00,,,,,,,6,0,7.2,,13.2,45.494505494505496,44.7178,,0,13,0
2026/04/10 19:10:00,,,,,,,5.4,0,6.8,,12.2,44.21911421911422,43.43227999999999,,0,12.6,0.4
2026/04/10 19:15:00,,,,,,,5,0,6,,11,45.45454545454545,42.147999999999996,,0,11.6,0.8
2026/04/10 19:20:00,,,,,,,5,0,5,,10,50,46.39948,,0,10,0
2026/04/10 19:25:00,,,,,,,5,0,4.6,,9.6,52.222222222222214,45.1404,,0,9.4,0
2026/04/10 19:30:00,,,,,,,4.2,0,4,,8.2,51.11111111111111,42.9162,,0,9,0.8
2026/04/10 19:35:00,,,,,,,4,,4,,8,50,,,,9,1
2026/04/10 19:40:00,,,,,,,4,,5,,9,44.44444444444444,,,,9,0
2026/04/10 19:45:00,,,,,,,3.4,,5,,8.4,40.27777777777778,,,,9,0.6
2026/04/10 19:50:00,,,,,,,3,,5,,8,37.5,,,,9,1
2026/04/10 19:55:00,,,,,,,3,,4.6,,7.6,39.88095238095239,,,,7.4,0.2
2026/04/10 20:00:00,,,,,,,3,,4,,7,42.857142857142854,,,,6.8,0
2026/04/10 20:05:00,,,,,,,3,,3.2,,6.2,48.57142857142857,,,,6,0
2026/04/10 20:10:00,,,,,,,2.2,,3,,5.2,42,,,,6,0.8
2026/04/10 20:15:00,,,,,,,2,,3,,5,40,,,,6,1
2026/04/10 20:20:00,,,,,,,2,,3.6,,5.6,36,,,,5.4,0
2026/04/10 20:25:00,,,,,,,2,,3,,5,40,,,,5,0
2026/04/10 20:30:00,,,,,,,2,,2.2,,4.2,48,,,,4,0
2026/04/10 20:35:00,,,,,,,1.6,,2,,3.6,43.333333333333336,,,,4,0.4
2026/04/10 20:40:00,,,,,,,1,,2,,3,33.333333333333336,,,,4,1
2026/04/10 20:45:00,,,,,,,1,,2.6,,3.6,28.333333333333336,,,,4,0.4
2026/04/10 20:50:00,,,,,,,1,,3,,4,25,,,,4,0
2026/04/10 20:55:00,,,,,,,1,,3,,4,25,,,,4,0
2026/04/10 21:00:00,,,,,,,1,,3,,4,25,,,,4,0
2026/04/10 21:05:00,,,,,,,1,,3,,4,25,,,,4,0
2026/04/10 21:10:00,,,,,,,1,,3,,4,25,,,,4,0
2026/04/10 21:15:00,,,,,,,1,,3,,4,25,,,,4,0
2026/04/10 21:20:00,,,,,,,1,,3,,4,25,,,,4,0
2026/04/10 21:25:00,,,,,,,1,,3,,4,25,,,,4,0
2026/04/10 21:30:00,,,,,,,0.6,,3,,3.6,15,,,,4,0.4
2026/04/10 21:35:00,,,,,,,0,,3,,3,0,,,,4,1
2026/04/10 21:40:00,,,,,,,0,,3.8,,3.8,0,,,,4,0.2
2026/04/10 21:45:00,,,,,,,0,,4,,4,0,,,,4,0
2026/04/10 21:50:00,,,,,,,0,,4,,4,0,,,,4,0
2026/04/10 21:55:00,,,,,,,0,,4,,4,0,,,,4,0
2026/04/10 22:00:00,,,,,,,0,,4,,4,0,,,,4,0
2026/04/10 22:05:00,,,,,,,0,,4,,4,0,,,,4,0
2026/04/10 22:10:00,,,,,,,0,,4,,4,0,,,,4,0
2026/04/10 22:15:00,,,,,,,0,,4,,4,0,,,,4,0
2026/04/10 22:20:00,,,,,,,0,,4,,4,0,,,,4,0
2026/04/10 22:25:00,,,,,,,0,,4,,4,0,,,,4,0
2026/04/10 22:30:00,,,,,,,0,,4,,4,0,,,,4,0
2026/04/10 22:35:00,,,,,,,0,,4,,4,0,,,,4,0
2026/04/10 22:40:00,,,,,,,0,,4,,4,0,,,,4,0
2026/04/10 22:45:00,,,,,,,0,,4,,4,0,,,,4,0
2026/04/10 22:50:00,,,,,,,0,,4,,4,0,,,,4,0
2026/04/10 22:55:00,,,,,,,0,,4,,4,0,,,,4,0
2026/04/10 23:00:00,,,,,,,0,,4,,4,0,,,,4,0
2026/04/10 23:05:00,,,,,,,0,,4,,4,0,,,,4,0
2026/04/10 23:10:00,,,,,,,0,,4,,4,0,,,,4,0
2026/04/10 23:15:00,,,,,,,0,,4,,4,0,,,,4,0
2026/04/10 23:20:00,,,,,,,0,,4,,4,0,,,,4,0
2026/04/10 23:25:00,,,,,,,0,,4,,4,0,,,,4,0
2026/04/10 23:30:00,,,,,,,0,,4,,4,0,,,,4,0
2026/04/10 23:35:00,,,,,,,0,,4,,4,0,,,,4,0
2026/04/10 23:40:00,,,,,,,0,,4,,4,0,,,,4,0
2026/04/10 23:45:00,,,,,,,0,,4,,4,0,,,,4,0
2026/04/10 23:50:00,,,,,,,0,,4,,4,0,,,,4,0
2026/04/10 23:55:00,,,,,,,0,,4,,4,0,,,,4,0
2026/04/11 00:00:00,,,,,,,0,,4,,4,0,,,,4,0
2026/04/11 00:05:00,,,,,,,0,,4,,4,0,,,,4,0
2026/04/11 00:10:00,,,,,,,0,,4,,4,0,,,,4,0
2026/04/11 00:15:00,,,,,,,0,,4,,4,0,,,,4,0
2026/04/11 00:20:00,,,,,,,0,,4,,4,0,,,,4,0
2026/04/11 00:25:00,,,,,,,0,,4,,4,0,,,,4,0
2026/04/11 00:30:00,,,,,,,0,,4,,4,0,,,,4,0
2026/04/11 00:35:00,,,,,,,0,,4,,4,0,,,,4,0
2026/04/11 00:40:00,,,,,,,0,,4,,4,0,,,,4,0
2026/04/11 00:45:00,,,,,,,0,,4,,4,0,,,,4,0
2026/04/11 00:50:00,,,,,,,0,,4,,4,0,,,,4,0
2026/04/11 00:55:00,,,,,,,0,,4,,4,0,,,,4,0
2026/04/11 01:00:00,,,,,,,0,,4,,4,0,,,,4,0
2026/04/11 01:05:00,,,,,,,0,,4,,4,0,,,,4,0
2026/04/11 01:10:00,,,,,,,0,,4,,4,0,,,,4,0
2026/04/11 01:15:00,,,,,,,0,,4,,4,0,,,,4,0
2026/04/11 01:20:00,,,,,,,0,,4,,4,0,,,,4,0
2026/04/11 01:25:00,,,,,,,0,,4,,4,0,,,,4,0
2026/04/11 01:30:00,,,,,,,0,,4,,4,0,,,,4,0
2026/04/11 01:35:00,,,,,,,0,,4,,4,0,,,,4,0
2026/04/11 01:40:00,,,,,,,0,,4,,4,0,,,,4,0
2026/04/11 01:45:00,,,,,,,0,,4,,4,0,,,,4,0
2026/04/11 01:50:00,,,,,,,0,,4,,4,0,,,,4,0
2026/04/11 01:55:00,,,,,,,0,,4,,4,0,,,,4,0
2026/04/11 02:00:00,,,,,,,0,,4,,4,0,,,,4,0
2026/04/11 02:05:00,,,,,,,0,,4,,4,0,,,,4,0
2026/04/11 02:10:00,,,,,,,0,,4,,4,0,,,,4,0
2026/04/11 02:15:00,,,,,,,0,,4,,4,0,,,,4,0
2026/04/11 02:20:00,,,,,,,0,,4,,4,0,,,,4,0
2026/04/11 02:25:00,,,,,,,0,,4,,4,0,,,,4,0
2026/04/11 02:30:00,,,,,,,0,,4,,4,0,,,,4,0
2026/04/11 02:35:00,,,,,,,0,,4,,4,0,,,,4,0
2026/04/11 02:40:00,,,,,,,0,,4,,4,0,,,,4,0
2026/04/11 02:45:00,,,,,,,0,,4,,4,0,,,,4,0
2026/04/11 02:50:00,,,,,,,0,,4,,4,0,,,,4,0
2026/04/11 02:55:00,,,,,,,0,,4,,4,0,,,,4,0
2026/04/11 03:00:00,,,,,,,0,,4,,4,0,,,,4,0
2026/04/11 03:05:00,,,,,,,0,,4,,4,0,,,,4,0
2026/04/11 03:10:00,,,,,,,0,,4,,4,0,,,,4,0
2026/04/11 03:15:00,,,,,,,0,,4,,4,0,,,,4,0
2026/04/11 03:20:00,,,,,,,0,,4,,4,0,,,,4,0
2026/04/11 03:25:00,,,,,,,0,,4,,4,0,,,,4,0
2026/04/11 03:30:00,,,,,,,0,,4,,4,0,,,,4,0
2026/04/11 03:35:00,,,,,,,0,,4,,4,0,,,,4,0
2026/04/11 03:40:00,,,,,,,0,,4,,4,0,,,,4,0
2026/04/11 03:45:00,,,,,,,0,,4,,4,0,,,,4,0
2026/04/11 03:50:00,,,,,,,0,,4,,4,0,,,,4,0
2026/04/11 03:55:00,,,,,,,0,,4,,4,0,,,,4,0
2026/04/11 04:00:00,,,,,,,0,,4,,4,0,,,,4,0
2026/04/11 04:05:00,,,,,,,0,,4,,4,0,,,,4,0
2026/04/11 04:10:00,,,,,,,0,,4,,4,0,,,,4,0
2026/04/11 04:15:00,,,,,,,0,,4,,4,0,,,,4,0
2026/04/11 04:20:00,,,,,,,0,,4,,4,0,,,,4,0
2026/04/11 04:25:00,,,,,,,0,,4,,4,0,,,,4,0
2026/04/11 04:30:00,,,,,,,0,,4,,4,0,,,,4,0
2026/04/11 04:35:00,,,,,,,0,,4,,4,0,,,,4,0
2026/04/11 04:40:00,,,,,,,0,,4,,4,0,,,,4,0
2026/04/11 04:45:00,,,,,,,0,,4,,4,0,,,,4,0
2026/04/11 04:50:00,,,,,,,0,,4,,4,0,,,,4,0
2026/04/11 04:55:00,,,,,,,0,,4,,4,0,,,,4,0
2026/04/11 05:00:00,,,,,,,0,,4,,4,0,,,,10,6
2026/04/11 05:05:00,,,,,,,0,,4,,4,0,,,,10,6
2026/04/11 05:10:00,,,,,,,0,,8.4,0,8.4,0,,0,,10,1.6
2026/04/11 05:15:00,,,,,,,1,1.035795,9,0,10,10,685.37365,0,19.063007499999998,10,0
2026/04/11 05:20:00,,,,,,,1,0.28411200000000003,9,,10,10,51.25268,,15.18635,10,0
2026/04/11 05:25:00,,,,,,,1,4.462610000000001,9,,10,10,49.01604,,203.43849600000001,10,0
2026/04/11 05:30:00,,,,,,,1,2.696114,9,,10,10,51.23335999999999,,154.01139199999997,10,0
2026/04/11 05:35:00,,,,,,,1,6.4502120000000005,9,,10,10,46.44364,,293.85668599999997,10,0
2026/04/11 05:40:00,,,,,,,1,3.37366,9,,10,10,44.82468,,215.31722400000004,10,0
2026/04/11 05:45:00,,,,,,,1,5.036090000000001,9,,10,10,42.7443,,282.95705333333336,10,0
2026/04/11 05:50:00,1,1,0,0,0,1,1,,9,,10,10,,,,10,0
2026/04/11 05:55:00,1,1,0,0,0,1,1.2,,8.8,0,10,12,72.6635,0,0,10,0
2026/04/11 06:00:00,1,1,0,0,0,1,2,0.3099766666666666,8,,10,20,50.61526,,12.840882000000002,10,0
2026/04/11 06:05:00,1,1,0,0,0,1,2,0,8,,10,20,47.42364,,0.22591000000000006,10,0
2026/04/11 06:10:00,1,1,0,0,0,1,2,0,8,,10,20,46.525400000000005,,0.0010479999999999999,10,0
2026/04/11 06:15:00,1,1,0,0,0,1,2,0,8,,10,20,46.503679999999996,,0.000006000000000000001,10,0
2026/04/11 06:20:00,0.8,0.8,0,0,0,0.4,2,0,8,,10,20,44.57584,,0,10,0
2026/04/11 06:25:00,0,0,0,0,0,0,2,0,8,,10,20,46.34476,,0,10,0
2026/04/11 06:30:00,0,0,0,0,0,0,2,0,8,,10,20,46.94176,,0,10,0
2026/04/11 06:35:00,0,0,0,0,0,0,2,1.8180399999999999,8,0,10,20,47.849239999999995,0,66.39953,10,0
2026/04/11 06:40:00,0,0,0,0,0,0,3.6,2.5396829999999997,6.4,0,10,36,65.28292,0,67.956876,10,0
2026/04/11 06:45:00,0,0,0,0,0,0,5,1.8903355000000002,5,0,10,50,57.575945000000004,0,97.62483449999999,10,0
2026/04/11 06:50:00,0,0,0,0,0,0,6,0.9882288000000001,4,0,10,60,61.84413333333333,0,35.35491625,10,0
2026/04/11 06:55:00,0,0,0,0,0,0,6,0.8378871999999999,4,,10,60,59.581648,,28.059936800000006,10,0
2026/04/11 07:00:00,0,0,0,0,0,0,6,1.7688666666666668,4,,10,60,60.888696,,49.864029200000004,10,0
2026/04/11 07:05:00,0,0,0,0,0,0,6.2,1.1464708,3.8,0,10,62,58.76364583333333,0,33.14767666666666,10,0
2026/04/11 07:10:00,0,0,0,0,0,0,8,0.2945786206896551,2,0,10,80,74.70155172413794,0,2.6876517241379307,11.4,1.4
2026/04/11 07:15:00,0,0,0,0,0,0,9,0.08413,1,0,10,90,137.4512705882353,0,2.4301147058823527,14.4,4.4
2026/04/11 07:20:00,0,0,0,0,0,0,9,0.13872428571428572,2.2,,11.2,81.85714285714286,77.63774285714285,,7.229368285714285,15,3.8
2026/04/11 07:25:00,0,0,0,0,0,0,9,0.311482,5.4,,14.4,62.57142857142858,65.17478285714286,,25.00399428571429,15,0.6
2026/04/11 07:30:00,0,0,0,0,0,0,9,0.2147005714285714,6,,15,60,68.52182857142857,,17.332693428571428,15,0
2026/04/11 07:35:00,0,0,0,0,0,0,9,0.07118485714285715,6,,15,60,71.76403428571429,,7.482742285714286,15,0
2026/04/11 07:40:00,0,0,0,0,0,0,9,0.8897162857142857,6,,15,60,65.78109142857143,,51.346470857142855,15,0
2026/04/11 07:45:00,0,0,0,0,0,0,8.6,1.1732465714285714,6,,14.6,58.857142857142854,64.56035428571428,,87.3888757142857,15,0.4
2026/04/11 07:50:00,0,0,0,0,0,0,8,0.1998874193548387,6,,14,57.142857142857146,72.89453125,,13.915019375,15,1
2026/04/11 07:55:00,0,0,0,0,0,0,8,0.051874333333333335,6.6,,14.6,54.857142857142854,84.59476666666666,,5.093431333333332,15,0.4
2026/04/11 08:00:00,0,0,0,0,0,0,8,0.8302896666666667,7,,15,53.333333333333336,68.08362,,32.736079,15,0
2026/04/11 08:05:00,0,0,0,0,0,0,8.8,0.5183215151515151,6.2,0,15,58.66666666666667,85.87667272727272,0,26.41321363636364,15,0
2026/04/11 08:10:00,0,0,0,0,0,0,9,0.923781875,6,,15,60,72.886775,,37.841648125000006,15,0
2026/04/11 08:15:00,0,0,0,0,0,0,10,0.9216629411764705,5,0,15,66.66666666666667,72.53485294117647,0,35.218426470588234,15.4,0.4
2026/04/11 08:20:00,0,0,0,0,0,0,10,0.8457894871794872,5,0,15,66.66666666666667,66.11822051282051,0,36.47524794871795,17,2
2026/04/11 08:25:00,0,0,0,0,0,0,10,0.99406,5.2,,15.2,65.83333333333334,67.57868500000001,,41.7727925,17,1.8
2026/04/11 08:30:00,0,0,0,0,0,0,10,0.7677405128205128,7,,17,58.82352941176471,65.664885,,40.95156025,17,0
2026/04/11 08:35:00,0,0,0,0,0,0,10,1.2138827499999998,7,,17,58.82352941176471,65.48185500000001,,53.64556749999999,17,0
2026/04/11 08:40:00,0,0,0,0,0,0,10,0.9122982500000001,7,,17,58.82352941176471,85.343355,,49.853671500000004,17,0
2026/04/11 08:45:00,0,0,0,0,0,0,10,0.9716884210526316,7,,17,58.82352941176471,65.64425135135134,,41.662569999999995,17,0
2026/04/11 08:50:00,0,0,0,0,0,0,10,0.5553503333333333,7,,17,58.82352941176471,78.03658666666666,,25.756981666666665,17,0
2026/04/11 08:55:00,0,0,0,0,0,0,10,0.014015151515151513,7,0,17,58.82352941176471,68.72551212121212,0,5.214287272727272,17,0
2026/04/11 09:00:00,0,0,0,0,0,0,10,0.36432394736842105,7,0,17,58.82352941176471,77.55834594594594,0,112.73094324324326,17,0
2026/04/11 09:05:00,0,0,0,0,0,0,9.8,0.2441919444444444,7,,16.8,58.308823529411754,71.93524000000001,,17.331985714285715,17,0.2
2026/04/11 09:10:00,0,0,0,0,0,0,9,0.05457,7,,16,56.25,68.80799999999999,,3.937918571428572,17,1
2026/04/11 09:15:00,0,0,0,0,0,0,9,0.11917212121212122,7.4,,16.4,54.92647058823529,84.44193714285714,,5.805282285714286,17,0.6
2026/04/11 09:20:00,0,0,0,0,0,0,9,0.4358175,8,0,17,52.94117647058823,74.37722352941176,0,19.38867727272727,17,0
2026/04/11 09:25:00,0,0,0,0,0,0,9,0.3896563333333333,8,,17,52.94117647058823,80.54284000000001,,17.821183,17,0
2026/04/11 09:30:00,0,0,0,0,0,0,9,0.06285499999999998,8,,17,52.94117647058823,71.37925333333334,,2.3490510000000002,17,0
2026/04/11 09:35:00,0,0,0,0,0,0,9,0.2741594117647059,8,0,17,52.94117647058823,73.80715588235294,0,82.22445029411764,17,0
2026/04/11 09:40:00,0,0,0,0,0,0,9,0.13011071428571427,7.8,0,16.8,53.60294117647059,80.22792142857143,0,29.757465925925924,16.6,0
2026/04/11 09:45:00,0,0,0,0,0,0,9,0.0729176,7,,16,56.25,80.237592,,15.3491248,16,0
2026/04/11 09:50:00,0,0,0,0,0,0,8.4,0.35426519999999995,7,,15.4,54.5,84.20322399999999,,16.3088248,16,0.6
2026/04/11 09:55:00,0,0,0,0,0,0,8,0.103448,7,,15,53.333333333333336,77.07708,,5.7112604,16,1
2026/04/11 10:00:00,0,0,0,0,0,0,8,0.2991961904761905,8,,16,50,71.17550476190475,,9.017861428571429,16,0
2026/04/11 10:05:00,0,0,0,0,0,0,8,0.4234565,8,,16,50,59.310939999999995,,24.79961,16,0
2026/04/11 10:10:00,0,0,0,0,0,0,8,0.14256,8,,16,50,53.036500000000004,,7.168542499999999,16,0
2026/04/11 10:15:00,0,0,0,0,0,0,7.4,0.15125761904761903,7.4,0,14.8,50,56.47398181818182,0,174.0306436363636,15.4,0.6
2026/04/11 10:20:00,0,0,0,0,0,0,7.6,0.019096842105263162,6.4,0,14,54.28571428571429,166.66395999999997,0,0.588296,15,1
2026/04/11 10:25:00,0,0,0,0,0,0,8,0.36502500000000004,6.8,,14.8,54.095238095238095,51.673784999999995,,22.2200865,15,0.2
2026/04/11 10:30:00,0,0,0,0,0,0,8,0.39611150000000006,7,,15,53.333333333333336,54.44544,,15.5843855,15,0
2026/04/11 10:35:00,0,0,0,0,0,0,8,0.28705882352941176,7,,15,53.333333333333336,55.23942352941177,,10.63212294117647,15,0
2026/04/11 10:40:00,0,0,0,0,0,0,7.2,0.000039000000000000006,7,,14.2,50.66666666666667,73.70277272727273,,0.49399545454545457,15,0.8
2026/04/11 10:45:00,0,0,0,0,0,0,7,0.612077,7.2,,14.2,49.33333333333333,65.63918,,46.154745000000005,15,0.8
2026/04/11 10:50:00,0,0,0,0,0,0,7.8,0.46092153846153844,6.6,0,14.4,54.28571428571429,124.38787857142857,0,27.505612142857142,14.2,0
2026/04/11 10:55:00,0,0,0,0,0,0,8,0.8451673333333333,6,,14,57.142857142857146,198.34246666666664,,65.19511533333333,14,0
2026/04/11 11:00:00,0,0,0,0,0,0,8,1.550180625,6,0,14,57.142857142857146,172.06480666666667,0,99.88440066666668,14,0
2026/04/11 11:05:00,0,0,0,0,0,0,8,1.534274,6,,14,57.142857142857146,211.3275642857143,,55.828865,14,0
2026/04/11 11:10:00,0,0,0,0,0,0,8,0,6,,14,57.142857142857146,274.89394,,0.060486,14,0
2026/04/11 11:15:00,0,0,0,0,0,0,8,0.412725,6,0,14,57.142857142857146,248.4577615384615,0,20.251430000000003,14,0
2026/04/11 11:20:00,0,0,0,0,0,0,8,1.5674273333333335,6,,14,57.142857142857146,236.70224666666667,,63.177332,14,0
2026/04/11 11:25:00,0,0,0,0,0,0,8,0.8746306666666666,6,,14,57.142857142857146,374.5615333333333,,36.488966,14,0
2026/04/11 11:30:00,0,0,0,0,0,0,8,0.3236573333333333,6,,14,57.142857142857146,291.7184533333333,,11.350942666666667,14,0
2026/04/11 11:35:00,0,0,0,0,0,0,8,0.03619066666666667,6,,14,57.142857142857146,624.4106333333333,,4.301645333333334,14,0
2026/04/11 11:40:00,0,0,0,0,0,0,7.4,0.543364375,5.8,0,13.2,56.043956043956044,242.18903333333336,0,45.59377,14,0.8
2026/04/11 11:45:00,0,0,0,0,0,0,8,0.38412611111111106,5,0,13,61.53846153846153,169.71820526315793,0,9.26534,14.4,1.4
2026/04/11 11:50:00,0,0,0,0,0,0,8,0.9803454545454545,6,,14,57.142857142857146,128.65141666666668,,43.41361,15,1
2026/04/11 11:55:00,0,0,0,0,0,0,8,0.11445799999999999,6.4,,14.4,55.61904761904763,97.37816,,2.533857,15,0.6
2026/04/11 12:00:00,0,0,0,0,0,0,7.2,0.0008828571428571429,7,,14.2,50.66666666666667,110.38498750000001,,0.01440875,15,0.8
2026/04/11 12:05:00,0,0,0,0,0,0,7,0.802168,7,,14,50,104.23676,,93.900144,15,1
2026/04/11 12:10:00,0,0,0,0,0,0,7.4,2.4106633333333334,7.6,0,15,49.333333333333336,209.9769666666667,0,92.49429333333332,15,0
2026/04/11 12:15:00,0,0,0,0,0,0,8,1.79197375,7,0,15,53.333333333333336,95.43507777777778,0,138.55473285714285,15,0
2026/04/11 12:20:00,0,0,0,0,0,0,7.6,0.5214335,7,,14.6,52,107.51844000000001,,35.84634533333333,14.6,0
2026/04/11 12:25:00,0,0,0,0,0,0,7,0.5512355,6,,13,53.84615384615385,102.04154,,18.323244,14,1
2026/04/11 12:30:00,0,0,0,0,0,0,7,1.424477142857143,6.6,,13.6,51.53846153846153,83.18516,,72.76773533333333,14,0.4
2026/04/11 12:35:00,0,0,0,0,0,0,7.4,2.566038333333333,6.2,0,13.6,54.395604395604394,96.33062222222222,0,154.13836692307692,14,0.4
2026/04/11 12:40:00,0,0,0,0,0,0,7.6,1.4901145833333336,5.4,0,13,58.46153846153847,99.15574545454545,0,80.42169176470588,14,1
2026/04/11 12:45:00,0,0,0,0,0,0,8,0.9793896,5.6,,13.6,58.901098901098905,67.576144,,49.79682799999999,14.8,1.2
2026/04/11 12:50:00,0,0,0,0,0,0,8,0.7362183999999999,6,,14,57.142857142857146,73.592744,,41.007802000000005,15,1
2026/04/11 12:55:00,0,0,0,0,0,0,8,0.72787,6.8,0,14.8,54.095238095238095,81.19061111111111,0,103.61585090909092,15,0.2
2026/04/11 13:00:00,0,0,0,0,0,0,8,0.42073681818181813,7,,15,53.333333333333336,83.67016363636365,,22.788511818181817,15,0
2026/04/11 13:05:00,0,0,0,0,0,0,8,0.567066,7,,15,53.333333333333336,84.09136999999998,,34.533024499999996,15,0
2026/04/11 13:10:00,0,0,0,0,0,0,7,0.4055975,7,,14,50,69.88892,,23.930008000000004,15,1
2026/04/11 13:15:00,0,0,0,0,0,0,7,0.34318947368421054,7.2,0,14.2,49.33333333333333,75.02112500000001,0,142.142328,15,0.8
2026/04/11 13:20:00,0,0,0,0,0,0,7,0.227612,8,,15,46.666666666666664,83.064605,,31.8274075,15,0
2026/04/11 13:25:00,0,0,0,0,0,0,7,0.09747049999999999,7.4,,14.4,48.666666666666664,62.60517,,4.9659215,14.2,0
2026/04/11 13:30:00,0,0,0,0,0,0,7,0.072467,7,,14,50,78.17555,,4.711178,14,0
2026/04/11 13:35:00,0,0,0,0,0,0,7.8,0.38717565217391303,5.6,0,13.4,58.35164835164835,76.57367391304348,0,6.065305217391304,13,0
2026/04/11 13:40:00,0,0,0,0,0,0,8,1.370152,5,,13,61.53846153846153,63.980056000000005,,45.183258,14.6,1.6
2026/04/11 13:45:00,0,0,0,0,0,0,8.6,1.2863303703703703,4.4,0,13,66.15384615384616,77.89540714285714,0,62.85034035714286,15,2
2026/04/11 13:50:00,0,0,0,0,0,0,9,0.46880151515151514,5,0,14,64.41758241758241,74.46937812499999,0,17.85296125,15,1
2026/04/11 13:55:00,0,0,0,0,0,0,9,0.8620491428571428,5,,14,64.28571428571429,74.83804857142856,,31.873156000000005,15.8,1.8
2026/04/11 14:00:00,0,0,0,0,0,0,9,0.13634514285714286,5.8,,14.8,60.857142857142854,63.77036,,9.079041428571427,16,1.2
2026/04/11 14:05:00,0,0,0,0,0,0,9,0.033746000000000005,6.8,,15.8,57,65.64744571428572,,1.7669551428571428,16,0.2
2026/04/11 14:10:00,0,0,0,0,0,0,9,0.038673714285714283,7,,16,56.25,71.16417714285714,,3.426431142857143,16,0
2026/04/11 14:15:00,0,0,0,0,0,0,9,0.006454857142857143,7,,16,56.25,80.08592571428572,,0.45626657142857135,16,0
2026/04/11 14:20:00,0,0,0,0,0,0,9,0.011845454545454544,7,,16,56.25,75.91909411764706,,0.11889617647058823,16,0
2026/04/11 14:25:00,0,0,0,0,0,0,9,0.074458,7,,16,56.25,84.97829333333334,,3.304517666666667,16,0
2026/04/11 14:30:00,0,0,0,0,0,0,9,0.0506148275862069,7,,16,56.25,67.53804000000001,,2.4182353333333335,16,0
2026/04/11 14:35:00,0,0,0,0,0,0,8.2,0.37269266666666667,7,,15.2,53.91666666666667,69.45837999999999,,10.093777333333334,16,0.8
2026/04/11 14:40:00,0,0,0,0,0,0,8,0.022551333333333333,7,,15,53.333333333333336,63.174600000000005,,0.9411973333333333,16,1
2026/04/11 14:45:00,0,0,0,0,0,0,8,0.002025862068965517,8,,16,50,63.18923448275862,,0.062115862068965515,16,0
2026/04/11 14:50:00,0,0,0,0,0,0,8,0.07383119999999999,8,,16,50,74.03460799999999,,6.6415048,16,0
2026/04/11 14:55:00,0,0,0,0,0,0,8,0.4772495833333333,8,,16,50,63.862664,,17.9090376,16,0
2026/04/11 15:00:00,0,0,0,0,0,0,7.4,0.3555516666666667,8,0,15.4,47.99999999999999,62.024741176470584,0,26.3299075,16,0.6
2026/04/11 15:05:00,0,0,0,0,0,0,7,0.11004266666666668,8,,15,46.666666666666664,66.87849333333334,,5.548451999999999,16,1
2026/04/11 15:10:00,0,0,0,0,0,0,7,0.319046,8.8,,15.8,44.33333333333333,67.59865333333333,,19.58046733333333,16,0.2
2026/04/11 15:15:00,0,0,0,0,0,0,7,0.149462,9,,16,43.75,62.3372,,9.632292,15.6,0
2026/04/11 15:20:00,0,0,0,0,0,0,7,0.04242266666666667,8,,15,46.666666666666664,83.10729333333333,,2.6458733333333333,15,0
2026/04/11 15:25:00,0,0,0,0,0,0,7,0.28253999999999996,7.6,,14.6,48,76.99778666666666,,14.517636000000001,14.4,0
2026/04/11 15:30:00,0,0,0,0,0,0,7,0.09267533333333335,7,,14,50,70.90670666666668,,6.422275333333333,14,0
2026/04/11 15:35:00,0,0,0,0,0,0,7.2,0.283554,6.8,0,14,51.42857142857143,78.89417333333334,0,12.667442,14,0
2026/04/11 15:40:00,0,0,0,0,0,0,8,0.275132380952381,6,,14,57.142857142857146,133.82923,,12.968363,14,0
2026/04/11 15:45:00,0,0,0,0,0,0,8,0.63313,6,,14,57.142857142857146,293.90765,,68.7650115,14,0
2026/04/11 15:50:00,0,0,0,0,0,0,8,0.9675152941176473,6,,14,57.142857142857146,194.95748235294116,,84.95274294117647,14,0
2026/04/11 15:55:00,0,0,0,0,0,0,8,1.0590313333333334,6,,14,57.142857142857146,177.00544000000002,,92.12076533333332,14,0
2026/04/11 16:00:00,0,0,0,0,0,0,8,1.3167733333333334,6,,14,57.142857142857146,487.1662533333334,,171.34473666666665,14,0
2026/04/11 16:05:00,0,0,0,0,0,0,8,1.9300053333333336,6,,14,57.142857142857146,211.14003999999997,,163.375198,14,0
2026/04/11 16:10:00,0,0,0,0,0,0,8,0.6345082352941177,6,0,14,57.142857142857146,196.60924999999997,0,89.07157625,14,0
2026/04/11 16:15:00,0,0,0,0,0,0,8,1.1381523529411766,6,,14,57.142857142857146,259.2620705882353,,132.82498352941175,14,0
2026/04/11 16:20:00,0,0,0,0,0,0,8,1.8242533333333333,6,,14,57.142857142857146,186.82644,,181.635316,14,0
2026/04/11 16:25:00,0,0,0,0,0,0,8,2.0365166666666665,6,,14,57.142857142857146,226.25222666666667,,164.00949799999998,14,0
2026/04/11 16:30:00,0,0,0,0,0,0,8,1.5740316666666667,6,0,14,57.142857142857146,140.86545882352942,0,429.9533047058824,14,0
2026/04/11 16:35:00,0,0,0,0,0,0,8,0.6775990000000001,6,,14,57.142857142857146,80.092975,,83.6675185,14,0
2026/04/11 16:40:00,0,0,0,0,0,0,8,1.2153565,6,,14,57.142857142857146,142.5111,,148.210808,14,0
2026/04/11 16:45:00,0,0,0,0,0,0,7.8,1.0695294736842105,6,,13.8,56.48351648351648,130.68224,,102.74141649999999,14,0.2
2026/04/11 16:50:00,0,0,0,0,0,0,7,0.6665685,6,,13,53.84615384615385,64.83839,,49.798644,14,1
2026/04/11 16:55:00,0,0,0,0,0,0,6.2,0.291435,6.4,,12.6,49.23076923076923,74.73003529411764,,8.411453529411764,14,1.4
2026/04/11 17:00:00,0,0,0,0,0,0,5.4,0.19191799999999998,6.6,0,12,45,81.57754666666666,0,15.385095999999999,14,2
2026/04/11 17:05:00,0,0,0,0,0,0,6.8,1.4149655555555556,6.4,0,13.2,51.53846153846153,124.37953214285714,0,65.89834166666667,14,0.8
2026/04/11 17:10:00,0,0,0,0,0,0,6.8,2.195556818181818,6.2,0,13,52.30769230769231,113.47718695652175,0,86.69551833333334,14,1
2026/04/11 17:15:00,0,0,0,0,0,0,7,2.5157352,6.4,,13.4,52.30769230769231,81.714208,,152.62811849999997,14,0.6
2026/04/11 17:20:00,0,0,0,0,0,0,7,1.8068753846153849,7,,14,50,84.37575999999999,,59.57928449999999,14,0
2026/04/11 17:25:00,0,0,0,0,0,0,7,1.067624,7,,14,50,92.729136,,40.188379,14,0
2026/04/11 17:30:00,0,0,0,0,0,0,7,1.2736079999999999,7,,14,50,99.17208,,42.8181675,14,0
2026/04/11 17:35:00,0,0,0,0,0,0,7,1.7816976,7,,14,50,75.682144,,62.525851,14,0
2026/04/11 17:40:00,0,0,0,0,0,0,7,2.0607132,7,,14,50,91.511224,,153.2561225,14,0
2026/04/11 17:45:00,0,0,0,0,0,0,7,0.8293124000000001,7,,14,50,93.715952,,40.99894450000001,14,0
2026/04/11 17:50:00,0,0,0,0,0,0,6.4,0.2541063157894737,7,,13.4,47.69230769230769,76.30868947368421,,23.20826529411765,14,0.6
2026/04/11 17:55:00,0,0,0,0,0,0,6,0,7,,13,46.15384615384615,57.32745333333334,,0,14,1
2026/04/11 18:00:00,0,0,0,0,0,0,6,0,7.8,,13.8,43.51648351648352,54.50385333333333,,0,14,0.2
2026/04/11 18:05:00,0,0,0,0,0,0,6,0,7.8,,13.8,43.51648351648352,55.51725714285715,,0,13.6,0
2026/04/11 18:10:00,0,0,0,0,0,0,6,,7,,13,46.15384615384615,,,,13,0
2026/04/11 18:15:00,0,0,0,0,0,0,5.4,,6.4,,11.8,45.734265734265726,,,,12.2,0.6
2026/04/11 18:20:00,0,0,0,0,0,0,5,,5.8,,10.8,46.36363636363636,,,,11.2,0.6
2026/04/11 18:25:00,0,0,0,0,0,0,5,,5,,10,50,,,,10,0
2026/04/11 18:30:00,0,0,0,0,0,0,5,,5,,10,50,,,,10,0
2026/04/11 18:35:00,0,0,0,0,0,0,5,,5,,10,50,,,,10,0
2026/04/11 18:40:00,0,0,0,0,0,0,5,,5,,10,50,,,,10,0
2026/04/11 18:45:00,0,0,0,0,0,0,5,,5,,10,50,,,,10,0
2026/04/11 18:50:00,0,0,0,0,0,0,5,,5,,10,50,,,,10,0
2026/04/11 18:55:00,0,0,0,0,0,0,5,,5,,10,50,,,,10,0
2026/04/11 19:00:00,0,0,0,0,0,0,5,,5,,10,50,,,,10,0
2026/04/11 19:05:00,0,0,0,0,0,0,5,,5,,10,50,,,,10,0
2026/04/11 19:10:00,0,0,0,0,0,0,4,,5,,9,44.44444444444444,,,,10,1
2026/04/11 19:15:00,0,0,0,0,0,0,4,,5.2,,9.2,43.55555555555556,,,,10,0.8
2026/04/11 19:20:00,0,0,0,0,0,0,4,,6,,10,40,,,,10,0
2026/04/11 19:25:00,0,0,0,0,0,0,4,,5.4,,9.4,42.666666666666664,,,,9.2,0
2026/04/11 19:30:00,0,0,0,0,0,0,4,,5,,9,44.44444444444444,,,,8.8,0
2026/04/11 19:35:00,0,0,0,0,0,0,4,,4,,8,50,,,,8,0
2026/04/11 19:40:00,0,0,0,0,0,0,4,,4,,8,50,,,,8,0
2026/04/11 19:45:00,0,0,0,0,0,0,4,,4,,8,50,,,,8,0
2026/04/11 19:50:00,0,0,0,0,0,0,3.4,,4,,7.4,45.714285714285715,,,,8,0.6
2026/04/11 19:55:00,0,0,0,0,0,0,3,,4,,7,42.857142857142854,,,,8,1
2026/04/11 20:00:00,0,0,0,0,0,0,3,,4.8,,7.8,38.57142857142857,,,,8,0.2
2026/04/11 20:05:00,0,0,0,0,0,0,2.8,,4.8,,7.6,36.66666666666667,,,,7.6,0.2
2026/04/11 20:10:00,0,0,0,0,0,0,0,,4,,4,0,,,,7,3
2026/04/11 20:15:00,0,0,0,0,0,0,0,,3,,3,0,,,,4.6,1.6
2026/04/11 20:20:00,0,0,0,0,0,0,0,,4,,4,0,,,,4,0
2026/04/11 20:25:00,0,0,0,0,0,0,0,,4,,4,0,,,,4,0
2026/04/11 20:30:00,0,0,0,0,0,0,0,,4,,4,0,,,,4,0
2026/04/11 20:35:00,0,0,0,0,0,0,0,,4,,4,0,,,,4,0
2026/04/11 20:40:00,0,0,0,0,0,0,0,,4,,4,0,,,,4,0
2026/04/11 20:45:00,0,0,0,0,0,0,0,,4,,4,0,,,,4,0
2026/04/11 20:50:00,0,0,0,0,0,0,0,,4,,4,0,,,,4,0
2026/04/11 20:55:00,0,0,0,0,0,0,0,,4,,4,0,,,,4,0
2026/04/11 21:00:00,0,0,0,0,0,0,0,,4,,4,0,,,,4,0
2026/04/11 21:05:00,0,0,0,0,0,0,0,,4,,4,0,,,,4,0
2026/04/11 21:10:00,0,0,0,0,0,0,0,,4,,4,0,,,,4,0
2026/04/11 21:15:00,0,0,0,0,0,0,0,,4,,4,0,,,,4,0
2026/04/11 21:20:00,0,0,0,0,0,0,0,,4,,4,0,,,,4,0
2026/04/11 21:25:00,0,0,0,0,0,0,0,,4,,4,0,,,,4,0
2026/04/11 21:30:00,0,0,0,0,0,0,0,,4,,4,0,,,,4,0
2026/04/11 21:35:00,0,0,0,0,0,0,0,,4,,4,0,,,,4,0
2026/04/11 21:40:00,0,0,0,0,0,0,0,,4,,4,0,,,,4,0
2026/04/11 21:45:00,0,0,0,0,0,0,0,,4,,4,0,,,,4,0
2026/04/11 21:50:00,0,0,0,0,0,0,0,,4,,4,0,,,,4,0
2026/04/11 21:55:00,0,0,0,0,0,0,0,,4,,4,0,,,,4,0
2026/04/11 22:00:00,0,0,0,0,0,0,0,,4,,4,0,,,,4,0
2026/04/11 22:05:00,0,0,0,0,0,0,0,,4,,4,0,,,,4,0
2026/04/11 22:10:00,0,0,0,0,0,0,0,,4,,4,0,,,,4,0
2026/04/11 22:15:00,0,0,0,0,0,0,0,,4,,4,0,,,,4,0
2026/04/11 22:20:00,0,0,0,0,0,0,0,,4,,4,0,,,,4,0
2026/04/11 22:25:00,0,0,0,0,0,0,0,,4,,4,0,,,,4,0
2026/04/11 22:30:00,0,0,0,0,0,0,0,,4,,4,0,,,,4,0
2026/04/11 22:35:00,0,0,0,0,0,0,0,,4,,4,0,,,,4,0
2026/04/11 22:40:00,0,0,0,0,0,0,0,,4,,4,0,,,,4,0
2026/04/11 22:45:00,0,0,0,0,0,0,0,,4,,4,0,,,,4,0
2026/04/11 22:50:00,0,0,0,0,0,0,0,,4,,4,0,,,,4,0
2026/04/11 22:55:00,0,0,0,0,0,0,0,,4,,4,0,,,,4,0
2026/04/11 23:00:00,0,0,0,0,0,0,0,,4,,4,0,,,,4,0
2026/04/11 23:05:00,0,0,0,0,0,0,0,,4,,4,0,,,,4,0
2026/04/11 23:10:00,0,0,0,0,0,0,0,,4,,4,0,,,,4,0
2026/04/11 23:15:00,0,0,0,0,0,0,0,,4,,4,0,,,,4,0
2026/04/11 23:20:00,0,0,0,0,0,0,0,,4,,4,0,,,,4,0
2026/04/11 23:25:00,0,0,0,0,0,0,0,,4,,4,0,,,,4,0
2026/04/11 23:30:00,0,0,0,0,0,0,0,,4,,4,0,,,,4,0
2026/04/11 23:35:00,0,0,0,0,0,0,0,,4,,4,0,,,,4,0
2026/04/11 23:40:00,0,0,0,0,0,0,0,,4,,4,0,,,,4,0
2026/04/11 23:45:00,0,0,0,0,0,0,0,,4,,4,0,,,,4,0
2026/04/11 23:50:00,0,0,0,0,0,0,0,,4,,4,0,,,,4,0
2026/04/11 23:55:00,0,0,0,0,0,0,0,,4,,4,0,,,,4,0
2026/04/12 00:00:00,0,0,0,0,0,0,0,,4,,4,0,,,,4,0
2026/04/12 00:05:00,0,0,0,0,0,0,0,,4,,4,0,,,,4,0
2026/04/12 00:10:00,0,0,0,0,0,0,0,,4,,4,0,,,,4,0
2026/04/12 00:15:00,0,0,0,0,0,0,0,,4,,4,0,,,,4,0
2026/04/12 00:20:00,0,0,0,0,0,0,0,,4,,4,0,,,,4,0
2026/04/12 00:25:00,0,0,0,0,0,0,0,,4,,4,0,,,,4,0
2026/04/12 00:30:00,0,0,0,0,0,0,0,,4,,4,0,,,,4,0
2026/04/12 00:35:00,0,0,0,0,0,0,0,,4,,4,0,,,,4,0
2026/04/12 00:40:00,0,0,0,0,0,0,0,,4,,4,0,,,,4,0
2026/04/12 00:45:00,0,0,0,0,0,0,0,,4,,4,0,,,,4,0
2026/04/12 00:50:00,0,0,0,0,0,0,0,,4,,4,0,,,,4,0
2026/04/12 00:55:00,0,0,0,0,0,0,0,,4,,4,0,,,,4,0
2026/04/12 01:00:00,0,0,0,0,0,0,0,,4,,4,0,,,,4,0
2026/04/12 01:05:00,0,0,0,0,0,0,0,,4,,4,0,,,,4,0
2026/04/12 01:10:00,0,0,0,0,0,0,0,,4,,4,0,,,,4,0
2026/04/12 01:15:00,0,0,0,0,0,0,0,,4,,4,0,,,,4,0
2026/04/12 01:20:00,0,0,0,0,0,0,0,,4,,4,0,,,,4,0
2026/04/12 01:25:00,0,0,0,0,0,0,0,,4,,4,0,,,,4,0
2026/04/12 01:30:00,0,0,0,0,0,0,0,,4,,4,0,,,,4,0
2026/04/12 01:35:00,0,0,0,0,0,0,0,,4,,4,0,,,,4,0
2026/04/12 01:40:00,0,0,0,0,0,0,0,,4,,4,0,,,,4,0
2026/04/12 01:45:00,0,0,0,0,0,0,0,,4,,4,0,,,,4,0
2026/04/12 01:50:00,0,0,0,0,0,0,0,,4,,4,0,,,,4,0
2026/04/12 01:55:00,0,0,0,0,0,0,0,,4,,4,0,,,,4,0
2026/04/12 02:00:00,0,0,0,0,0,0,0,,4,,4,0,,,,4,0
2026/04/12 02:05:00,0,0,0,0,0,0,0,,4,,4,0,,,,4,0
2026/04/12 02:10:00,0,0,0,0,0,0,0,,4,,4,0,,,,4,0
2026/04/12 02:15:00,0,0,0,0,0,0,0,,4,,4,0,,,,4,0
2026/04/12 02:20:00,0,0,0,0,0,0,0,,4,,4,0,,,,4,0
2026/04/12 02:25:00,0,0,0,0,0,0,0,,4,,4,0,,,,4,0
2026/04/12 02:30:00,0,0,0,0,0,0,0,,4,,4,0,,,,4,0
2026/04/12 02:35:00,0,0,0,0,0,0,0,,4,,4,0,,,,4,0
2026/04/12 02:40:00,0,0,0,0,0,0,0,,4,,4,0,,,,4,0
2026/04/12 02:45:00,0,0,0,0,0,0,0,,4,,4,0,,,,4,0
2026/04/12 02:50:00,0,0,0,0,0,0,0,,4,,4,0,,,,4,0
2026/04/12 02:55:00,0,0,0,0,0,0,0,,4,,4,0,,,,4,0
2026/04/12 03:00:00,0,0,0,0,0,0,0,,4,,4,0,,,,4,0
2026/04/12 03:05:00,0,0,0,0,0,0,0,,4,,4,0,,,,4,0
2026/04/12 03:10:00,0,0,0,0,0,0,0,,4,,4,0,,,,4,0
2026/04/12 03:15:00,0,0,0,0,0,0,0,,4,,4,0,,,,4,0
2026/04/12 03:20:00,0,0,0,0,0,0,0,,4,,4,0,,,,4,0
2026/04/12 03:25:00,0,0,0,0,0,0,0,,4,,4,0,,,,4,0
2026/04/12 03:30:00,0,0,0,0,0,0,0,,4,,4,0,,,,4,0
2026/04/12 03:35:00,0,0,0,0,0,0,0,,4,,4,0,,,,4,0
2026/04/12 03:40:00,0,0,0,0,0,0,0,,4,,4,0,,,,4,0
2026/04/12 03:45:00,0,0,0,0,0,0,0,,4,,4,0,,,,4,0
2026/04/12 03:50:00,0,0,0,0,0,0,0,,4,,4,0,,,,4,0
2026/04/12 03:55:00,0,0,0,0,0,0,0,,4,,4,0,,,,4,0
2026/04/12 04:00:00,0,0,0,0,0,0,0,,4,,4,0,,,,4,0
2026/04/12 04:05:00,0,0,0,0,0,0,0,,4,,4,0,,,,4,0
2026/04/12 04:10:00,0,0,0,0,0,0,0,,4,,4,0,,,,4,0
2026/04/12 04:15:00,0,0,0,0,0,0,0,,4,,4,0,,,,4,0
2026/04/12 04:20:00,0,0,0,0,0,0,0,,4,,4,0,,,,4,0
2026/04/12 04:25:00,0,0,0,0,0,0,0,,4,,4,0,,,,4,0
2026/04/12 04:30:00,0,0,0,0,0,0,0,,4,,4,0,,,,4,0
2026/04/12 04:35:00,0,0,0,0,0,0,0,,4,,4,0,,,,4,0
2026/04/12 04:40:00,0,0,0,0,0,0,0,,4,,4,0,,,,4,0
2026/04/12 04:45:00,0,0,0,0,0,0,0,,4,,4,0,,,,4,0
2026/04/12 04:50:00,0,0,0,0,0,0,0,,4,,4,0,,,,4,0
2026/04/12 04:55:00,0,0,0,0,0,0,0,,4,,4,0,,,,4,0
2026/04/12 05:00:00,0,0,0,0,0,0,0,,4,,4,0,,,,4,0
2026/04/12 05:05:00,0,0,0,0,0,0,0,,4,,4,0,,,,4,0
2026/04/12 05:10:00,0,0,0,0,0,0,0,,4,,4,0,,,,4,0
2026/04/12 05:15:00,0,0,0,0,0,0,0,,4,,4,0,,,,4,0
2026/04/12 05:20:00,0,0,0,0,0,0,0,,4,,4,0,,,,4,0
2026/04/12 05:25:00,0,0,0,0,0,0,0,,4,,4,0,,,,4,0
2026/04/12 05:30:00,0,0,0,0,0,0,0,,4,,4,0,,,,4,0
2026/04/12 05:35:00,0,0,0,0,0,0,0,,4,,4,0,,,,4,0
2026/04/12 05:40:00,0,0,0,0,0,0,0,,4,,4,0,,,,4,0
2026/04/12 05:45:00,0,0,0,0,0,0,0,,4,,4,0,,,,4,0
2026/04/12 05:50:00,0,0,0,0,0,0,0,,4,,4,0,,,,4,0
2026/04/12 05:55:00,0,0,0,0,0,0,0,,4,,4,0,,,,4,0
2026/04/12 06:00:00,0,0,0,0,0,0,0,,4,,4,0,,,,4,0
2026/04/12 06:05:00,0,0,0,0,0,0,0,,4,,4,0,,,,4,0
2026/04/12 06:10:00,0,0,0,0,0,0,0,,4,,4,0,,,,4,0
2026/04/12 06:15:00,0,0,0,0,0,0,0,,4,,4,0,,,,4,0
2026/04/12 06:20:00,0,0,0,0,0,0,0,,4,,4,0,,,,4,0
2026/04/12 06:25:00,0,0,0,0,0,0,0,,4,,4,0,,,,4,0
2026/04/12 06:30:00,0,0,0,0,0,0,0,,4,,4,0,,,,4,0
2026/04/12 06:35:00,0,0,0,0,0,0,0,,4,,4,0,,,,4,0
2026/04/12 06:40:00,0,0,0,0,0,0,0,,4,,4,0,,,,4,0
2026/04/12 06:45:00,0,0,0,0,0,0,0,,4,,4,0,,,,4,0
2026/04/12 06:50:00,0,0,0,0,0,0,0,,4,,4,0,,,,4,0
2026/04/12 06:55:00,0,0,0,0,0,0,0,,4,,4,0,,,,4,0
2026/04/12 07:00:00,0,0,0,0,0,0,0,,4,,4,0,,,,4,0
2026/04/12 07:05:00,0,0,0,0,0,0,0,,4,,4,0,,,,4,0
2026/04/12 07:10:00,0,0,0,0,0,0,0,,4,,4,0,,,,4,0
2026/04/12 07:15:00,0,0,0,0,0,0,0,,4,,4,0,,,,4,0
2026/04/12 07:20:00,0,0,0,0,0,0,0,,4,,4,0,,,,4,0
2026/04/12 07:25:00,0,0,0,0,0,0,0,,4,,4,0,,,,4,0
2026/04/12 07:30:00,0,0,0,0,0,0,0,,4,,4,0,,,,4,0
2026/04/12 07:35:00,0,0,0,0,0,0,0,,4,,4,0,,,,4,0
2026/04/12 07:40:00,0,0,0,0,0,0,0,,4,,4,0,,,,4,0
2026/04/12 07:45:00,0,0,0,0,0,0,0,,4,,4,0,,,,4,0
2026/04/12 07:50:00,0,0,0,0,0,0,0,,4,,4,0,,,,4,0
2026/04/12 07:55:00,0,0,0,0,0,0,0,,4,0,4,0,,0,,4,0
2026/04/12 08:00:00,0,0,0,0,0,0,1,0.686354,3,0,4,25,90.7469,0,0.73621,4,0
2026/04/12 08:05:00,0,0,0,0,0,0,1,1.2418525,3,,4,25,81.97632,,41.735938,4,0
2026/04/12 08:10:00,0,0,0,0,0,0,1,0.620988,3,,4,25,82.20079999999999,,42.488080000000004,4,0
2026/04/12 08:15:00,0,0,0,0,0,0,1,1.265454,3,,4,25,89.97552,,49.18729,4,0
2026/04/12 08:20:00,0,0,0,0,0,0,1,1.7788220000000003,3,,4,25,76.12196,,52.53157799999999,4,0
2026/04/12 08:25:00,0,0,0,0,0,0,1,2.6294820000000003,3,,4,25,80.79459999999999,,98.981132,4,0
2026/04/12 08:30:00,0,0,0,0,0,0,2,1.6542177777777778,2,0,4,50,195.3669875,0,39.45006625,4,0
2026/04/12 08:35:00,0,0,0,0,0,0,3,1.9402466666666667,1,,4,75,186.21556,,89.07546933333333,4.4,0.4
2026/04/12 08:40:00,0,0,0,0,0,0,3,2.636001333333333,1,,4,75,148.34776000000002,,149.54442266666666,5,1
2026/04/12 08:45:00,0,0,0,0,0,0,3,2.259644,1.2,,4.2,72,152.59694,,121.10867066666667,5,0.8
2026/04/12 08:50:00,0,0,0,0,0,0,3,2.1172910000000003,2,,5,60,68.84984,,104.241778,5,0
2026/04/12 08:55:00,0,0,0,0,0,0,3,1.73509,2,,5,60,66.2863,,56.855921,5,0
2026/04/12 09:00:00,0,0,0,0,0,0,3,0.348577,2,,5,60,76.48501999999999,,15.55152,5,0
2026/04/12 09:05:00,0,0,0,0,0,0,3,0.001892,2,,5,60,76.74846,,0.070605,5,0
2026/04/12 09:10:00,0,0,0,0,0,0,3,0.000012857142857142856,2,,5,60,74.21768571428571,,0.00039714285714285714,5,0
2026/04/12 09:15:00,0,0,0,0,0,0,3,0,2,,5,60,63.98908,,0,5,0
2026/04/12 09:20:00,0,0,0,0,0,0,3,0,2,,5,60,60.4524,,0,5,0
2026/04/12 09:25:00,0,0,0,0,0,0,3,0,2,,5,60,55.239279999999994,,0,5,0
2026/04/12 09:30:00,0,0,0,0,0,0,3,0,2,,5,60,58.47280000000001,,0,5,0
2026/04/12 09:35:00,0,0,0,0,0,0,3,0,2,,5,60,59.07468,,0,5,0
2026/04/12 09:40:00,0,0,0,0,0,0,3,0.36597857142857143,2,0,5,60,63.42380000000001,0,0,5,0
2026/04/12 09:45:00,0,0,0,0,0,0,3,0.009164285714285713,2,,5,60,86.7211375,,115.15195,5,0
2026/04/12 09:50:00,0,0,0,0,0,0,3,0,2,,5,60,90.28516,,0.828936,5,0
2026/04/12 09:55:00,0,0,0,0,0,0,3,2.7994775,2,,5,60,80.91171999999999,,42.950256,5,0
2026/04/12 10:00:00,0,0,0,0,0,0,3,3.405704,2,,5,60,80.54584,,122.756002,5,0
2026/04/12 10:05:00,0,0,0,0,0,0,3,1.38077,2,,5,60,78.57983999999999,,75.04643999999999,5,0
2026/04/12 10:10:00,0,0,0,0,0,0,3,5.114418,2,,5,60,79.20380000000002,,247.62893999999997,5,0
2026/04/12 10:15:00,0,0,0,0,0,0,3,3.863028,2,,5,60,78.85696,,153.129496,5,0
2026/04/12 10:20:00,0,0,0,0,0,0,3,2.0686980000000004,2,,5,60,80.26268,,100.29113199999999,5,0
2026/04/12 10:25:00,0,0,0,0,0,0,3,0.04350333333333334,2,,5,60,78.61966666666666,,2.2588033333333333,5,0
2026/04/12 10:30:00,0,0,0,0,0,0,3,,2,,5,60,,,,5,0
2026/04/12 10:35:00,0,0,0,0,0,0,3,,2,,5,60,,,,5,0
2026/04/12 10:40:00,0,0,0,0,0,0,3,,2,,5,60,,,,5,0
2026/04/12 10:45:00,0,0,0,0,0,0,3,,2,,5,60,,,,5,0
2026/04/12 10:50:00,0,0,0,0,0,0,2,,2,,4,50,,,,5,1
2026/04/12 10:55:00,0,0,0,0,0,0,2,,2.2,,4.2,48,,,,5,0.8
2026/04/12 11:00:00,0,0,0,0,0,0,2,,3,,5,40,,,,5,0
2026/04/12 11:05:00,0,0,0,0,0,0,2,,3,,5,40,,,,5,0
2026/04/12 11:10:00,0,0,0,0,0,0,2,,3,,5,40,,,,5,0
2026/04/12 11:15:00,0,0,0,0,0,0,2,,3,,5,40,,,,5,0
2026/04/12 11:20:00,0,0,0,0,0,0,2,,2.6,,4.6,44,,,,4.2,0
2026/04/12 11:25:00,0,0,0,0,0,0,2,0.09269000000000001,2,0,4,50,141.537425,0,323.65339750000004,4,0
2026/04/12 11:30:00,0,0,0,0,0,0,2,,2,,4,50,148.043,,4.1519,4,0
2026/04/12 11:35:00,0,0,0,0,0,0,2,3.6777775000000004,2,0,4,50,123.684375,0,174.27004749999998,4,0
2026/04/12 11:40:00,0,0,0,0,0,0,2,2.556788,2,,4,50,145.81032,,161.470868,4,0
2026/04/12 11:45:00,0,0,0,0,0,0,1.6,3.908964,2,,3.6,43.333333333333336,128.65344,,132.014512,4,0.4
2026/04/12 11:50:00,0,0,0,0,0,0,1,4.684398,2,,3,33.333333333333336,149.37184,,174.17264600000004,4,1
2026/04/12 11:55:00,0,0,0,0,0,0,1,2.5124400000000002,2.6,,3.6,28.333333333333336,119.88627999999999,,133.39174400000002,4,0.4
2026/04/12 12:00:00,0,0,0,0,0,0,1,3.5784040000000004,3,,4,25,145.29932,,171.643172,4,0
2026/04/12 12:05:00,0,0,0,0,0,0,1,4.810178,3,,4,25,106.36576,,225.07286,4,0
2026/04/12 12:10:00,0,0,0,0,0,0,1,5.425388,3,,4,25,107.27763999999999,,297.340014,4,0
2026/04/12 12:15:00,0,0,0,0,0,0,1,2.6059360000000003,3,,4,25,139.3538,,112.84871000000001,4,0
2026/04/12 12:20:00,0,0,0,0,0,0,1,2.5344900000000004,3,,4,25,133.22388,,45.844072,4,0
2026/04/12 12:25:00,0,0,0,0,0,0,1,2.7471919999999996,3,,4,25,163.64231999999998,,168.063328,4,0
2026/04/12 12:30:00,0,0,0,0,0,0,1,3.818746,3,,4,25,111.36024,,198.640468,4,0
2026/04/12 12:35:00,0,0,0,0,0,0,1,0.233418,3,,4,25,157.01543999999998,,12.473244,4,0
2026/04/12 12:40:00,0,0,0,0,0,0,1,2.334952,3,,4,25,156.17784,,110.581108,4,0
2026/04/12 12:45:00,0,0,0,0,0,0,1,3.77952,3,,4,25,112.71428,,152.999934,4,0
2026/04/12 12:50:00,0,0,0,0,0,0,1,3.504448,3,,4,25,147.1758,,161.73806,4,0
2026/04/12 12:55:00,0,0,0,0,0,0,1,0.4553775,3,,4,25,169.65615000000003,,13.1033175,4,0
2026/04/12 13:00:00,0,0,0,0,0,0,1,6.23149,3,0,4,25,103.516425,0,445.99717250000003,4,0
2026/04/12 13:05:00,0,0,0,0,0,0,1,5.87535,3,,4,25,98.1264,,407.565666,4,0
2026/04/12 13:10:00,0,0,0,0,0,0,1,2.663606,3,,4,25,154.49124,,111.406486,4,0
2026/04/12 13:15:00,0,0,0,0,0,0,1,1.9812660000000002,3,,4,25,138.77439999999999,,53.715928000000005,4,0
2026/04/12 13:20:00,0,0,0,0,0,0,1,2.34226,3,,4,25,179.86556000000002,,103.841472,4,0
2026/04/12 13:25:00,0,0,0,0,0,0,1,0.03286666666666666,3,0,4,25,197.1372,0,2.941705,4,0
2026/04/12 13:30:00,0,0,0,0,0,0,1,5.114432,3,,4,25,74.06056,,344.26486200000005,4,0
2026/04/12 13:35:00,0,0,0,0,0,0,1,3.914457999999999,3,,4,25,100.58984000000001,,110.853028,4,0
2026/04/12 13:40:00,0,0,0,0,0,0,1,1.640505,3,0,4,25,127.98798333333332,0,560.397736,4,0
2026/04/12 13:45:00,0,0,0,0,0,0,1,0.38777,3,,4,25,159.1022,,66.83506,4,0
2026/04/12 13:50:00,0,0,0,0,0,0,1,,3,,4,25,,,,4,0
2026/04/12 13:55:00,0,0,0,0,0,0,1,,3,,4,25,,,,4,0
2026/04/12 14:00:00,0,0,0,0,0,0,1,,3,,4,25,,,,4,0
2026/04/12 14:05:00,0,0,0,0,0,0,1,,3,,4,25,,,,4,0
2026/04/12 14:10:00,0,0,0,0,0,0,1,,3,,4,25,,,,4,0
2026/04/12 14:15:00,0,0,0,0,0,0,1,,3,,4,25,,,,4,0
2026/04/12 14:20:00,0,0,0,0,0,0,1,,3,,4,25,,,,4,0
2026/04/12 14:25:00,0,0,0,0,0,0,1,,3,,4,25,,,,4,0
2026/04/12 14:30:00,0,0,0,0,0,0,1,,3,,4,25,,,,4,0
2026/04/12 14:35:00,0,0,0,0,0,0,1,,3,,4,25,,,,4,0
2026/04/12 14:40:00,0,0,0,0,0,0,1,,3,,4,25,,,,4,0
2026/04/12 14:45:00,0,0,0,0,0,0,1,,3,,4,25,,,,4,0
2026/04/12 14:50:00,0,0,0,0,0,0,1,,3,,4,25,,,,4,0
2026/04/12 14:55:00,0,0,0,0,0,0,1,,3,,4,25,,,,4,0
2026/04/12 15:00:00,0,0,0,0,0,0,1,,3,,4,25,,,,4,0
2026/04/12 15:05:00,0,0,0,0,0,0,1,,3,,4,25,,,,4,0
2026/04/12 15:10:00,0,0,0,0,0,0,1,,3,,4,25,,,,4,0
2026/04/12 15:15:00,0,0,0,0,0,0,1,,3,,4,25,,,,4,0
2026/04/12 15:20:00,0,0,0,0,0,0,1,,3,,4,25,,,,4,0
2026/04/12 15:25:00,0,0,0,0,0,0,1.4,0.781725,2.6,0,4,35,55.7922,0,7.22627,4,0
2026/04/12 15:30:00,0,0,0,0,0,0,2,0,2,,4,50,63.91206,,0.757204,4,0
2026/04/12 15:35:00,0,0,0,0,0,0,2,0,2,,4,50,73.56468,,0.00344,4,0
2026/04/12 15:40:00,0,0,0,0,0,0,2,0,2,,4,50,64.44992,,0.000016000000000000003,4,0
2026/04/12 15:45:00,0,0,0,0,0,0,1.2,0,2,,3.2,36.66666666666667,56.10867999999999,,0,4,0.8
2026/04/12 15:50:00,0,0,0,0,0,0,1,0,2,,3,33.333333333333336,64.535,,0,4,1
2026/04/12 15:55:00,0,0,0,0,0,0,1,0,2.8,,3.8,26.666666666666668,62.6822,,0,4,0.2
2026/04/12 16:00:00,0,0,0,0,0,0,1,0,3,,4,25,75.1822,,0,4,0
2026/04/12 16:05:00,0,0,0,0,0,0,1,0,3,,4,25,59.75268,,0,4,0
2026/04/12 16:10:00,0,0,0,0,0,0,1,0,3,,4,25,54.97619999999999,,0,4,0
2026/04/12 16:15:00,0,0,0,0,0,0,1,0,3,,4,25,55.41748,,0,4,0
2026/04/12 16:20:00,0,0,0,0,0,0,1,0,3,,4,25,57.7888,,0,4,0
2026/04/12 16:25:00,0,0,0,0,0,0,1,0,3,,4,25,57.28568,,0,4,0
2026/04/12 16:30:00,0,0,0,0,0,0,1,,3,,4,25,,,,4,0
2026/04/12 16:35:00,0,0,0,0,0,0,1,,3,,4,25,,,,4,0
2026/04/12 16:40:00,0,0,0,0,0,0,1,,3,,4,25,,,,4,0
2026/04/12 16:45:00,0,0,0,0,0,0,1,,3,,4,25,,,,4,0
2026/04/12 16:50:00,0,0,0,0,0,0,1,,3,,4,25,,,,4,0
2026/04/12 16:55:00,0,0,0,0,0,0,1,,3,,4,25,,,,4,0
2026/04/12 17:00:00,0,0,0,0,0,0,1,,3,,4,25,,,,4,0
2026/04/12 17:05:00,0,0,0,0,0,0,1,,3,,4,25,,,,4,0
2026/04/12 17:10:00,0,0,0,0,0,0,1,,3,,4,25,,,,4,0
2026/04/12 17:15:00,0,0,0,0,0,0,1,,3,,4,25,,,,4,0
2026/04/12 17:20:00,0,0,0,0,0,0,1,,3,,4,25,,,,4,0
2026/04/12 17:25:00,0,0,0,0,0,0,1,,3,,4,25,,,,4,0
2026/04/12 17:30:00,0,0,0,0,0,0,1,,3,,4,25,,,,4,0
2026/04/12 17:35:00,0,0,0,0,0,0,1,,3,,4,25,,,,4,0
2026/04/12 17:40:00,0,0,0,0,0,0,1,,3,,4,25,,,,4,0
2026/04/12 17:45:00,0,0,0,0,0,0,1,,3,,4,25,,,,4,0
2026/04/12 17:50:00,0,0,0,0,0,0,1,,3,,4,25,,,,4,0
2026/04/12 17:55:00,0,0,0,0,0,0,1,,3,,4,25,,,,4,0
2026/04/12 18:00:00,0,0,0,0,0,0,1,,3,,4,25,,,,4,0
2026/04/12 18:05:00,0,0,0,0,0,0,1,,3,,4,25,,,,4,0
2026/04/12 18:10:00,0,0,0,0,0,0,1,,3,,4,25,,,,4,0
2026/04/12 18:15:00,0,0,0,0,0,0,1,,3,,4,25,,,,4,0
2026/04/12 18:20:00,0,0,0,0,0,0,1,,3,0,4,25,,0,,4,0
2026/04/12 18:25:00,0,0,0,0,0,0,2,0.7804049999999999,2,0,4,50,141.75705000000002,0,0.7134025,4,0
2026/04/12 18:30:00,0,0,0,0,0,0,1,2.7185099999999998,2,0,3,33.333333333333336,119.30732,0,147.96122200000002,4,1
2026/04/12 18:35:00,0,0,0,0,0,0,1,4.75957,2.2,,3.2,31.666666666666668,68.547,,206.10339199999999,4,0.8
2026/04/12 18:40:00,0,0,0,0,0,0,1,0.132134,3,,4,25,122.85996,,7.818816000000001,4,0
2026/04/12 18:45:00,0,0,0,0,0,0,1,2.53351,3,,4,25,131.70828,,215.203738,4,0
2026/04/12 18:50:00,0,0,0,0,0,0,1,0.2048075,3,,4,25,121.27815,,22.094262499999996,4,0
2026/04/12 18:55:00,0,0,0,0,0,0,1,,3,,4,25,,,,4,0
2026/04/12 19:00:00,0,0,0,0,0,0,1,,3,,4,25,,,,4,0
2026/04/12 19:05:00,0,0,0,0,0,0,1,,3,,4,25,,,,4,0
2026/04/12 19:10:00,0,0,0,0,0,0,1,,3,,4,25,,,,4,0
2026/04/12 19:15:00,0,0,0,0,0,0,1,,3,,4,25,,,,4,0
2026/04/12 19:20:00,0,0,0,0,0,0,1,,3,,4,25,,,,4,0
2026/04/12 19:25:00,0,0,0,0,0,0,1,,3,,4,25,,,,4,0
2026/04/12 19:30:00,0,0,0,0,0,0,1,,3,,4,25,,,,4,0
2026/04/12 19:35:00,0,0,0,0,0,0,1,,3,,4,25,,,,4,0
2026/04/12 19:40:00,0,0,0,0,0,0,1,,3,,4,25,,,,4,0
2026/04/12 19:45:00,0,0,0,0,0,0,1,,3,,4,25,,,,4,0
2026/04/12 19:50:00,0,0,0,0,0,0,1,,3,,4,25,,,,4,0
2026/04/12 19:55:00,0,0,0,0,0,0,1,,3,,4,25,,,,4,0
2026/04/12 20:00:00,0,0,0,0,0,0,1,,3,,4,25,,,,4,0
2026/04/12 20:05:00,0,0,0,0,0,0,1,,3,,4,25,,,,4,0
2026/04/12 20:10:00,0,0,0,0,0,0,1,,3,,4,25,,,,4,0
2026/04/12 20:15:00,0,0,0,0,0,0,1,,3,,4,25,,,,4,0
2026/04/12 20:20:00,0,0,0,0,0,0,1,,3,,4,25,,,,4,0
2026/04/12 20:25:00,0,0,0,0,0,0,1,,3,,4,25,,,,4,0
2026/04/12 20:30:00,0,0,0,0,0,0,1,,3,,4,25,,,,4,0
2026/04/12 20:35:00,0,0,0,0,0,0,1,,3,,4,25,,,,4,0
2026/04/12 20:40:00,0,0,0,0,0,0,1,,3,,4,25,,,,4,0
2026/04/12 20:45:00,0,0,0,0,0,0,1,,3,,4,25,,,,4,0
2026/04/12 20:50:00,0,0,0,0,0,0,0.8,,3,,3.8,20,,,,4,0.2
2026/04/12 20:55:00,0,0,0,0,0,0,0,,3,,3,0,,,,4,1
2026/04/12 21:00:00,0,0,0,0,0,0,0,,3.4,,3.4,0,,,,4,0.6
2026/04/12 21:05:00,0,0,0,0,0,0,0,,4,,4,0,,,,4,0
2026/04/12 21:10:00,0,0,0,0,0,0,0,,4,,4,0,,,,4,0
2026/04/12 21:15:00,0,0,0,0,0,0,0,,4,,4,0,,,,4,0
2026/04/12 21:20:00,0,0,0,0,0,0,0,,4,,4,0,,,,4,0
2026/04/12 21:25:00,0,0,0,0,0,0,0,,4,,4,0,,,,4,0
2026/04/12 21:30:00,0,0,0,0,0,0,0,,4,,4,0,,,,4,0
2026/04/12 21:35:00,0,0,0,0,0,0,0,,4,,4,0,,,,4,0
2026/04/12 21:40:00,0,0,0,0,0,0,0,,4,,4,0,,,,4,0
2026/04/12 21:45:00,0,0,0,0,0,0,0,,4,,4,0,,,,4,0
2026/04/12 21:50:00,0,0,0,0,0,0,0,,4,,4,0,,,,4,0
2026/04/12 21:55:00,0,0,0,0,0,0,0,,4,,4,0,,,,4,0
2026/04/12 22:00:00,0,0,0,0,0,0,0,,4,,4,0,,,,4,0
2026/04/12 22:05:00,0,0,0,0,0,0,0,,4,,4,0,,,,4,0
2026/04/12 22:10:00,0,0,0,0,0,0,0,,4,,4,0,,,,4,0
2026/04/12 22:15:00,0,0,0,0,0,0,0,,4,,4,0,,,,4,0
2026/04/12 22:20:00,0,0,0,0,0,0,0,,4,,4,0,,,,4,0
2026/04/12 22:25:00,0,0,0,0,0,0,0,,4,,4,0,,,,4,0
2026/04/12 22:30:00,0,0,0,0,0,0,0,,4,,4,0,,,,4,0
2026/04/12 22:35:00,0,0,0,0,0,0,0,,4,,4,0,,,,4,0
2026/04/12 22:40:00,0,0,0,0,0,0,0,,4,,4,0,,,,4,0
2026/04/12 22:45:00,0,0,0,0,0,0,0,,4,,4,0,,,,4,0
2026/04/12 22:50:00,0,0,0,0,0,0,0,,4,,4,0,,,,4,0
2026/04/12 22:55:00,0,0,0,0,0,0,0,,4,,4,0,,,,4,0
2026/04/12 23:00:00,0,0,0,0,0,0,0,,4,,4,0,,,,4,0
2026/04/12 23:05:00,0,0,0,0,0,0,0,,4,,4,0,,,,4,0
2026/04/12 23:10:00,0,0,0,0,0,0,0,,4,,4,0,,,,4,0
2026/04/12 23:15:00,0,0,0,0,0,0,0,,4,,4,0,,,,4,0
2026/04/12 23:20:00,0,0,0,0,0,0,0,,4,,4,0,,,,4,0
2026/04/12 23:25:00,0,0,0,0,0,0,0,,4,,4,0,,,,4,0
2026/04/12 23:30:00,0,0,0,0,0,0,0,,4,,4,0,,,,4,0
2026/04/12 23:35:00,0,0,0,0,0,0,0,,4,,4,0,,,,4,0
2026/04/12 23:40:00,0,0,0,0,0,0,0,,4,,4,0,,,,4,0
2026/04/12 23:45:00,0,0,0,0,0,0,0,,4,,4,0,,,,4,0
2026/04/12 23:50:00,0,0,0,0,0,0,0,,4,,4,0,,,,4,0
2026/04/12 23:55:00,0,0,0,0,0,0,0,,4,,4,0,,,,4,0
2026/04/13 00:00:00,0,0,0,0,0,0,0,,4,,4,0,,,,4,0
2026/04/13 00:05:00,0,0,0,0,0,0,0,,4,,4,0,,,,4,0
2026/04/13 00:10:00,0,0,0,0,0,0,0,,4,,4,0,,,,4,0
2026/04/13 00:15:00,0,0,0,0,0,0,0,,4,,4,0,,,,4,0
2026/04/13 00:20:00,0,0,0,0,0,0,0,,4,,4,0,,,,4,0
2026/04/13 00:25:00,0,0,0,0,0,0,0,,4,,4,0,,,,4,0
2026/04/13 00:30:00,0,0,0,0,0,0,0,,4,,4,0,,,,4,0
2026/04/13 00:35:00,0,0,0,0,0,0,0,,4,,4,0,,,,4,0
2026/04/13 00:40:00,0,0,0,0,0,0,0,,4,,4,0,,,,4,0
2026/04/13 00:45:00,0,0,0,0,0,0,0,,4,,4,0,,,,4,0
2026/04/13 00:50:00,0,0,0,0,0,0,0,,4,,4,0,,,,4,0
2026/04/13 00:55:00,0,0,0,0,0,0,0,,4,,4,0,,,,4,0
2026/04/13 01:00:00,0,0,0,0,0,0,0,,4,,4,0,,,,4,0
2026/04/13 01:05:00,0,0,0,0,0,0,0,,4,,4,0,,,,4,0
2026/04/13 01:10:00,0,0,0,0,0,0,0,,4,,4,0,,,,4,0
2026/04/13 01:15:00,0,0,0,0,0,0,0,,4,,4,0,,,,4,0
2026/04/13 01:20:00,0,0,0,0,0,0,0,,4,,4,0,,,,4,0
2026/04/13 01:25:00,0,0,0,0,0,0,0,,4,,4,0,,,,4,0
2026/04/13 01:30:00,0,0,0,0,0,0,0,,4,,4,0,,,,4,0
2026/04/13 01:35:00,0,0,0,0,0,0,0,,4,,4,0,,,,4,0
2026/04/13 01:40:00,0,0,0,0,0,0,0,,4,,4,0,,,,4,0
2026/04/13 01:45:00,0,0,0,0,0,0,0,,4,,4,0,,,,4,0
2026/04/13 01:50:00,0,0,0,0,0,0,0,,4,,4,0,,,,4,0
2026/04/13 01:55:00,0,0,0,0,0,0,0,,4,,4,0,,,,4,0
2026/04/13 02:00:00,0,0,0,0,0,0,0,,4,,4,0,,,,4,0
2026/04/13 02:05:00,0,0,0,0,0,0,0,,4,,4,0,,,,4,0
2026/04/13 02:10:00,0,0,0,0,0,0,0,,4,,4,0,,,,4,0
2026/04/13 02:15:00,0,0,0,0,0,0,0,,4,,4,0,,,,4,0
2026/04/13 02:20:00,0,0,0,0,0,0,0,,4,,4,0,,,,4,0
2026/04/13 02:25:00,0,0,0,0,0,0,0,,4,,4,0,,,,4,0
2026/04/13 02:30:00,0,0,0,0,0,0,0,,4,,4,0,,,,4,0
2026/04/13 02:35:00,0,0,0,0,0,0,0,,4,,4,0,,,,4,0
2026/04/13 02:40:00,0,0,0,0,0,0,0,,4,,4,0,,,,4,0
2026/04/13 02:45:00,0,0,0,0,0,0,0,,4,,4,0,,,,4,0
2026/04/13 02:50:00,0,0,0,0,0,0,0,,4,,4,0,,,,4,0
2026/04/13 02:55:00,0,0,0,0,0,0,0,,4,,4,0,,,,4,0
2026/04/13 03:00:00,0,0,0,0,0,0,0,,4,,4,0,,,,4,0
2026/04/13 03:05:00,0,0,0,0,0,0,0,,4,,4,0,,,,4,0
2026/04/13 03:10:00,0,0,0,0,0,0,0,,4,,4,0,,,,4,0
2026/04/13 03:15:00,0,0,0,0,0,0,0,,4,,4,0,,,,4,0
2026/04/13 03:20:00,0,0,0,0,0,0,0,,4,,4,0,,,,4,0
2026/04/13 03:25:00,0,0,0,0,0,0,0,,4,,4,0,,,,4,0
2026/04/13 03:30:00,0,0,0,0,0,0,0,,4,,4,0,,,,4,0
2026/04/13 03:35:00,0,0,0,0,0,0,0,,4,,4,0,,,,4,0
2026/04/13 03:40:00,0,0,0,0,0,0,0,,4,,4,0,,,,4,0
2026/04/13 03:45:00,0,0,0,0,0,0,0,,4,,4,0,,,,4,0
2026/04/13 03:50:00,0,0,0,0,0,0,0,,4,,4,0,,,,4,0
2026/04/13 03:55:00,0,0,0,0,0,0,0,,4,,4,0,,,,4,0
2026/04/13 04:00:00,0,0,0,0,0,0,0,,4,,4,0,,,,4,0
2026/04/13 04:05:00,0,0,0,0,0,0,0,,4,,4,0,,,,4,0
2026/04/13 04:10:00,0,0,0,0,0,0,0,,4,,4,0,,,,4,0
2026/04/13 04:15:00,0,0,0,0,0,0,0,,4,,4,0,,,,4,0
2026/04/13 04:20:00,0,0,0,0,0,0,0,,4,,4,0,,,,4,0
2026/04/13 04:25:00,0,0,0,0,0,0,0,,4,,4,0,,,,4,0
2026/04/13 04:30:00,0,0,0,0,0,0,0,,4,,4,0,,,,4,0
2026/04/13 04:35:00,0,0,0,0,0,0,0,,4,,4,0,,,,4,0
2026/04/13 04:40:00,0,0,0,0,0,0,0,,4,,4,0,,,,4,0
2026/04/13 04:45:00,0,0,0,0,0,0,0,,4,,4,0,,,,4,0
2026/04/13 04:50:00,0,0,0,0,0,0,0,,4,,4,0,,,,4,0
2026/04/13 04:55:00,0,0,0,0,0,0,0,,4,,4,0,,,,4,0
2026/04/13 05:00:00,0,0,0,0,0,0,0,,4,,4,0,,,,28.8,24.8
2026/04/13 05:05:00,0,0,0,0,0,0,0,,4,,4,0,,,,35,31
2026/04/13 05:10:00,0,0,0,0,0,0,0,,25.2,,25.2,0,,,,35,9.8
2026/04/13 05:15:00,0,0,0,0,0,0,0,,35,,35,0,,,,35,0
2026/04/13 05:20:00,0,0,0,0,0,0,0,,35,,35,0,,,,35,0
2026/04/13 05:25:00,0,0,0,0,0,0,0.6,1.3617566666666665,34.4,0,35,1.7142857142857142,218.25155,0,24.457069999999998,35,0
2026/04/13 05:30:00,0,0,0,0,0,0,1,0,34,,35,2.857142857142857,44.5159,,10.819317999999999,35,0
2026/04/13 05:35:00,0,0,0,0,0,0,1.8,0.4940611111111111,33.2,0,35,5.142857142857143,97.1588875,0,0.5382199999999999,35,0
2026/04/13 05:40:00,0,0,0,0,0,0,2,0,33,,35,5.714285714285714,95.66676,,0.05336,35,0
2026/04/13 05:45:00,0,0,0,0,0,0,3,0.2959207692307692,32,0,35,8.571428571428571,111.18247857142856,0,22.700885000000003,35,0
2026/04/13 05:50:00,0,0,0,0,0,0,4.2,1.244093157894737,30.8,0,35,12,92.08795263157894,0,53.62332105263158,35,0
2026/04/13 05:55:00,0,0,0,0,0,0,6.8,1.3795230769230769,28.2,0,35,19.428571428571427,71.56816071428571,0,47.4131425,35,0
2026/04/13 06:00:00,0,0,0,0,0,0,7.8,1.318150625,27.2,0,35,22.28571428571429,65.76905454545454,0,80.72749272727272,35,0
2026/04/13 06:05:00,0,0,0,0,0,0,10.8,1.3450340476190474,24.2,0,35,30.857142857142854,76.75169534883722,0,84.85291069767442,35,0
2026/04/13 06:10:00,0,0,0,0,0,0,12.2,1.3120114,22.8,0,35,34.857142857142854,78.34339,0,104.777968,35,0
2026/04/13 06:15:00,0,0,0,0,0,0,16,0.8517251515151515,19,0,35,45.714285714285715,53.25086029411765,0,34.17074264705882,35,0
2026/04/13 06:20:00,0,0,0,0,0,0,16,0.7920797333333334,19,0,35,45.714285714285715,73.22930000000001,0,47.18953148648648,35,0
2026/04/13 06:25:00,0,0,0,0,0,0,17,1.0257568918918918,18,0,35,48.57142857142857,470.26792916666665,0,67.298415,35,0
2026/04/13 06:30:00,0,0,0,0,0,0,18.8,0.5202253164556963,16.2,0,35,53.71428571428571,354.59445584415585,0,28.209853766233763,35,0
2026/04/13 06:35:00,0,0,0,0,0,0,21.8,0.4692992473118279,13.2,0,35,62.28571428571429,466.1977566666667,0,87.3659301111111,35,0
2026/04/13 06:40:00,0,0,0,0,0,0,24.2,0.6109021153846154,10.8,0,35,69.14285714285714,342.53216095238093,0,34.10583704761905,38.6,3.6
2026/04/13 06:45:00,0,0,0,0,0,0,27.6,0.7174236607142858,7.4,0,35,78.85714285714286,103.21208620689654,0,37.18381715517241,42.6,7.6
2026/04/13 06:50:00,0,0,0,0,0,0,30,1.0416860629921258,7.6,0,37.6,79.92490842490842,100.47702500000001,0,64.30580322580646,47.4,9.8
2026/04/13 06:55:00,0,0,0,0,0,0,32.4,0.7763837209302327,10.8,0,43.2,75.13137587050632,58.721364615384616,0,36.32556446153846,48,4.8
2026/04/13 07:00:00,0,0,0,0,0,0,33.4,0.7223459854014599,14,0,47.4,70.46099290780141,83.44007132352941,0,31.38542272058824,48,0.6
2026/04/13 07:05:00,0,0,0,0,0,0,34,0.8287278832116788,14,,48,70.83333333333333,267.4915188405797,,33.997760719424456,57,9
2026/04/13 07:10:00,0,0,0,0,0,0,35.4,0.7957571739130435,12.8,0,48.2,73.43537414965986,104.59607517730498,0,36.50326134751773,57.4,9.2
2026/04/13 07:15:00,0,0,0,0,0,0,38.2,1.320154938271605,18.6,0,56.8,67.24937343358397,55.34313081761005,0,64.9315147798742,59.8,3
2026/04/13 07:20:00,0,0,0,0,0,0,39,1.1708845222929936,18.2,,57.2,68.18511796733212,49.81164223602484,,69.5157259006211,60,2.8
2026/04/13 07:25:00,0,0,0,0,0,0,39,1.225306815286624,20.8,0,59.8,65.22033898305085,225.27972911392408,0,80.13391943037973,62.4,2.6
2026/04/13 07:30:00,0,0,0,0,0,0,39.4,1.0411905660377359,20.6,0,60,65.66666666666667,46.50562848101266,0,69.94582417721519,66,6
2026/04/13 07:35:00,0,0,0,0,0,0,41.6,0.9533898823529412,21,0,62.6,66.55837059115747,57.13193333333333,0,54.91650374269006,67.6,5
2026/04/13 07:40:00,0,0,0,0,0,0,42.6,0.7927230113636363,23.4,0,66,64.54545454545455,170.52875084745764,0,49.71211107344634,69,3
2026/04/13 07:45:00,0,0,0,0,0,0,44,1.0146830769230768,23.2,0,67.2,65.48434299092771,56.736526020408164,0,60.25477964285714,69,1.8
2026/04/13 07:50:00,0,0,0,0,0,0,44.8,0.9555724242424244,24.2,0,69,64.92753623188405,48.10693216080402,0,51.07398,71.4,2.4
2026/04/13 07:55:00,0,0,0,0,0,0,45,0.9835017171717172,24,,69,65.21739130434783,145.8005,,50.367814472361815,75,6
2026/04/13 08:00:00,0,0,0,0,0,0,45,1.2200038775510207,27.6,0,72.6,62.086956521739125,148.05833214285715,0,71.14034148717948,75,2.4
2026/04/13 08:05:00,0,0,0,0,0,0,46.2,1.1665185,28.8,0,75,61.6,393.44547600000004,0,56.7511274,75,0
2026/04/13 08:10:00,0,0,0,0,0,0,46.6,1.053763512195122,28,0,74.6,62.464864864864865,349.6703765853659,0,45.45097068292682,75,0.4
2026/04/13 08:15:00,0,0,0,0,0,0,46,1.0209991826923077,28,0,74,62.16216216216217,180.68189471153846,0,54.73143735576924,75,1
2026/04/13 08:20:00,0,0,0,0,0,0,45.8,0.9130889855072465,28.6,0,74.4,61.56036036036037,212.21385219512194,0,51.29567785365853,75,0.6
2026/04/13 08:25:00,0,0,0,0,0,0,45,0.8142028780487806,29,0,74,60.810810810810814,99.8472173076923,0,47.16781690821255,75,1
2026/04/13 08:30:00,0,0,0,0,0,0,44.8,0.8748842233009708,28.6,0,73.4,61.03665309144761,61.70532211538461,0,37.27612370192308,75,1.6
2026/04/13 08:35:00,0,0,0,0,0,0,46,0.9497238834951457,28,0,74,62.16216216216217,67.07556975609756,0,41.56079092682928,75,1
2026/04/13 08:40:00,0,0,0,0,0,0,46,1.252281959798995,29,0,75,61.333333333333336,60.58191868686869,0,71.9809481218274,75,0
2026/04/13 08:45:00,0,0,0,0,0,0,46,1.352797180851064,29,0,75,61.333333333333336,158.30744603174603,0,73.31157010582011,75,0
2026/04/13 08:50:00,0,0,0,0,0,0,46,1.0974515306122448,29,0,75,61.333333333333336,166.87469648241208,0,62.468392613065326,75,0
2026/04/13 08:55:00,0,0,0,0,0,0,46,1.2081064878048782,29,0,75,61.333333333333336,110.03525418719212,0,61.72401778325124,75,0
2026/04/13 09:00:00,0,0,0,0,0,0,46,0.9571996534653465,29,,75,61.333333333333336,148.6330487684729,,39.67173802955665,75,0
2026/04/13 09:05:00,0,0,0,0,0,0,45.8,1.3850197382198952,29,0,74.8,61.22882882882883,252.80473926701572,0,63.3116119895288,75,0.2
2026/04/13 09:10:00,0,0,0,0,0,0,45,1.2558348803827752,29,0,74,60.810810810810814,139.73485144230773,0,108.90248730392157,75,1
2026/04/13 09:15:00,0,0,0,0,0,0,45,1.3734959523809527,29.4,,74.4,60.48648648648649,66.30300857142856,,76.86152921951219,75,0.6
2026/04/13 09:20:00,0,0,0,0,0,0,45,0.9863905741626793,30,,75,60,69.84212583732058,,49.55006279411765,75,0
2026/04/13 09:25:00,0,0,0,0,0,0,45,0.8363227135678393,30,0,75,60,79.89780454545455,0,50.0661490909091,75,0
2026/04/13 09:30:00,0,0,0,0,0,0,44.2,0.8441995918367348,30,,74.2,59.567567567567565,268.6474076142132,,55.18826654822336,75,0.8
2026/04/13 09:35:00,0,0,0,0,0,0,43.6,0.7868951832460732,30,0,73.6,59.237319511292114,93.93996197916665,0,82.27023505208334,75,1.4
2026/04/13 09:40:00,0,0,0,0,0,0,43.8,0.8354823469387757,30.2,0,74,59.189189189189186,57.935685641025636,0,74.24389333333333,75,1
2026/04/13 09:45:00,0,0,0,0,0,0,44,0.5088707106598984,30.6,,74.6,58.98378378378378,139.49157106598986,,29.748452741116747,75,0.4
2026/04/13 09:50:00,0,0,0,0,0,0,44,0.3414990000000001,31,0,75,58.666666666666664,215.35414921465969,0,20.63819785340314,75,0
2026/04/13 09:55:00,0,0,0,0,0,0,44.6,0.646205614973262,30,0,74.6,59.78378378378378,72.4017411764706,0,34.61697470588234,75,0.4
2026/04/13 10:00:00,0,0,0,0,0,0,44,0.9456119047619047,30,0,74,59.45945945945946,52.304185119047624,0,90.5930769461078,75,1
2026/04/13 10:05:00,0,0,0,0,0,0,44.4,0.9342058536585367,30.2,0,74.6,59.51711711711712,210.718902484472,0,79.76121456790123,75,0.4
2026/04/13 10:10:00,0,0,0,0,0,0,44.2,0.7415036301369863,30,0,74.2,59.567567567567565,83.40682617449663,0,49.84359777027027,75,0.8
2026/04/13 10:15:00,0,0,0,0,0,0,44,0.5948890070921986,30,0,74,59.45945945945946,99.46697482517482,0,35.380719020979015,75,1
2026/04/13 10:20:00,0,0,0,0,0,0,44.4,0.7458886206896552,30.4,0,74.8,59.358558558558556,71.21157083333334,0,55.93760777777778,75,0.2
2026/04/13 10:25:00,0,0,0,0,0,0,45,1.1017614379084966,30,0,75,60,195.9755406666667,0,75.70120080000001,75,0
2026/04/13 10:30:00,0,0,0,0,0,0,45,0.6013509150326798,30,,75,60,179.0344655629139,,33.581104966887416,75,0
2026/04/13 10:35:00,0,0,0,0,0,0,45,0.2992046376811594,30,,75,60,234.9729085714286,,11.466487714285716,75,0
2026/04/13 10:40:00,0,0,0,0,0,0,44.8,0.2714090977443609,30,,74.8,59.891891891891895,505.728381060606,,13.12802643939394,75,0.2
2026/04/13 10:45:00,0,0,0,0,0,0,43.4,0.1590788617886179,30,0,73.4,59.126249537208444,295.0569902439024,0,13.364350483870966,75,1.6
2026/04/13 10:50:00,0,0,0,0,0,0,43.4,0.22374713043478264,30,0,73.4,59.126249537208444,544.5075870689654,0,12.400905689655172,75,1.6
2026/04/13 10:55:00,0,0,0,0,0,0,44,0.3742950877192982,30.6,0,74.6,58.98378378378378,436.21282434782614,0,11.917755526315789,75,0.4
2026/04/13 11:00:00,0,0,0,0,0,0,44,0.758680380952381,31,,75,58.666666666666664,55.8601906542056,,8.74690906542056,75,0
2026/04/13 11:05:00,0,0,0,0,0,0,43.8,0.5248110784313726,31,0,74.8,58.55495495495495,44.169632,0,68.98984070000002,75,0.2
2026/04/13 11:10:00,0,0,0,0,0,0,43,0.2600070642201835,31,0,74,58.108108108108105,44.42190366972477,0,96.46512768518517,75,1
2026/04/13 11:15:00,0,0,0,0,0,0,43,0.4329648571428571,31.2,,74.2,57.95315315315315,46.703058490566036,,30.119610566037736,75,0.8
2026/04/13 11:20:00,0,0,0,0,0,0,42.6,0.31892621359223305,32,0,74.6,57.09954337899544,49.26709230769231,0,23.341682330097086,75,0.4
2026/04/13 11:25:00,0,0,0,0,0,0,41,0.20773797752808987,32,,73,56.164383561643845,161.35952413793103,,9.264434137931035,75,2
2026/04/13 11:30:00,0,0,0,0,0,0,40.8,0.46561115942028986,32.8,0,73.6,55.44277428113045,42.43514285714286,0,58.49341214285714,75,1.4
2026/04/13 11:35:00,0,0,0,0,0,0,39.4,0.34170132352941174,34,0,73.4,53.67641614216957,147.49447647058827,0,68.77127074626866,75,1.6
2026/04/13 11:40:00,0,0,0,0,0,0,39.8,0.6671747457627119,33.4,0,73.2,54.37245464642725,56.01585084745763,0,65.06336220338983,75,1.8
2026/04/13 11:45:00,0,0,0,0,0,0,39.4,0.851560882352941,34.8,0,74.2,53.0990990990991,55.98758970588236,0,67.33042367647059,75,0.8
2026/04/13 11:50:00,0,0,0,0,0,0,38.2,0.6020343055555555,35,0,73.2,52.1843761569789,61.065474285714274,0,116.36815257142855,75,1.8
2026/04/13 11:55:00,0,0,0,0,0,0,37.6,0.6011672,36,,73.6,51.08848574602,63.92328831168832,,56.30017493506494,75,1.4
2026/04/13 12:00:00,0,0,0,0,0,0,36.6,0.7575081818181819,36.8,0,73.4,49.863013698630134,238.5433085714286,0,136.1733287142857,75,1.6
2026/04/13 12:05:00,0,0,0,0,0,0,34.6,0.5575408333333333,36.6,0,71.2,48.59154929577464,113.9820875,0,42.20592555555555,75,3.8
2026/04/13 12:10:00,0,0,0,0,0,0,34.6,0.3392941975308642,37.4,0,72,48.05539477351169,112.77828902439025,0,84.64376182926829,75,3
2026/04/13 12:15:00,0,0,0,0,0,0,35,0.3313122093023256,39.8,0,74.8,46.79279279279279,107.10501744186045,0,26.16768918604651,75,0.2
2026/04/13 12:20:00,0,0,0,0,0,0,34.2,0.37168010309278354,40,0,74.2,46.09009009009009,48.140557894736844,0,75.5497085263158,73.4,0.4
2026/04/13 12:25:00,0,0,0,0,0,0,34,0.24102463917525774,37,0,71,47.88732394366197,49.31033020833333,0,17.803994791666668,71,0
2026/04/13 12:30:00,0,0,0,0,0,0,33.4,0.4185940206185567,35.4,0,68.8,48.58386137721853,121.06615816326531,0,145.79786714285714,68.6,0.4
2026/04/13 12:35:00,0,0,0,0,0,0,32.6,0.4886592708333333,33,0,65.6,49.69230769230769,181.02581999999998,0,29.46030836734694,67,1.4
2026/04/13 12:40:00,0,0,0,0,0,0,33,0.7612995959595961,32.4,0,65.4,50.46153846153846,216.81289292929296,0,36.26167818181818,67,1.6
2026/04/13 12:45:00,0,0,0,0,0,0,34,0.9268221100917432,32.4,0,66.4,51.20759837177748,418.66762037037034,0,102.4364888888889,67,0.6
2026/04/13 12:50:00,0,0,0,0,0,0,33.2,1.0566258653846154,33,0,66.2,50.14925373134328,338.5343066037736,0,79.52748990384615,67,0.8
2026/04/13 12:55:00,0,0,0,0,0,0,33,1.2706672727272728,33,,66,50,330.5157081818182,,76.13637800000001,67,1
2026/04/13 13:00:00,0,0,0,0,0,0,32,0.6469373873873873,34,0,66,48.48011689802735,327.15093303571433,0,96.82736963302753,67,1
2026/04/13 13:05:00,0,0,0,0,0,0,32,0.6487179310344827,32.4,0,64.4,49.69230769230769,385.9712495798319,0,67.75971655172415,67,2.6
2026/04/13 13:10:00,0,0,0,0,0,0,33,0.7581926050420168,32.2,0,65.2,50.62019230769231,676.9134283333334,0,29.73585411764706,67,1.8
2026/04/13 13:15:00,0,0,0,0,0,0,32.2,0.5927708490566038,33.6,0,65.8,48.93706293706295,778.9942224299066,0,17.670737962962964,67,1.2
2026/04/13 13:20:00,0,0,0,0,0,0,33.8,0.6379937037037037,32.2,0,66,51.21212121212121,47.730328971962614,0,36.1153914953271,67,1
2026/04/13 13:25:00,0,0,0,0,0,0,34.8,0.6138354054054054,32,0,66.8,52.094075079149704,47.636327678571426,0,25.698263392857143,67,0.2
2026/04/13 13:30:00,0,0,0,0,0,0,35.6,0.7914877952755904,31,0,66.6,53.45092718227047,53.78965241935484,0,23.560192580645158,67,0.4
2026/04/13 13:35:00,0,0,0,0,0,0,34,0.6927103305785124,31,0,65,52.30769230769231,50.174873770491814,0,32.52479540983607,67,2
2026/04/13 13:40:00,0,0,0,0,0,0,34,0.57151264,31.6,0,65.6,51.832167832167826,49.87001119999999,0,24.52182344,67,1.4
2026/04/13 13:45:00,0,0,0,0,0,0,35,1.0968425384615381,32,0,67,52.238805970149244,48.54125581395349,0,49.33864868217054,67,0
2026/04/13 13:50:00,0,0,0,0,0,0,35,0.8292367669172932,32,0,67,52.238805970149244,46.75076165413534,0,51.23145518796992,67,0
2026/04/13 13:55:00,0,0,0,0,0,0,34.8,1.022467111111111,32,,66.8,52.094075079149704,50.26169481481482,,80.41757585185185,67,0.2
2026/04/13 14:00:00,0,0,0,0,0,0,32.8,0.8850033333333334,32,0,64.8,50.61072261072261,51.33405496183206,0,42.98982679389314,67,2.2
2026/04/13 14:05:00,0,0,0,0,0,0,31.6,1.093663553719008,32.6,0,64.2,49.22115384615385,49.32615241935484,0,120.47869419354839,67,2.8
2026/04/13 14:10:00,0,0,0,0,0,0,30.6,0.6948942148760331,34.4,0,65,47.07692307692308,46.32069666666666,0,27.7298315,67,2
2026/04/13 14:15:00,0,0,0,0,0,0,32,0.4678703875968992,32.6,0,64.6,49.57805036493561,53.24730930232558,0,11.217207286821706,64,1
2026/04/13 14:20:00,0,0,0,0,0,0,32.2,0.5072273076923076,29.6,0,61.8,52.104706504494985,45.045361538461535,0,25.62021953846154,62,0.2
2026/04/13 14:25:00,0,0,0,0,0,0,33.6,1.0197441007194241,28.4,0,62,54.19354838709677,55.004894285714286,0,71.49897935714286,62,0
2026/04/13 14:30:00,0,0,0,0,0,0,34,1.0313445255474452,27.4,0,61.4,55.37810682178741,50.696127142857144,0,41.96560842857142,62,0.6
2026/04/13 14:35:00,0,0,0,0,0,0,34,1.0086015671641793,27,,61,55.7377049180328,44.312742647058826,,45.741249117647065,62,1
2026/04/13 14:40:00,0,0,0,0,0,0,34,1.327331804511278,27.8,0,61.8,55.01850872554204,46.14542878787879,0,86.13674916666669,62,0.2
2026/04/13 14:45:00,0,0,0,0,0,0,34,0.9420635555555555,28,,62,54.83870967741935,50.92380729927007,,63.09725832116789,62,0
2026/04/13 14:50:00,0,0,0,0,0,0,33,0.9516936363636365,28,0,61,54.0983606557377,56.25198181818183,0,59.54371113636364,62,1
2026/04/13 14:55:00,0,0,0,0,0,0,33,1.174643565891473,28.2,,61.2,53.92384981491275,51.29502769230769,,63.344080000000005,62,0.8
2026/04/13 15:00:00,0,0,0,0,0,0,32,0.99143475,29,,61,52.45901639344263,52.86456,,49.335695166666675,62,1
2026/04/13 15:05:00,0,0,0,0,0,0,32,1.2566828205128207,29,0,61,52.45901639344263,45.077540170940175,0,102.106775982906,62,1
2026/04/13 15:10:00,0,0,0,0,0,0,32,1.1427470833333333,30,,62,51.61290322580645,46.80526750000001,,56.72585958333334,62,0
2026/04/13 15:15:00,0,0,0,0,0,0,32,0.9856532499999999,30,,62,51.61290322580645,59.61739666666667,,52.512686499999994,62,0
2026/04/13 15:20:00,0,0,0,0,0,0,32.6,0.896977520661157,29.4,0,62,52.58064516129032,54.79537583333333,0,49.83405783333333,62,0
2026/04/13 15:25:00,0,0,0,0,0,0,33,0.8407897520661156,29,,62,53.225806451612904,53.685,,28.265412066115704,62,0
2026/04/13 15:30:00,0,0,0,0,0,0,33,1.1469554545454546,29,,62,53.225806451612904,47.34410181818183,,38.613035181818184,62,0
2026/04/13 15:35:00,0,0,0,0,0,0,33,1.124342389380531,29,0,62,53.225806451612904,46.544967256637165,0,76.22912946902655,62,0
2026/04/13 15:40:00,0,0,0,0,0,0,33,0.7179505454545454,29,,62,53.225806451612904,48.04409636363636,,18.312025363636366,62,0
2026/04/13 15:45:00,0,0,0,0,0,0,33,0.7211693693693694,29,,62,53.225806451612904,50.15290545454545,,22.808510727272726,62,0
2026/04/13 15:50:00,0,0,0,0,0,0,32.2,0.7543494059405941,29,,61.2,52.60726247135555,45.10564466019418,,26.805945339805827,62,0.8
2026/04/13 15:55:00,0,0,0,0,0,0,30.2,0.8863886516853932,29,,59.2,51.005649717514125,42.309973626373626,,32.23787208791209,62,2.8
2026/04/13 16:00:00,0,0,0,0,0,0,29,0.7612622222222222,30.2,0,59.2,48.99435028248588,44.354461728395066,0,38.48882444444445,62,2.8
2026/04/13 16:05:00,0,0,0,0,0,0,29.4,0.6284561538461538,30.6,0,60,48.99425766416597,41.70198681318681,0,26.411624725274724,62,2
2026/04/13 16:10:00,0,0,0,0,0,0,29,0.4445228235294118,29.2,,58.2,49.859649122807014,40.99198720930233,,21.888111627906973,58,0.6
2026/04/13 16:15:00,0,0,0,0,0,0,29,0.6168533783783783,28.2,,57.2,50.70175438596491,40.49132,,23.806250933333335,57.4,0.8
2026/04/13 16:20:00,0,0,0,0,0,0,28.8,1.074498904109589,26.6,,55.4,52.00673400673401,41.380442666666674,,44.592936666666674,55,0.2
2026/04/13 16:25:00,0,0,0,0,0,0,27.8,0.6117041538461538,26,,53.8,51.67016072676451,43.9769875,,25.71784546875,55,1.2
2026/04/13 16:30:00,0,0,0,0,0,0,27,0.9718472413793102,26.4,0,53.4,50.56603773584906,44.34642586206897,0,104.5465748275862,55,1.6
2026/04/13 16:35:00,0,0,0,0,0,0,27,0.9884441666666665,27.4,,54.4,49.63636363636364,43.674011666666665,,42.427060833333336,55,0.6
2026/04/13 16:40:00,0,0,0,0,0,0,27,1.4687948275862068,26.4,0,53.4,50.594273650877426,43.64642666666667,0,61.840411166666655,53,0.4
2026/04/13 16:45:00,0,0,0,0,0,0,26.8,1.2586966666666666,25,,51.8,51.73453996983409,45.026553703703705,,46.7301012962963,52.4,0.8
2026/04/13 16:50:00,0,0,0,0,0,0,25,1.6105734146341466,24.8,0,49.8,50.20408163265306,50.7401119047619,0,107.49124595238094,50,0.2
2026/04/13 16:55:00,0,0,0,0,0,0,24.4,2.0615628888888886,24,0,48.4,50.42535099146041,66.36194893617021,0,116.20310042553191,48.4,0.2
2026/04/13 17:00:00,0,0,0,0,0,0,23.8,2.4732236734693873,23,,46.8,50.851063829787236,83.65614285714285,,135.3825081632653,47.4,0.8
2026/04/13 17:05:00,0,0,0,0,0,0,21.8,2.278786818181818,20.4,,42.2,51.66112956810631,66.28540454545454,,120.46880795454545,45,2.8
2026/04/13 17:10:00,0,0,0,0,0,0,21,1.6243495121951221,21.6,,42.6,49.31289640591966,76.599715,,71.827733,45,2.4
2026/04/13 17:15:00,0,0,0,0,0,0,21,1.502218,23.4,,44.4,47.3030303030303,67.73649444444443,,69.41070194444444,45,0.6
2026/04/13 17:20:00,0,0,0,0,0,0,21,0.7686294285714286,24,,45,46.666666666666664,70.21653142857144,,34.35759542857143,44.6,0
2026/04/13 17:25:00,0,0,0,0,0,0,20.6,0.6525837142857144,22,,42.6,48.349944629014395,64.88508571428572,,28.591206285714286,43,0.4
2026/04/13 17:30:00,0,0,0,0,0,0,19.2,0.7498474285714286,22,,41.2,46.59698025551684,66.67286285714286,,38.42355714285714,41.4,1
2026/04/13 17:35:00,0,0,0,0,0,0,18.8,0.3479406666666666,19,,37.8,49.729729729729726,70.77863548387097,,21.652868124999998,39,1.2
2026/04/13 17:40:00,0,0,0,0,0,0,17,0,19.4,,36.4,46.75675675675676,64.36577058823529,,2.7561976470588236,37.2,1.2
2026/04/13 17:45:00,0,0,0,0,0,0,17,0,17.6,,34.6,49.15873015873016,54.52430666666667,,0,36,1.4
2026/04/13 17:50:00,0,0,0,0,0,0,16.2,0,18.2,,34.4,47.09150326797386,55.15785333333333,,0,34,0
2026/04/13 17:55:00,0,0,0,0,0,0,15.4,0,17.8,,33.2,46.38034759358288,55.387919999999994,,0,33.2,0.2
2026/04/13 18:00:00,0,0,0,0,0,0,15,0,17,,32,46.875,55.115813333333335,,0,32,0
2026/04/13 18:05:00,0,0,0,0,0,0,15,0,16.6,,31.6,47.479838709677416,63.77037272727273,,0,31.4,0
2026/04/13 18:10:00,0,0,0,0,0,0,14.4,0,16,,30.4,47.33110863922877,64.96143333333333,,0,31,0.6
2026/04/13 18:15:00,0,0,0,0,0,0,12,0,15.2,,27.2,44.126984126984134,79.00392000000001,,0,28,0.8
2026/04/13 18:20:00,0,0,0,0,0,0,12,0,15,,27,44.46886446886447,78.75699999999999,,0,26.8,0.4
2026/04/13 18:25:00,0,0,0,0,0,0,10.8,0,14,,24.8,43.53333333333333,76.6246,,0,26,1.2
2026/04/13 18:30:00,0,0,0,0,0,0,10,,13.2,,23.2,43.11594202898551,,,,23.6,0.4
2026/04/13 18:35:00,0,0,0,0,0,0,10,,13,,23,43.47826086956522,,,,22.8,0
2026/04/13 18:40:00,0,0,0,0,0,0,10,,12.2,,22.2,45.0592885375494,,,,22,0
2026/04/13 18:45:00,0,0,0,0,0,0,9.4,,11.8,,21.2,44.324675324675326,,,,21.2,0.2
2026/04/13 18:50:00,0,0,0,0,0,0,8.8,,10.2,0,19,46.31578947368422,7370.0242,0,0.5397433333333334,20,1
2026/04/13 18:55:00,0,0,0,0,0,0,9,0.8529633333333333,9.6,0,18.6,48.421052631578945,282.01463333333334,0,80.58073,18.4,0.2
2026/04/13 19:00:00,0,0,0,0,0,0,9,2.132246,9,,18,50,358.52088000000003,,182.413362,17.8,0
2026/04/13 19:05:00,0,0,0,0,0,0,8.8,1.5684900000000002,8,,16.8,52.35294117647059,894.0362600000001,,133.258084,17,0.2
2026/04/13 19:10:00,0,0,0,0,0,0,8,2.158706,8,,16,50,638.86916,,182.591618,17,1
2026/04/13 19:15:00,0,0,0,0,0,0,7.2,1.008976,8.4,,15.6,46.166666666666664,567.424,,37.892192,17,1.4
2026/04/13 19:20:00,0,0,0,0,0,0,7,1.21651,9.2,0,16.2,43.23529411764706,292.08778571428576,0,173.91915,17,0.8
2026/04/13 19:25:00,0,0,0,0,0,0,7,0.50393,8.8,0,15.8,44.470588235294116,358.47146000000004,0,61.45430399999999,15,0
2026/04/13 19:30:00,0,0,0,0,0,0,8,1.025388,7,0,15,53.333333333333336,255.90522222222222,0,20.198189999999997,15,0
2026/04/13 19:35:00,0,0,0,0,0,0,7.2,1.4226544444444444,7,,14.2,50.66666666666667,207.76472000000004,,100.08632300000001,15,0.8
2026/04/13 19:40:00,0,0,0,0,0,0,5,2.0180499999999997,7.2,,12.2,41.02564102564102,198.99336,,112.48308699999998,15,2.8
2026/04/13 19:45:00,0,0,0,0,0,0,5,1.001415,8.6,,13.6,36.88644688644689,188.55718,,84.35525,15,1.4
2026/04/13 19:50:00,0,0,0,0,0,0,5,2.1484789999999996,9.8,,14.8,33.80952380952381,213.16194000000002,,76.94939500000001,14.4,0
2026/04/13 19:55:00,0,0,0,0,0,0,5,2.7687019999999998,9,,14,35.714285714285715,128.41814,,148.90281199999998,14,0
2026/04/13 20:00:00,0,0,0,0,0,0,5.8,2.560615,7.6,0,13.4,43.40659340659341,153.3649769230769,0,97.89917615384616,13,0
2026/04/13 20:05:00,0,0,0,0,0,0,5.2,0.7089933333333334,7,,12.2,42.564102564102555,189.16519333333335,,20.740227333333337,12.6,0.6
2026/04/13 20:10:00,0,0,0,0,0,0,4.8,0.5333473333333334,5.2,,10,48,185.4938266666667,,39.33865733333334,11,1
2026/04/13 20:15:00,0,0,0,0,0,0,4,0.940228,5.6,,9.6,42,171.09077333333335,,76.07919266666666,10.2,0.8
2026/04/13 20:20:00,0,0,0,0,0,0,4,0.6865846666666667,4.4,,8.4,47.777777777777786,203.54049333333333,,15.547202000000002,9,0.6
2026/04/13 20:25:00,0,0,0,0,0,0,3.6,1.307158,5,,8.6,41.666666666666664,144.4805090909091,,13.124853636363637,8.4,0
2026/04/13 20:30:00,0,0,0,0,0,0,3,5.220358,5,,8,37.5,35.491319999999995,,80.459586,8,0
2026/04/13 20:35:00,0,0,0,0,0,0,3,3.6732771428571427,4.2,0,7.2,41.78571428571429,57.052371428571426,0,28.255014285714285,7,0
2026/04/13 20:40:00,0,0,0,0,0,0,4,3.8559988888888888,3,0,7,57.142857142857146,217.61097,0,73.875697,7,0
2026/04/13 20:45:00,0,0,0,0,0,0,4,4.710383,3,,7,57.142857142857146,107.46325999999999,,108.22170800000004,7,0
2026/04/13 20:50:00,0,0,0,0,0,0,4,4.4801150000000005,3,,7,57.142857142857146,60.55566666666667,,8.578836666666666,7,0
2026/04/13 20:55:00,0,0,0,0,0,0,4,2.7314050000000005,3,0,7,57.142857142857146,38.658,0,96.04322428571429,7,0
2026/04/13 21:00:00,0,0,0,0,0,0,4,,3,,7,57.142857142857146,35.592,,8.62081,7,0
2026/04/13 21:05:00,0,0,0,0,0,0,4,,3,,7,57.142857142857146,,,,7,0
2026/04/13 21:10:00,0,0,0,0,0,0,4,,3,,7,57.142857142857146,,,,7,0
2026/04/13 21:15:00,0,0,0,0,0,0,4,,3,,7,57.142857142857146,,,,7,0
2026/04/13 21:20:00,0,0,0,0,0,0,4,,3,,7,57.142857142857146,,,,7,0
2026/04/13 21:25:00,0,0,0,0,0,0,4,,3,,7,57.142857142857146,,,,7,0
2026/04/13 21:30:00,0,0,0,0,0,0,4,,3,,7,57.142857142857146,,,,7,0
2026/04/13 21:35:00,0,0,0,0,0,0,4,,3,,7,57.142857142857146,,,,7,0
2026/04/13 21:40:00,0,0,0,0,0,0,4,,3,,7,57.142857142857146,,,,7,0
2026/04/13 21:45:00,0,0,0,0,0,0,4,,3,,7,57.142857142857146,,,,7,0
2026/04/13 21:50:00,0,0,0,0,0,0,4,,3,,7,57.142857142857146,,,,7,0
2026/04/13 21:55:00,0,0,0,0,0,0,4,,3,,7,57.142857142857146,,,,7,0
2026/04/13 22:00:00,0,0,0,0,0,0,4,,3,,7,57.142857142857146,,,,7,0
2026/04/13 22:05:00,0,0,0,0,0,0,4,,3,,7,57.142857142857146,,,,7,0
2026/04/13 22:10:00,0,0,0,0,0,0,4,,3,,7,57.142857142857146,,,,7,0
2026/04/13 22:15:00,0,0,0,0,0,0,4,,3,,7,57.142857142857146,,,,7,0
2026/04/13 22:20:00,0,0,0,0,0,0,4,,3,,7,57.142857142857146,,,,7,0
2026/04/13 22:25:00,0,0,0,0,0,0,4,,3,,7,57.142857142857146,,,,7,0
2026/04/13 22:30:00,0,0,0,0,0,0,4.6,1.479795,2.4,0,7,65.71428571428572,36.80285,0,105.86895000000001,7,0
2026/04/13 22:35:00,0,0,0,0,0,0,5,0.839002,2,,7,71.42857142857143,31.094939999999998,,71.93020600000001,9,2
2026/04/13 22:40:00,0,0,0,0,0,0,4,0.01214,2,,6,66.66666666666667,31.5216,,2.54427,9,3
2026/04/13 22:45:00,0,0,0,0,0,0,4,,3.4,,7.4,55.55555555555556,,,,9,1.6
2026/04/13 22:50:00,0,0,0,0,0,0,3.2,,5,,8.2,38.88888888888889,,,,9,0.8
2026/04/13 22:55:00,0,0,0,0,0,0,3,,5,,8,37.5,,,,9,1
2026/04/13 23:00:00,0,0,0,0,0,0,1.2,,6,,7.2,16.42857142857143,,,,9,1.8
2026/04/13 23:05:00,0,0,0,0,0,0,1,,6.2,,7.2,13.928571428571427,,,,9,1.8
2026/04/13 23:10:00,0,0,0,0,0,0,1,,8,,9,11.11111111111111,,,,8.8,0
2026/04/13 23:15:00,0,0,0,0,0,0,1,,7.2,,8.2,12.222222222222223,,,,8,0
2026/04/13 23:20:00,0,0,0,0,0,0,1,,6.8,,7.8,12.857142857142858,,,,7.6,0
2026/04/13 23:25:00,0,0,0,0,0,0,1,,6,,7,14.285714285714286,,,,7,0
2026/04/13 23:30:00,0,0,0,0,0,0,1,,5.6,,6.6,15.23809523809524,,,,6.2,0
2026/04/13 23:35:00,0,0,0,0,0,0,1,,5,,6,16.666666666666668,,,,6,0
2026/04/13 23:40:00,0,0,0,0,0,0,1,,4.2,,5.2,19.333333333333336,,,,5,0
2026/04/13 23:45:00,0,0,0,0,0,0,1,,3.8,,4.8,21,,,,4.6,0
2026/04/13 23:50:00,0,0,0,0,0,0,1,,3,,4,25,,,,4,0
2026/04/13 23:55:00,0,0,0,0,0,0,1,,3,,4,25,,,,4,0
2026/04/14 00:00:00,0,0,0,0,0,0,1,,3,,4,25,,,,4,0
2026/04/14 00:05:00,0,0,0,0,0,0,1,,3,,4,25,,,,4,0
2026/04/14 00:10:00,0,0,0,0,0,0,1,,3,,4,25,,,,4,0
2026/04/14 00:15:00,0,0,0,0,0,0,1,,3,,4,25,,,,4,0
2026/04/14 00:20:00,0,0,0,0,0,0,1,,3,,4,25,,,,4,0
2026/04/14 00:25:00,0,0,0,0,0,0,1,,3,,4,25,,,,4,0
2026/04/14 00:30:00,0,0,0,0,0,0,1,,3,,4,25,,,,4,0
2026/04/14 00:35:00,0,0,0,0,0,0,1,,3,,4,25,,,,4,0
2026/04/14 00:40:00,0,0,0,0,0,0,0.2,,3,,3.2,5,,,,4,0.8
2026/04/14 00:45:00,0,0,0,0,0,0,0,,3,,3,0,,,,4,1
2026/04/14 00:50:00,0,0,0,0,0,0,0,,4,,4,0,,,,4,0
2026/04/14 00:55:00,0,0,0,0,0,0,0,,4,,4,0,,,,4,0
2026/04/14 01:00:00,0,0,0,0,0,0,0,,4,,4,0,,,,4,0
2026/04/14 01:05:00,0,0,0,0,0,0,0,,4,,4,0,,,,4,0
2026/04/14 01:10:00,0,0,0,0,0,0,0,,4,,4,0,,,,4,0
2026/04/14 01:15:00,0,0,0,0,0,0,0,,4,,4,0,,,,4,0
2026/04/14 01:20:00,0,0,0,0,0,0,0,,4,,4,0,,,,4,0
2026/04/14 01:25:00,0,0,0,0,0,0,0,,4,,4,0,,,,4,0
2026/04/14 01:30:00,0,0,0,0,0,0,0,,4,,4,0,,,,4,0
2026/04/14 01:35:00,0,0,0,0,0,0,0,,4,,4,0,,,,4,0
2026/04/14 01:40:00,0,0,0,0,0,0,0,,4,,4,0,,,,4,0
2026/04/14 01:45:00,0,0,0,0,0,0,0,,4,,4,0,,,,4,0
2026/04/14 01:50:00,0,0,0,0,0,0,0,,4,,4,0,,,,4,0
2026/04/14 01:55:00,0,0,0,0,0,0,0,,4,,4,0,,,,4,0
2026/04/14 02:00:00,0,0,0,0,0,0,0,,4,,4,0,,,,4,0
2026/04/14 02:05:00,0,0,0,0,0,0,0,,4,,4,0,,,,4,0
2026/04/14 02:10:00,0,0,0,0,0,0,0,,4,,4,0,,,,4,0
2026/04/14 02:15:00,0,0,0,0,0,0,0,,4,,4,0,,,,4,0
2026/04/14 02:20:00,0,0,0,0,0,0,0,,4,,4,0,,,,4,0
2026/04/14 02:25:00,0,0,0,0,0,0,0,,4,,4,0,,,,4,0
2026/04/14 02:30:00,0,0,0,0,0,0,0,,4,,4,0,,,,4,0
2026/04/14 02:35:00,0,0,0,0,0,0,0,,4,,4,0,,,,4,0
2026/04/14 02:40:00,0,0,0,0,0,0,0,,4,,4,0,,,,4,0
2026/04/14 02:45:00,0,0,0,0,0,0,0,,4,,4,0,,,,4,0
2026/04/14 02:50:00,0,0,0,0,0,0,0,,4,,4,0,,,,4,0
2026/04/14 02:55:00,0,0,0,0,0,0,0,,4,,4,0,,,,4,0
2026/04/14 03:00:00,0,0,0,0,0,0,0,,4,,4,0,,,,4,0
2026/04/14 03:05:00,0,0,0,0,0,0,0,,4,,4,0,,,,4,0
2026/04/14 03:10:00,0,0,0,0,0,0,0,,4,,4,0,,,,4,0
2026/04/14 03:15:00,0,0,0,0,0,0,0,,4,,4,0,,,,4,0
2026/04/14 03:20:00,0,0,0,0,0,0,0,,4,,4,0,,,,4,0
2026/04/14 03:25:00,0,0,0,0,0,0,0,,4,,4,0,,,,4,0
2026/04/14 03:30:00,0,0,0,0,0,0,0,,4,,4,0,,,,4,0
2026/04/14 03:35:00,0,0,0,0,0,0,0,,4,,4,0,,,,4,0
2026/04/14 03:40:00,0,0,0,0,0,0,0,,4,,4,0,,,,4,0
2026/04/14 03:45:00,0,0,0,0,0,0,0,,4,,4,0,,,,4,0
2026/04/14 03:50:00,0,0,0,0,0,0,0,,4,,4,0,,,,4,0
2026/04/14 03:55:00,0,0,0,0,0,0,0,,4,,4,0,,,,4,0
2026/04/14 04:00:00,0,0,0,0,0,0,0,,4,,4,0,,,,4,0
2026/04/14 04:05:00,0,0,0,0,0,0,0,,4,,4,0,,,,4,0
2026/04/14 04:10:00,0,0,0,0,0,0,0.2,,3.8,0,4,5,,0,,4,0
2026/04/14 04:15:00,0,0,0,0,0,0,1,0.344195,3,0,4,25,116.15973999999999,0,32.16228199999999,4,0
2026/04/14 04:20:00,0,0,0,0,0,0,1,0.666596,3,,4,25,169.44336,,4.584301999999999,4,0
2026/04/14 04:25:00,0,0,0,0,0,0,1,0.004702,3,,4,25,538.4223999999999,,0.108284,4,0
2026/04/14 04:30:00,0,0,0,0,0,0,1,0.07934,3,,4,25,148.88916,,0.930794,4,0
2026/04/14 04:35:00,0,0,0,0,0,0,1,1.16019,3,,4,25,198.15840000000003,,16.08868,4,0
2026/04/14 04:40:00,0,0,0,0,0,0,1,1.737326,3,,4,25,154.29508,,130.015452,4,0
2026/04/14 04:45:00,0,0,0,0,0,0,1,2.3881360000000003,3,,4,25,114.63748000000001,,155.173002,4,0
2026/04/14 04:50:00,0,0,0,0,0,0,1,0.610984,3,,4,25,676.7629599999999,,33.7622,4,0
2026/04/14 04:55:00,0,0,0,0,0,0,1,0.01101,3,,4,25,392.8107,,0.1851,4,0
2026/04/14 05:00:00,0,0,0,0,0,0,1,,3,,4,25,,,,28.8,24.8
2026/04/14 05:05:00,0,0,0,0,0,0,1,,3,,4,25,,,,35,31
2026/04/14 05:10:00,0,0,0,0,0,0,1,0,25.2,0,26.2,5.991341991341992,200.08166666666668,0,34.55474,35,8.8
2026/04/14 05:15:00,0,0,0,0,0,0,1,,34,,35,2.857142857142857,565.8619,,0.24401,35,0
2026/04/14 05:20:00,0,0,0,0,0,0,1,,34,,35,2.857142857142857,,,,35,0
2026/04/14 05:25:00,0,0,0,0,0,0,1,,34,0,35,2.857142857142857,,0,,35,0
2026/04/14 05:30:00,0,0,0,0,0,0,2,1.0105300000000002,33,0,35,5.714285714285714,50.0512,0,22.2462125,35,0
2026/04/14 05:35:00,0,0,0,0,0,0,2.2,2.3988566666666666,32.8,0,35,6.2857142857142865,50.1324,0,51.729955,35,0
2026/04/14 05:40:00,0,0,0,0,0,0,3.2,0.579811,31.8,0,35,9.142857142857142,41.624399999999994,0,6.065567,35,0
2026/04/14 05:45:00,0,0,0,0,0,0,5,1.3797611111111112,30,0,35,14.285714285714286,87.88770000000001,0,52.44113684210527,35,0
2026/04/14 05:50:00,0,0,0,0,0,0,5.2,1.2329973684210525,29.8,0,35,14.857142857142858,57.21182,0,66.687338,35,0
2026/04/14 05:55:00,0,0,0,0,0,0,6.6,1.8314537037037038,28.4,0,35,18.857142857142854,72.53665,0,81.95170678571428,35,0
2026/04/14 06:00:00,0,0,0,0,0,0,8,2.237759090909091,27,0,35,22.857142857142858,53.82215882352941,0,65.72341500000002,35,0
2026/04/14 06:05:00,0,0,0,0,0,0,10,1.6143808695652175,25,0,35,28.571428571428573,59.124837777777785,0,53.462735555555554,35,0
2026/04/14 06:10:00,0,0,0,0,0,0,11,0.937309111111111,24,0,35,31.428571428571427,65.60177659574468,0,19.134951489361704,35,0
2026/04/14 06:15:00,0,0,0,0,0,0,15.2,0.803595294117647,19.8,0,35,43.42857142857142,351.7696235294118,0,14.474871029411766,35,0
2026/04/14 06:20:00,0,0,0,0,0,0,17.4,0.49425642857142854,17.6,0,35,49.71428571428572,166.9226135802469,0,9.202424938271603,35,0
2026/04/14 06:25:00,0,0,0,0,0,0,19.6,0.3563496590909091,15.4,0,35,56,45.70345494505494,0,9.27436,35,0
2026/04/14 06:30:00,0,0,0,0,0,0,20,0.7690409677419354,15,0,35,57.142857142857146,86.8305757894737,0,29.90559884210526,35,0
2026/04/14 06:35:00,0,0,0,0,0,0,22.4,0.43365886792452824,12.6,0,35,64,61.139283495145634,0,15.380952621359226,35,0
2026/04/14 06:40:00,0,0,0,0,0,0,24.4,0.47527545454545456,10.6,0,35,69.71428571428572,46.25526696428572,0,27.363375267857144,38.8,3.8
2026/04/14 06:45:00,0,0,0,0,0,0,25,0.6205994495412844,10,,35,71.42857142857143,47.45106428571429,,42.76247142857142,41.8,6.8
2026/04/14 06:50:00,0,0,0,0,0,0,25.8,0.5319995575221239,13,0,38.8,66.61904761904762,148.50590087719297,0,25.06634982300885,42,3.2
2026/04/14 06:55:00,0,0,0,0,0,0,26.8,0.6596886206896551,14.2,0,41,65.3658536585366,64.40876779661016,0,71.54591692307692,42,1
2026/04/14 07:00:00,0,0,0,0,0,0,29.8,0.6677187022900762,11.2,0,41,72.6829268292683,96.0424641221374,0,38.234661908396944,42,1
2026/04/14 07:05:00,0,0,0,0,0,0,31,1.0265275555555555,11,,42,73.80952380952381,55.038745323741004,,60.173424172661875,43.8,1.8
2026/04/14 07:10:00,0,0,0,0,0,0,32.8,0.9128426277372262,9.4,0,42.2,77.7297895902547,73.71615460992908,0,45.10380744680851,44.6,2.4
2026/04/14 07:15:00,0,0,0,0,0,0,32.8,0.6435851773049646,10.2,0,43,76.27906976744187,64.91356258503401,0,70.60434721088436,46,3
2026/04/14 07:20:00,0,0,0,0,0,0,34.2,0.6232116233766233,9.4,0,43.6,78.44139065069297,159.7587246753247,0,30.32812116883117,46,2.4
2026/04/14 07:25:00,0,0,0,0,0,0,35,0.5497945283018868,10.8,,45.8,76.42512077294685,267.281765408805,,31.920717937500008,47,1.2
2026/04/14 07:30:00,0,0,0,0,0,0,35,0.5095703205128205,11,0,46,76.08695652173913,307.2192948717949,0,48.243834615384614,47,1
2026/04/14 07:35:00,0,0,0,0,0,0,35,0.4171001342281879,11.8,,46.8,74.7918593894542,339.67277581699346,,30.384681960784317,51.8,5
2026/04/14 07:40:00,0,0,0,0,0,0,35.2,0.407309536423841,11.8,0,47,74.89361702127658,241.2549,0,24.409828000000005,59,12
2026/04/14 07:45:00,0,0,0,0,0,0,37,0.5568594701986755,14.6,0,51.6,72.36778293146972,167.6823053691275,0,28.034102818791943,59.8,8.2
2026/04/14 07:50:00,0,0,0,0,0,0,38.2,0.9367267701863353,20.8,0,59,64.74576271186442,232.34416163522013,0,54.741719308176094,61,2
2026/04/14 07:55:00,0,0,0,0,0,0,39.8,0.6896717751479291,19.8,0,59.6,66.77595628415301,162.48515529411767,0,31.261362882352937,61,1.4
2026/04/14 08:00:00,0,0,0,0,0,0,42.2,0.7325263687150838,18.8,0,61,69.18032786885246,360.0777966666667,0,27.142601777777777,66,5
2026/04/14 08:05:00,0,0,0,0,0,0,43.8,0.8876090163934426,17.2,0,61,71.80327868852459,385.72673783783785,0,37.93186627027027,72.2,11.2
2026/04/14 08:10:00,0,0,0,0,0,0,44.8,1.0562812637362637,20,0,64.8,69.32978439059158,343.45963114754096,0,54.00572224043716,74,9.2
2026/04/14 08:15:00,0,0,0,0,0,0,45,1.1873532795698925,27.4,0,72.4,62.16698562347801,569.6738650537635,0,107.27217794594596,74,1.6
2026/04/14 08:20:00,0,0,0,0,0,0,45,1.1093915263157894,29,0,74,60.810810810810814,361.74517631578954,0,53.92103252631578,74.4,0.4
2026/04/14 08:25:00,0,0,0,0,0,0,45,1.1905062303664922,29,0,74,60.810810810810814,273.33262879581156,0,77.38364715789474,75,1
2026/04/14 08:30:00,0,0,0,0,0,0,45,0.9204413440860215,29.6,0,74.6,60.32432432432432,323.4628048648649,0,59.62011805405405,75,0.4
2026/04/14 08:35:00,0,0,0,0,0,0,45,0.7254054545454545,29.4,0,74.4,60.48648648648649,433.8647347593583,0,59.94640181818181,75,0.6
2026/04/14 08:40:00,0,0,0,0,0,0,45,0.6861296774193547,29,,74,60.810810810810814,69.22291243243244,,53.17405994594595,75,1
2026/04/14 08:45:00,0,0,0,0,0,0,45,0.94470234375,29.8,0,74.8,60.16216216216217,84.74313056994819,0,98.43269057291667,75,0.2
2026/04/14 08:50:00,0,0,0,0,0,0,45,1.103886871794872,30,,75,60,142.2079748717949,,62.568775948717956,75,0
2026/04/14 08:55:00,0,0,0,0,0,0,45,0.9631112631578949,30,,75,60,202.43838631578947,,52.314560578947365,75,0
2026/04/14 09:00:00,0,0,0,0,0,0,45,0.8877769270833333,30,0,75,60,116.18177421052633,0,52.118342631578955,75,0
2026/04/14 09:05:00,0,0,0,0,0,0,46,0.9890759473684211,29,0,75,61.333333333333336,98.05322812499999,0,36.90061026041666,75,0
2026/04/14 09:10:00,0,0,0,0,0,0,46.6,0.9786745355191258,28.4,0,75,62.13333333333334,78.56664262295081,0,46.66785126373626,75,0
2026/04/14 09:15:00,0,0,0,0,0,0,47.6,0.8994430978260869,27.4,0,75,63.46666666666666,55.344065384615384,0,66.48076516483516,75,0
2026/04/14 09:20:00,0,0,0,0,0,0,48,0.47287367567567573,27,,75,64,60.88419783783783,,30.33236324324324,75,0
2026/04/14 09:25:00,0,0,0,0,0,0,48.4,0.6607398882681563,26.6,0,75,64.53333333333333,71.66185956284153,0,51.016357540983606,75,0
2026/04/14 09:30:00,0,0,0,0,0,0,47.2,0.5860015254237287,26,0,73.2,64.47982228804146,77.09749333333333,0,32.685895530726256,75,1.8
2026/04/14 09:35:00,0,0,0,0,0,0,47,0.6925334444444445,25.2,0,72.2,65.09893455098934,97.31181333333332,0,45.87244773480663,75,2.8
2026/04/14 09:40:00,0,0,0,0,0,0,47.2,0.5190322702702703,27.2,0,74.4,63.44144144144144,87.12084972972973,0,50.06692989189189,75,0.6
2026/04/14 09:45:00,0,0,0,0,0,0,48,0.701702806122449,27,0,75,64,182.95630564102564,0,42.58788902564103,75,0
2026/04/14 09:50:00,0,0,0,0,0,0,48,0.5348656770833333,27,,75,64,187.88094010416668,,28.518139218749997,75,0
2026/04/14 09:55:00,0,0,0,0,0,0,47.4,0.6480630107526881,27,0,74.4,63.70810810810811,238.34856810810814,0,58.14620765027322,75,0.6
2026/04/14 10:00:00,0,0,0,0,0,0,46.2,0.42613616279069766,27,,73.2,63.1136616068123,280.82619252873565,,29.64913537572254,75,1.8
2026/04/14 10:05:00,0,0,0,0,0,0,45.2,0.6933396202531646,27.8,,73,61.917808219178085,258.244930625,,36.280341375,75,2
2026/04/14 10:10:00,0,0,0,0,0,0,45,0.6395932051282052,29,0,74,60.810810810810814,304.7649203821656,0,34.997033312101905,75,1
2026/04/14 10:15:00,0,0,0,0,0,0,44,0.5814919230769231,30,,74,59.45945945945946,104.79349870967742,,23.966508516129032,75,1
2026/04/14 10:20:00,0,0,0,0,0,0,44,1.0070425324675325,30.4,0,74.4,59.14234234234234,52.62869150326797,0,48.934442418300655,75,0.6
2026/04/14 10:25:00,0,0,0,0,0,0,44.2,0.6809444375,30.6,0,74.8,59.0918918918919,159.85932389937108,0,31.36533301886793,75,0.2
2026/04/14 10:30:00,0,0,0,0,0,0,42.6,0.47806263513513514,30,,72.6,58.67579908675799,50.86390198675496,,24.476140463576158,75,2.4
2026/04/14 10:35:00,0,0,0,0,0,0,42.8,0.3210543448275862,29.8,0,72.6,58.9579990949854,51.39506802721088,0,16.9754331292517,75,2.4
2026/04/14 10:40:00,0,0,0,0,0,0,41.6,0.375461884057971,31.6,0,73.2,56.83080340614587,57.490992028985495,0,19.57538291044776,75,1.8
2026/04/14 10:45:00,0,0,0,0,0,0,41,0.5650052272727273,32.2,0,73.2,56.01258793039615,59.69969923664123,0,38.00508706349206,75,1.8
2026/04/14 10:50:00,0,0,0,0,0,0,42,0.4773021052631579,32.6,0,74.6,56.30270270270271,56.85497443609023,0,23.8625415625,75,0.4
2026/04/14 10:55:00,0,0,0,0,0,0,42,0.6107884426229507,33,,75,56,58.340518032786896,,24.271319322033893,75,0
2026/04/14 11:00:00,0,0,0,0,0,0,40.6,0.3412725688073394,33,0,73.6,55.16105146242133,58.559388392857144,0,19.103206320754715,75,1.4
2026/04/14 11:05:00,0,0,0,0,0,0,39.4,0.20734102040816324,33,,72.4,54.41427101421313,63.71742040816326,,7.681383870967743,75,2.6
2026/04/14 11:10:00,0,0,0,0,0,0,36.8,0.11334489795918366,34.4,0,71.2,51.678515537670464,453.8173010204082,0,19.407528387096775,75,3.8
2026/04/14 11:15:00,0,0,0,0,0,0,37.8,0.48403040816326526,34,0,71.8,52.65290372371214,67.7415626262626,0,12.554270425531914,75,3.2
2026/04/14 11:20:00,0,0,0,0,0,0,38,0.6825051578947368,36.6,,74.6,50.944292237442916,60.2996947368421,,38.17040211111111,75,0.4
2026/04/14 11:25:00,0,0,0,0,0,0,37.4,0.6128130434782609,37,,74.4,50.266666666666666,59.797562222222226,,24.780584235294118,75,0.6
2026/04/14 11:30:00,0,0,0,0,0,0,37,0.6757001369863014,37,0,74,50,65.61270133333333,0,101.90577628571427,75,1
2026/04/14 11:35:00,0,0,0,0,0,0,37.2,0.32661314285714277,36,0,73.2,50.86009389671362,307.13236714285716,0,12.239919846153846,71.8,0.2
2026/04/14 11:40:00,0,0,0,0,0,0,38,0.4060064,33,0,71,53.52112676056338,234.14687808219182,0,44.008592647058826,71,0
2026/04/14 11:45:00,0,0,0,0,0,0,38,0.12505426666666666,33,,71,53.52112676056338,79.28699466666666,,8.100152285714286,71,0
2026/04/14 11:50:00,0,0,0,0,0,0,38.8,0.155339875,32.2,0,71,54.647887323943664,86.80752179487179,0,34.696843972602736,71,0
2026/04/14 11:55:00,0,0,0,0,0,0,38.2,0.5846691025641025,32,,70.2,54.41448692152917,266.4802325,,50.866626282051286,71,0.8
2026/04/14 12:00:00,0,0,0,0,0,0,38.6,0.39001519480519486,31.4,0,70,55.142857142857146,77.56719480519479,0,29.363778441558445,71,1
2026/04/14 12:05:00,0,0,0,0,0,0,37.8,0.300404025974026,32,,69.8,54.149476569562296,372.9569539473684,,16.371298684210526,71,1.2
2026/04/14 12:10:00,0,0,0,0,0,0,36.8,0.3220658571428572,32,0,68.8,53.48678601875533,757.5190366197182,0,44.657672394366195,71,2.2
2026/04/14 12:15:00,0,0,0,0,0,0,36,0.22781141025641022,33.6,0,69.6,51.726708074534166,564.7191733333334,0,32.58336893333334,71,1.4
2026/04/14 12:20:00,0,0,0,0,0,0,37,0.2021461290322581,33.4,0,70.4,52.55935613682093,279.90555,0,54.698118111111114,71,0.6
2026/04/14 12:25:00,0,0,0,0,0,0,37.6,0.5399642452830189,33.4,0,71,52.95774647887324,498.5858557692308,0,50.92169826923077,71,0
2026/04/14 12:30:00,0,0,0,0,0,0,37.6,0.9417861261261262,32,0,69.6,54.016971393578864,322.4873190909091,0,44.12941109090909,71,1.4
2026/04/14 12:35:00,0,0,0,0,0,0,37,0.8796645535714285,31.8,0,68.8,53.78090366581415,53.26293693693693,0,81.79011657657657,71,2.2
2026/04/14 12:40:00,0,0,0,0,0,0,37.2,0.6585052,32.4,0,69.6,53.45378151260504,57.04811532258064,0,93.03632387096773,71,1.4
2026/04/14 12:45:00,0,0,0,0,0,0,39.2,0.3864752554744525,31.2,0,70.4,55.682092555332,65.23545851851851,0,53.11903081481481,71,0.6
2026/04/14 12:50:00,0,0,0,0,0,0,40,0.44670431654676257,31,0,71,56.338028169014095,50.10698500000001,0,25.744717642857143,71,0
2026/04/14 12:55:00,0,0,0,0,0,0,39.6,0.413842602739726,31,0,70.6,56.08853118712274,57.02143537414966,0,34.25420523809524,71,0.4
2026/04/14 13:00:00,0,0,0,0,0,0,39,0.35074753333333336,31,,70,55.71428571428571,59.590010666666664,,20.1038364,71,1
2026/04/14 13:05:00,0,0,0,0,0,0,39,0.4383547651006711,31.4,0,70.4,55.40040241448692,53.477216,0,20.520816333333332,71,0.6
2026/04/14 13:10:00,0,0,0,0,0,0,40,0.44183298701298707,31,0,71,56.338028169014095,48.5852474025974,0,25.092857207792207,71,0
2026/04/14 13:15:00,0,0,0,0,0,0,39.6,0.33098901315789475,31,,70.6,56.08853118712274,102.96709542483661,,22.589429477124185,71,0.4
2026/04/14 13:20:00,0,0,0,0,0,0,39,0.3936214583333333,31,,70,55.71428571428571,399.8538482758621,,18.911522344827585,71,1
2026/04/14 13:25:00,0,0,0,0,0,0,38.6,0.6965085234899328,31.6,0,70.2,54.985915492957744,359.1661552631579,0,51.52855546052631,71,0.8
2026/04/14 13:30:00,0,0,0,0,0,0,37.2,0.7638515753424658,32,0,69.2,53.75569358178054,438.95229310344826,0,49.231721172413785,71,1.8
2026/04/14 13:35:00,0,0,0,0,0,0,37,0.676718951048951,32.8,0,69.8,53.0103519668737,236.05985248226952,0,75.85709354609929,71,1.2
2026/04/14 13:40:00,0,0,0,0,0,0,36.8,0.4887704964539007,33.6,0,70.4,52.27364185110664,201.4451146853147,0,47.637274545454545,71,0.6
2026/04/14 13:45:00,0,0,0,0,0,0,37,0.6833368794326241,33,,70,52.857142857142854,50.92434184397164,,39.84520269503546,71,1
2026/04/14 13:50:00,0,0,0,0,0,0,37.2,0.787310275862069,33,0,70.2,52.98993963782696,51.36589655172414,0,41.516114344827585,71,0.8
2026/04/14 13:55:00,0,0,0,0,0,0,37,0.764521958041958,33,,70,52.857142857142854,44.038827397260285,,36.74921979452055,71,1
2026/04/14 14:00:00,0,0,0,0,0,0,36.8,0.690800955882353,33.4,0,70.2,52.42253521126761,44.92421470588235,0,32.04716669117647,71,0.8
2026/04/14 14:05:00,0,0,0,0,0,0,37.2,0.7327594202898551,32.8,0,70,53.142857142857146,51.616977536231886,0,58.0897168115942,71,1
2026/04/14 14:10:00,0,0,0,0,0,0,37.6,0.9751712878787879,32.6,0,70.2,53.561368209255534,53.81313458646616,0,56.849245223880594,71,0.8
2026/04/14 14:15:00,0,0,0,0,0,0,37,1.0010617647058826,32,0,69,53.6231884057971,53.51496911764706,0,59.43310139705882,71,2
2026/04/14 14:20:00,0,0,0,0,0,0,37,0.8488289781021897,32.8,0,69.8,53.01466771644359,59.56088273381295,0,51.5924735971223,71,1.2
2026/04/14 14:25:00,0,0,0,0,0,0,37.8,1.0062745588235293,33.2,0,71,53.23943661971831,46.83726739130435,0,40.12432122302159,71,0
2026/04/14 14:30:00,0,0,0,0,0,0,38,0.9401439160839161,33,0,71,53.52112676056338,62.967309859154916,0,62.29188838028169,71,0
2026/04/14 14:35:00,0,0,0,0,0,0,39,0.7933249668874172,32,0,71,54.929577464788736,58.9465476510067,0,75.04317979865772,71,0
2026/04/14 14:40:00,0,0,0,0,0,0,39,0.5477268098159509,32,0,71,54.929577464788736,55.207294409937894,0,48.448204099378884,71,0
2026/04/14 14:45:00,0,0,0,0,0,0,38.4,0.40332925,32,,70.4,54.54325955734406,58.93831913580246,,18.12173687116564,71,0.6
2026/04/14 14:50:00,0,0,0,0,0,0,39,0.7675304907975459,31,0,70,55.71428571428571,64.0354067073171,0,46.27257676829268,71,1
2026/04/14 14:55:00,0,0,0,0,0,0,38.6,0.8338952531645569,31.8,,70.4,54.82897384305835,50.760721249999996,,43.420244187499996,71,0.6
2026/04/14 15:00:00,0,0,0,0,0,0,38,0.9131776100628931,32,0,70,54.28571428571429,50.858332704402514,0,68.19999594936709,71,1
2026/04/14 15:05:00,0,0,0,0,0,0,38,0.9305624050632912,32.6,,70.6,53.82696177062375,47.110996875,,37.292432687499996,71,0.4
2026/04/14 15:10:00,0,0,0,0,0,0,38,1.1228743506493506,33,,71,53.52112676056338,49.86091548387097,,45.5147484516129,71,0
2026/04/14 15:15:00,0,0,0,0,0,0,38,1.0675277397260277,33,0,71,53.52112676056338,54.477145833333324,0,54.821588472222224,71,0
2026/04/14 15:20:00,0,0,0,0,0,0,36.4,0.8932187857142858,33,,69.4,52.44720496894409,51.12057375886524,,46.168370425531926,71,1.6
2026/04/14 15:25:00,0,0,0,0,0,0,35.8,1.0649491791044776,32.8,0,68.6,52.186700767263424,48.93191044776119,0,47.7196056716418,71,2.4
2026/04/14 15:30:00,0,0,0,0,0,0,34.8,0.9869025,33.8,,68.6,50.72463768115942,41.57990546875,,33.478731562499995,71,2.4
2026/04/14 15:35:00,0,0,0,0,0,0,33.8,0.71904375,34.8,0,68.6,49.271099744245525,43.53767079646017,0,48.88311424778761,71,2.4
2026/04/14 15:40:00,0,0,0,0,0,0,32.8,0.6182185858585858,36.4,,69.2,47.403604920228965,41.37538823529412,,22.744933039215685,71,1.8
2026/04/14 15:45:00,0,0,0,0,0,0,32,0.3504813402061856,34.8,0,66.8,47.91851021571982,45.59490416666667,0,33.7360740625,67,0.6
2026/04/14 15:50:00,0,0,0,0,0,0,32,0.5593496330275229,34.4,0,66.4,48.2089552238806,39.263475229357795,0,75.34909385321102,66.4,0
2026/04/14 15:55:00,0,0,0,0,0,0,31.8,0.7095785046728972,32,,63.8,49.84126984126984,42.471726415094345,,27.83075401869159,64,0.2
2026/04/14 16:00:00,0,0,0,0,0,0,31,0.7943934090909092,30.2,,61.2,50.682539682539684,41.649305617977525,,34.146062696629215,60.8,0.2
2026/04/14 16:05:00,0,0,0,0,0,0,31,0.553055294117647,29,,60,51.666666666666664,39.51189176470589,,17.63783788235294,60,0
2026/04/14 16:10:00,0,0,0,0,0,0,30.2,0.1533848148148148,26.6,,56.8,53.19047619047618,44.27898125,,5.980689,57,0.8
2026/04/14 16:15:00,0,0,0,0,0,0,30,0.3162117647058823,26,,56,53.57142857142857,49.71584637681159,,8.05964347826087,57,1
2026/04/14 16:20:00,0,0,0,0,0,0,30,0.413373125,27,,57,52.63157894736842,44.68675384615385,,5.610466307692307,57,0
2026/04/14 16:25:00,0,0,0,0,0,0,29.2,0.3234974137931034,27,,56.2,51.948735475051265,46.396189655172414,,6.123208813559322,57,0.8
2026/04/14 16:30:00,0,0,0,0,0,0,28,0.29266711111111116,27,,55,50.90909090909091,43.18689333333334,,5.556376,57,2
2026/04/14 16:35:00,0,0,0,0,0,0,27.4,0.36855944444444444,26,,53.4,51.33566433566433,51.297891666666665,,6.558338648648649,53.8,1
2026/04/14 16:40:00,0,0,0,0,0,0,27,0.6211892,25,,52,51.92307692307692,57.596039999999995,,10.3358592,52.4,0.8
2026/04/14 16:45:00,0,0,0,0,0,0,26.6,0.5718412,22.8,0,49.4,53.844897959183676,62.733648,0,9.0661764,50,0.6
2026/04/14 16:50:00,0,0,0,0,0,0,26,1.1504833333333333,23,,49,53.06122448979592,60.39812,,73.34508466666666,50,1
2026/04/14 16:55:00,0,0,0,0,0,0,24.6,1.3133032,23.8,,48.4,50.816326530612244,82.669356,,41.695115200000004,50,1.6
2026/04/14 17:00:00,0,0,0,0,0,0,24,1.228842,24.2,0,48.2,49.79591836734694,108.68311999999999,0,29.232659,50,1.8
2026/04/14 17:05:00,0,0,0,0,0,0,24,1.053618,25.8,,49.8,48.19591836734694,83.10874,,24.518693500000005,50,0.2
2026/04/14 17:10:00,0,0,0,0,0,0,23,0.7564500000000001,26,,49,46.93877551020408,82.8185,,40.652018,49.4,0.8
2026/04/14 17:15:00,0,0,0,0,0,0,21.2,0.03261499999999999,25,,46.2,45.88344125809435,65.56707499999999,,2.537515,47,0.8
2026/04/14 17:20:00,0,0,0,0,0,0,21,0.0010713333333333334,24.6,,45.6,46.06719367588933,79.75878666666667,,0.011274000000000001,45.8,0.6
2026/04/14 17:25:00,0,0,0,0,0,0,21,0.036918,23,,44,47.72727272727273,59.48700666666668,,3.612896,44,0
2026/04/14 17:30:00,0,0,0,0,0,0,21,0.009467692307692309,21.8,0,42.8,49.090909090909086,61.03483333333333,0,3.6673175,42.4,0
2026/04/14 17:35:00,0,0,0,0,0,0,19.6,0,21,,40.6,48.25609756097561,63.4324,,0.2622575,42,1.4
2026/04/14 17:40:00,0,0,0,0,0,0,18.4,0.0033691666666666666,19,0,37.4,49.189189189189186,73.22367272727273,0,4.689002727272728,38,0.6
2026/04/14 17:45:00,0,0,0,0,0,0,18,0.0005690000000000002,18.6,,36.6,49.204633204633204,49.2149,,0,37.2,0.8
2026/04/14 17:50:00,0,0,0,0,0,0,18,0.0000030000000000000005,17.8,,35.8,50.28571428571429,47.58581111111111,,0,36,0.2
2026/04/14 17:55:00,0,0,0,0,0,0,17.4,,17.4,,34.8,50,,,,35.2,0.6
2026/04/14 18:00:00,0,0,0,0,0,0,15,,17,,32,46.814516129032256,,,,34,2.2
2026/04/14 18:05:00,0,0,0,0,0,0,14,,15,,29,48.4051724137931,,,,30,1.4
2026/04/14 18:10:00,0,0,0,0,0,0,13,,15,,28,46.47600802773216,,,,28.8,0.8
2026/04/14 18:15:00,0,0,0,0,0,0,11.6,,14,,25.6,45.26039886039886,,,,27,1.4
2026/04/14 18:20:00,0,0,0,0,0,0,11,,12.4,,23.4,47.0608695652174,,,,24,0.8
2026/04/14 18:25:00,0,0,0,0,0,0,10,,12.8,,22.8,43.833992094861664,,,,23.6,0.8
2026/04/14 18:30:00,0,0,0,0,0,0,8,,13,,21,38.095238095238095,,,,22,1
2026/04/14 18:35:00,0,0,0,0,0,0,6.8,,12.2,,19,35.56489262371615,,,,20.4,1.6
2026/04/14 18:40:00,0,0,0,0,0,0,5,,12,,17,29.411764705882355,,,,19.2,2.4
2026/04/14 18:45:00,0,0,0,0,0,0,5,,10.4,,15.4,32.5,,,,16,0.6
2026/04/14 18:50:00,0,0,0,0,0,0,5,,10.6,,15.6,32.083333333333336,,,,15.4,0
2026/04/14 18:55:00,0,0,0,0,0,0,4.6,,10,,14.6,31.428571428571434,,,,15,0.4
2026/04/14 19:00:00,0,0,0,0,0,0,4,,8.4,,12.4,32.38095238095239,,,,13,0.8
2026/04/14 19:05:00,0,0,0,0,0,0,4,,8.2,,12.2,32.913752913752916,,,,12.2,0.4
2026/04/14 19:10:00,0,0,0,0,0,0,4,,7,,11,36.36363636363637,,,,11,0
2026/04/14 19:15:00,0,0,0,0,0,0,4,,6.4,,10.4,38.54545454545455,,,,10.2,0
2026/04/14 19:20:00,0,0,0,0,0,0,4,,5.8,,9.8,40.88888888888889,,,,9.8,0
2026/04/14 19:25:00,0,0,0,0,0,0,4,,5,,9,44.44444444444444,,,,9,0
2026/04/14 19:30:00,0,0,0,0,0,0,3,,5,,8,37.5,,,,8.2,0.2
2026/04/14 19:35:00,0,0,0,0,0,0,3,,4.6,,7.6,39.642857142857146,,,,7.4,0
2026/04/14 19:40:00,0,0,0,0,0,0,3,,4,,7,42.857142857142854,,,,7,0
2026/04/14 19:45:00,0,0,0,0,0,0,2,,4,,6,33.333333333333336,,,,6,0
2026/04/14 19:50:00,0,0,0,0,0,0,1.8,,3.6,,5.4,33,,,,5.4,0.2
2026/04/14 19:55:00,0,0,0,0,0,0,0,,3,,3,0,,,,5,2
2026/04/14 20:00:00,0,0,0,0,0,0,0,,3.6,,3.6,0,,,,4.2,0.6
2026/04/14 20:05:00,0,0,0,0,0,0,1,5.635136666666667,3,0,4,25,55.8576,0,82.9356225,4,0
2026/04/14 20:10:00,0,0,0,0,0,0,1,4.465885999999999,3,,4,25,33.488600000000005,,130.524188,4,0
2026/04/14 20:15:00,0,0,0,0,0,0,1,5.111094,3,,4,25,32.78852,,152.57575400000002,4,0
2026/04/14 20:20:00,0,0,0,0,0,0,1,2.672955,3,,4,25,32.0618,,49.04091,4,0
2026/04/14 20:25:00,0,0,0,0,0,0,1,,3,,4,25,,,,4,0
2026/04/14 20:30:00,0,0,0,0,0,0,1,,3,,4,25,,,,4,0
2026/04/14 20:35:00,0,0,0,0,0,0,1,,3,,4,25,,,,4,0
2026/04/14 20:40:00,0,0,0,0,0,0,1,,3,,4,25,,,,4,0
2026/04/14 20:45:00,0,0,0,0,0,0,1,,3,,4,25,,,,4,0
2026/04/14 20:50:00,0,0,0,0,0,0,1,,3,,4,25,,,,4,0
2026/04/14 20:55:00,0,0,0,0,0,0,1,,3,,4,25,,,,4,0
2026/04/14 21:00:00,0,0,0,0,0,0,1,,3,,4,25,,,,4,0
2026/04/14 21:05:00,0,0,0,0,0,0,1,,3,,4,25,,,,4,0
2026/04/14 21:10:00,0,0,0,0,0,0,1,,3,,4,25,,,,4,0
2026/04/14 21:15:00,0,0,0,0,0,0,1,,3,,4,25,,,,4,0
2026/04/14 21:20:00,0,0,0,0,0,0,1,,3,,4,25,,,,4,0
2026/04/14 21:25:00,0,0,0,0,0,0,1,,3,,4,25,,,,4,0
2026/04/14 21:30:00,0,0,0,0,0,0,1,,3,,4,25,,,,4,0
2026/04/14 21:35:00,0,0,0,0,0,0,1,,3,,4,25,,,,4,0
2026/04/14 21:40:00,0,0,0,0,0,0,1,,3,,4,25,,,,4,0
2026/04/14 21:45:00,0,0,0,0,0,0,1,,3,,4,25,,,,4,0
2026/04/14 21:50:00,0,0,0,0,0,0,1,,3,,4,25,,,,4,0
2026/04/14 21:55:00,0,0,0,0,0,0,1,,3,,4,25,,,,4,0
2026/04/14 22:00:00,0,0,0,0,0,0,1,,3,,4,25,,,,4,0
2026/04/14 22:05:00,0,0,0,0,0,0,1,,3,,4,25,,,,4,0
2026/04/14 22:10:00,0,0,0,0,0,0,1,,3,,4,25,,,,4,0
2026/04/14 22:15:00,0,0,0,0,0,0,1,,3,,4,25,,,,4,0
2026/04/14 22:20:00,0,0,0,0,0,0,0.2,,3,,3.2,5,,,,4,0.8
2026/04/14 22:25:00,0,0,0,0,0,0,0,,3,,3,0,,,,4,1
2026/04/14 22:30:00,0,0,0,0,0,0,0,,4,,4,0,,,,4,0
2026/04/14 22:35:00,0,0,0,0,0,0,0,,4,,4,0,,,,4,0
2026/04/14 22:40:00,0,0,0,0,0,0,0,,4,,4,0,,,,4,0
2026/04/14 22:45:00,0,0,0,0,0,0,0,,4,,4,0,,,,4,0
2026/04/14 22:50:00,0,0,0,0,0,0,0,,4,,4,0,,,,4,0
2026/04/14 22:55:00,0,0,0,0,0,0,0,,4,,4,0,,,,4,0
2026/04/14 23:00:00,0,0,0,0,0,0,0,,4,,4,0,,,,4,0
2026/04/14 23:05:00,0,0,0,0,0,0,0,,4,,4,0,,,,4,0
2026/04/14 23:10:00,0,0,0,0,0,0,0,,4,,4,0,,,,4,0
2026/04/14 23:15:00,0,0,0,0,0,0,0,,4,,4,0,,,,4,0
2026/04/14 23:20:00,0,0,0,0,0,0,0,,4,,4,0,,,,4,0
2026/04/14 23:25:00,0,0,0,0,0,0,0,,4,,4,0,,,,4,0
2026/04/14 23:30:00,0,0,0,0,0,0,0,,4,,4,0,,,,4,0
2026/04/14 23:35:00,0,0,0,0,0,0,0,,4,,4,0,,,,4,0
2026/04/14 23:40:00,0,0,0,0,0,0,0,,4,,4,0,,,,4,0
2026/04/14 23:45:00,0,0,0,0,0,0,0,,4,,4,0,,,,4,0
2026/04/14 23:50:00,0,0,0,0,0,0,0,,4,,4,0,,,,4,0
2026/04/14 23:55:00,0,0,0,0,0,0,0,,4,,4,0,,,,4,0
2026/04/15 00:00:00,0,0,0,0,0,0,0,,4,,4,0,,,,4,0
2026/04/15 00:05:00,0,0,0,0,0,0,0,,4,,4,0,,,,4,0
2026/04/15 00:10:00,0,0,0,0,0,0,0,,4,,4,0,,,,4,0
2026/04/15 00:15:00,0,0,0,0,0,0,0,,4,,4,0,,,,4,0
2026/04/15 00:20:00,0,0,0,0,0,0,0,,4,,4,0,,,,4,0
2026/04/15 00:25:00,0,0,0,0,0,0,0,,4,,4,0,,,,4,0
2026/04/15 00:30:00,0,0,0,0,0,0,0,,4,,4,0,,,,4,0
2026/04/15 00:35:00,0,0,0,0,0,0,0,,4,,4,0,,,,4,0
2026/04/15 00:40:00,0,0,0,0,0,0,0,,4,,4,0,,,,4,0
2026/04/15 00:45:00,0,0,0,0,0,0,0,,4,,4,0,,,,4,0
2026/04/15 00:50:00,0,0,0,0,0,0,0,,4,,4,0,,,,4,0
2026/04/15 00:55:00,0,0,0,0,0,0,0,,4,,4,0,,,,4,0
2026/04/15 01:00:00,0,0,0,0,0,0,0,,4,,4,0,,,,4,0
2026/04/15 01:05:00,0,0,0,0,0,0,0,,4,,4,0,,,,4,0
2026/04/15 01:10:00,0,0,0,0,0,0,0,,4,,4,0,,,,4,0
2026/04/15 01:15:00,0,0,0,0,0,0,0,,4,,4,0,,,,4,0
2026/04/15 01:20:00,0,0,0,0,0,0,0,,4,,4,0,,,,4,0
2026/04/15 01:25:00,0,0,0,0,0,0,0,,4,,4,0,,,,4,0
2026/04/15 01:30:00,0,0,0,0,0,0,0,,4,,4,0,,,,4,0
2026/04/15 01:35:00,0,0,0,0,0,0,0,,4,,4,0,,,,4,0
2026/04/15 01:40:00,0,0,0,0,0,0,0,,4,,4,0,,,,4,0
2026/04/15 01:45:00,0,0,0,0,0,0,0,,4,,4,0,,,,4,0
2026/04/15 01:50:00,0,0,0,0,0,0,0,,4,,4,0,,,,4,0
2026/04/15 01:55:00,0,0,0,0,0,0,0,,4,,4,0,,,,4,0
2026/04/15 02:00:00,0,0,0,0,0,0,0,,4,,4,0,,,,4,0
2026/04/15 02:05:00,0,0,0,0,0,0,0,,4,,4,0,,,,4,0
2026/04/15 02:10:00,0,0,0,0,0,0,0,,4,,4,0,,,,4,0
2026/04/15 02:15:00,0,0,0,0,0,0,0,,4,,4,0,,,,4,0
2026/04/15 02:20:00,0,0,0,0,0,0,0,,4,,4,0,,,,4,0
2026/04/15 02:25:00,0,0,0,0,0,0,0,,4,,4,0,,,,4,0
2026/04/15 02:30:00,0,0,0,0,0,0,0,,4,,4,0,,,,4,0
2026/04/15 02:35:00,0,0,0,0,0,0,0,,4,,4,0,,,,4,0
2026/04/15 02:40:00,0,0,0,0,0,0,0,,4,,4,0,,,,4,0
2026/04/15 02:45:00,0,0,0,0,0,0,0,,4,,4,0,,,,4,0
2026/04/15 02:50:00,0,0,0,0,0,0,0,,4,,4,0,,,,4,0
2026/04/15 02:55:00,0,0,0,0,0,0,0,,4,,4,0,,,,4,0
2026/04/15 03:00:00,0,0,0,0,0,0,0,,4,,4,0,,,,4,0
2026/04/15 03:05:00,0,0,0,0,0,0,0,,4,,4,0,,,,4,0
2026/04/15 03:10:00,0,0,0,0,0,0,0,,4,,4,0,,,,4,0
2026/04/15 03:15:00,0,0,0,0,0,0,0,,4,,4,0,,,,4,0
2026/04/15 03:20:00,0,0,0,0,0,0,0,,4,,4,0,,,,4,0
2026/04/15 03:25:00,0,0,0,0,0,0,0,,4,,4,0,,,,4,0
2026/04/15 03:30:00,0,0,0,0,0,0,0,,4,,4,0,,,,4,0
2026/04/15 03:35:00,0,0,0,0,0,0,0,,4,,4,0,,,,4,0
2026/04/15 03:40:00,0,0,0,0,0,0,0,,4,,4,0,,,,4,0
2026/04/15 03:45:00,0,0,0,0,0,0,0,,4,,4,0,,,,4,0
2026/04/15 03:50:00,0,0,0,0,0,0,0,,4,,4,0,,,,4,0
2026/04/15 03:55:00,0,0,0,0,0,0,0,,4,,4,0,,,,4,0
2026/04/15 04:00:00,0,0,0,0,0,0,0,,4,,4,0,,,,4,0
2026/04/15 04:05:00,0,0,0,0,0,0,0,,4,,4,0,,,,4,0
2026/04/15 04:10:00,0,0,0,0,0,0,0,,4,,4,0,,,,4,0
2026/04/15 04:15:00,0,0,0,0,0,0,0,,4,,4,0,,,,4,0
2026/04/15 04:20:00,0,0,0,0,0,0,0,,4,,4,0,,,,4,0
2026/04/15 04:25:00,0,0,0,0,0,0,0,,4,,4,0,,,,4,0
2026/04/15 04:30:00,0,0,0,0,0,0,0,,4,,4,0,,,,4,0
2026/04/15 04:35:00,0,0,0,0,0,0,0,,4,,4,0,,,,4,0
2026/04/15 04:40:00,0,0,0,0,0,0,0,,4,,4,0,,,,4,0
2026/04/15 04:45:00,0,0,0,0,0,0,0,,4,,4,0,,,,4,0
2026/04/15 04:50:00,0,0,0,0,0,0,0,,4,,4,0,,,,4,0
2026/04/15 04:55:00,0,0,0,0,0,0,0,,4,,4,0,,,,4,0
2026/04/15 05:00:00,0,0,0,0,0,0,0,,4,,4,0,,,,28.8,24.8
2026/04/15 05:05:00,0,0,0,0,0,0,0,,4,,4,0,,,,35,31
2026/04/15 05:10:00,0,0,0,0,0,0,0,,24.6,,24.6,0,,,,35,10.4
2026/04/15 05:15:00,0,0,0,0,0,0,0,,35,,35,0,,,,35,0
2026/04/15 05:20:00,0,0,0,0,0,0,0,,35,,35,0,,,,35,0
2026/04/15 05:25:00,0,0,0,0,0,0,1.6,0.9704842857142857,33.4,0,35,4.571428571428571,593.6248833333333,0,19.924256666666665,35,0
2026/04/15 05:30:00,0,0,0,0,0,0,2,1.013757,33,,35,5.714285714285714,71.48532,,46.451896000000005,35,0
2026/04/15 05:35:00,0,0,0,0,0,0,2,0.075695,33,,35,5.714285714285714,102.27329999999999,,4.037568,35,0
2026/04/15 05:40:00,0,0,0,0,0,0,2,0.030308,33,,35,5.714285714285714,77.99602,,0.93223,35,0
2026/04/15 05:45:00,0,0,0,0,0,0,2,1.0752549999999998,33,,35,5.714285714285714,79.33322000000001,,34.098578999999994,35,0
2026/04/15 05:50:00,0,0,0,0,0,0,2,0.9931539999999999,33,,35,5.714285714285714,80.73814,,80.664031,35,0
2026/04/15 05:55:00,0,0,0,0,0,0,2.2,0.049944444444444444,32.8,0,35,6.2857142857142865,123.06671999999999,0,2.9840399999999994,35,0
2026/04/15 06:00:00,0,0,0,0,0,0,4.4,1.051351875,30.6,0,35,12.571428571428571,145.71732666666668,0,50.450636,35,0
2026/04/15 06:05:00,0,0,0,0,0,0,5.2,0.075992,29.8,0,35,14.857142857142858,51.727125,0,4.976444,35,0
2026/04/15 06:10:00,0,0,0,0,0,0,11.6,0.596604,23.4,0,35,33.14285714285714,106.1113914893617,0,20.7758185106383,35,0
2026/04/15 06:15:00,0,0,0,0,0,0,12.2,1.076445,22.8,0,35,34.857142857142854,150.83985272727273,0,64.8985778181818,35,0
2026/04/15 06:20:00,0,0,0,0,0,0,13.2,0.8593744827586206,21.8,0,35,37.714285714285715,303.8083083333334,0,38.45944033333333,35,0
2026/04/15 06:25:00,0,0,0,0,0,0,15.6,0.9377323943661973,19.4,0,35,44.57142857142857,125.582238028169,0,42.5960085915493,35,0
2026/04/15 06:30:00,0,0,0,0,0,0,17.6,0.705331625,17.4,0,35,50.28571428571429,74.17720875,0,44.106685125000006,35,0
2026/04/15 06:35:00,0,0,0,0,0,0,18,0.7694515189873418,17,0,35,51.42857142857143,119.85763125000001,0,47.012016124999995,35,0
2026/04/15 06:40:00,0,0,0,0,0,0,20.2,0.7240910638297873,14.8,0,35,57.71428571428571,1002.0912617021278,0,51.78095840425532,35,0
2026/04/15 06:45:00,0,0,0,0,0,0,22,0.4400766346153846,13,0,35,62.857142857142854,948.3827133333333,0,18.859509333333335,36.6,1.6
2026/04/15 06:50:00,0,0,0,0,0,0,22.6,0.2370485046728972,12.4,0,35,64.57142857142857,854.099261682243,0,16.8729438317757,39,4
2026/04/15 06:55:00,0,0,0,0,0,0,25,0.28294474576271184,12.2,0,37.2,67.37034894929631,435.4344789915967,0,19.091828403361344,40.4,3.2
2026/04/15 07:00:00,0,0,0,0,0,0,25.4,0.5078903305785124,13.6,0,39,65.12820512820512,294.41063833333334,0,30.71235533333333,42,3
2026/04/15 07:05:00,0,0,0,0,0,0,28,0.6546120769230769,12,0,40,69.97802197802199,70.00476287878787,0,28.810319090909093,42,2
2026/04/15 07:10:00,0,0,0,0,0,0,31.6,0.7859640000000001,10.4,0,42,75.23809523809523,80.14065761589404,0,57.08366894039735,45.8,3.8
2026/04/15 07:15:00,0,0,0,0,0,0,33.8,0.7429129113924051,8.2,0,42,80.47619047619048,130.90038124999998,0,46.048999374999994,55,13
2026/04/15 07:20:00,0,0,0,0,0,0,34.6,1.025271226993865,8.6,0,43.2,80.29761904761905,60.78773251533742,0,79.79046598765431,57.2,14
2026/04/15 07:25:00,0,0,0,0,0,0,35,0.8417027500000002,20.4,,55.4,63.2234961331287,56.849951552795034,,40.07904440993789,58,2.6
2026/04/15 07:30:00,0,0,0,0,0,0,36.8,0.7765340718562875,20.4,0,57.2,64.33151845130067,123.90971197604792,0,39.81671419161677,58,0.8
2026/04/15 07:35:00,0,0,0,0,0,0,38.8,1.0621709550561798,19.2,0,58,66.89655172413794,107.6410538888889,0,69.03569737430168,61.8,3.8
2026/04/15 07:40:00,0,0,0,0,0,0,40.2,0.8103286772486774,17.8,0,58,69.3103448275862,53.83141117021277,0,75.13743249999999,66,8
2026/04/15 07:45:00,0,0,0,0,0,0,41,0.7070241666666667,20.8,0,61.8,66.52250431560778,83.98890677083334,0,34.64292036649214,68.2,6.4
2026/04/15 07:50:00,0,0,0,0,0,0,41,0.7705093513513513,25.2,,66.2,61.94148140416797,129.79047593582888,,40.15809518716578,69,2.8
2026/04/15 07:55:00,0,0,0,0,0,0,41.4,0.5566141081081082,26.8,0,68.2,60.70332480818414,65.60809565217392,0,23.992030978260868,69,0.8
2026/04/15 08:00:00,0,0,0,0,0,0,43.4,0.5587601546391753,25.6,0,69,62.89855072463769,83.5390030927835,0,50.88025994845361,72.6,3.6
2026/04/15 08:05:00,0,0,0,0,0,0,44.6,0.6834190052356021,24.4,0,69,64.63768115942028,214.17577755102045,0,32.61991642857143,75,6
2026/04/15 08:10:00,0,0,0,0,0,0,45.8,0.6819357575757578,26.4,0,72.2,63.48969624776653,232.81405532994927,0,38.002737055837564,75,2.8
2026/04/15 08:15:00,0,0,0,0,0,0,48.6,0.6818481818181819,26.4,0,75,64.79999999999998,142.4078676190476,0,43.66601214285714,75,0
2026/04/15 08:20:00,0,0,0,0,0,0,48,0.7559827804878048,26,0,74,64.86486486486487,70.0523063414634,0,46.867656439024394,75,1
2026/04/15 08:25:00,0,0,0,0,0,0,49,0.4051860869565218,25.4,0,74.4,65.86306306306305,65.74528834951457,0,41.5881981553398,75,0.6
2026/04/15 08:30:00,0,0,0,0,0,0,49,0.4256491089108911,26,0,75,65.33333333333333,66.35859353233832,0,28.162361442786068,75,0
2026/04/15 08:35:00,0,0,0,0,0,0,50.4,0.6307140384615384,24.6,0,75,67.2,70.34945333333333,0,41.51500323809524,75,0
2026/04/15 08:40:00,0,0,0,0,0,0,51.2,0.5786662121212122,23.8,0,75,68.26666666666667,68.53585427135678,0,32.619684797979794,75,0
2026/04/15 08:45:00,0,0,0,0,0,0,52.6,0.6782849504950494,22.4,0,75,70.13333333333334,70.6624431372549,0,42.50349183168317,75,0
2026/04/15 08:50:00,0,0,0,0,0,0,53,0.9801854854368931,22,0,75,70.66666666666667,73.57127073170732,0,58.63689892682927,75,0
2026/04/15 08:55:00,0,0,0,0,0,0,54,1.2422724413145538,21,0,75,72,86.13845915492959,0,71.81754066037736,75,0
2026/04/15 09:00:00,0,0,0,0,0,0,54,1.118698761904762,21,,75,72,77.8744308056872,,42.96534549763034,75,0
2026/04/15 09:05:00,0,0,0,0,0,0,54,1.088974647887324,21,0,75,72,241.89729292452827,0,74.96184900943396,75,0
2026/04/15 09:10:00,0,0,0,0,0,0,54.4,0.8516236279069767,20.6,0,75,72.53333333333333,419.8008995348838,0,56.12451060465116,75,0
2026/04/15 09:15:00,0,0,0,0,0,0,53.4,0.7021836818181818,19.8,0,73.2,72.95221905293292,182.5077533632287,0,56.412939237668155,75,1.8
2026/04/15 09:20:00,0,0,0,0,0,0,53,0.6771225892857143,18.2,0,71.2,74.44053208137716,221.47162977777776,0,34.07649448888889,75,3.8
2026/04/15 09:25:00,0,0,0,0,0,0,53,0.877022262443439,20.2,0,73.2,72.43333333333334,122.91063574660633,0,57.66997547511313,75,1.8
2026/04/15 09:30:00,0,0,0,0,0,0,53,0.6152436529680365,21.6,0,74.6,71.04864864864865,66.77699223744293,0,33.216000091743126,75,0.4
2026/04/15 09:35:00,0,0,0,0,0,0,53,0.5394516355140186,21,,74,71.62162162162163,67.7667958139535,,26.85132809302326,75,1
2026/04/15 09:40:00,0,0,0,0,0,0,53.8,0.5234107339449541,20.8,0,74.6,72.11891891891892,68.82568981481481,0,24.161584147465437,75,0.4
2026/04/15 09:45:00,0,0,0,0,0,0,53.2,0.66550405,21,0,74.2,71.6972972972973,54.90261188118812,0,54.54369965174129,75,0.8
2026/04/15 09:50:00,0,0,0,0,0,0,53.6,0.8834771014492754,20.2,0,73.8,72.62865605331358,65.35656250000001,0,68.65456403846154,75,1.2
2026/04/15 09:55:00,0,0,0,0,0,0,52.8,0.6928902857142857,21,0,73.8,71.54387263976305,122.96158990384615,0,55.765439855072465,75,1.2
2026/04/15 10:00:00,0,0,0,0,0,0,52.4,0.5984369154228856,20.6,0,73,71.7786622238677,60.10307330097087,0,75.26187808823529,75,2
2026/04/15 10:05:00,0,0,0,0,0,0,51,0.54702085,20.4,0,71.4,71.4319248826291,82.92432299999999,0,56.488617250000004,75,3.6
2026/04/15 10:10:00,0,0,0,0,0,0,51,0.5519834,21.8,,72.8,70.06756756756756,219.6190185,,37.1106071,75,2.2
2026/04/15 10:15:00,0,0,0,0,0,0,52,0.6018770256410257,22.8,0,74.8,69.52072072072072,134.04299390862943,0,31.72429248730965,75,0.2
2026/04/15 10:20:00,0,0,0,0,0,0,51.4,0.39471042780748666,23,,74.4,69.08468468468467,51.79913882978724,,25.47211872340426,75,0.6
2026/04/15 10:25:00,0,0,0,0,0,0,51,0.46594858695652164,23,0,74,68.91891891891892,173.27696174863388,0,37.9824787431694,75,1
2026/04/15 10:30:00,0,0,0,0,0,0,51,0.37694687499999996,23.8,0,74.8,68.18378378378378,378.6191647727273,0,40.494575113636365,75,0.2
2026/04/15 10:35:00,0,0,0,0,0,0,50,0.15706842767295598,24,,74,67.56756756756756,131.94905471698115,,6.2024743125,75,1
2026/04/15 10:40:00,0,0,0,0,0,0,50,0.345551554054054,24.2,0,74.2,67.38738738738739,54.40071369863014,0,27.95742904109589,75,0.8
2026/04/15 10:45:00,0,0,0,0,0,0,50,0.5677336296296296,25,,75,66.66666666666667,54.64526962962963,,42.96722481481481,75,0
2026/04/15 10:50:00,0,0,0,0,0,0,48.6,0.3606799130434782,25,0,73.6,66.03109959274343,57.20693793103448,0,17.88255147826087,75,1.4
2026/04/15 10:55:00,0,0,0,0,0,0,48,0.2555859793814433,25.2,,73.2,65.57571269900038,58.72968469387755,,11.735227448979593,75,1.8
2026/04/15 11:00:00,0,0,0,0,0,0,47,0.02292066666666667,26.6,0,73.6,63.8578304331729,98.32108021978023,0,45.18615340659341,75,1.4
2026/04/15 11:05:00,0,0,0,0,0,0,46,0.08106806818181818,27,0,73,63.01369863013699,284.9410329545455,0,13.163664772727275,75,2
2026/04/15 11:10:00,0,0,0,0,0,0,46.2,0.2290630120481928,27.8,0,74,62.43337035665803,57.59794146341463,0,34.789154999999994,75,1
2026/04/15 11:15:00,0,0,0,0,0,0,47,0.621834935064935,28,0,75,62.666666666666664,61.22601025641026,0,22.711736282051284,75,0
2026/04/15 11:20:00,0,0,0,0,0,0,47,0.5236532394366198,28,0,75,62.666666666666664,55.26117571428571,0,58.848608840579715,75,0
2026/04/15 11:25:00,0,0,0,0,0,0,45.6,0.5135158571428572,28,,73.6,61.954831543872636,61.70720571428571,,39.204466999999994,75,1.4
2026/04/15 11:30:00,0,0,0,0,0,0,45,0.274320294117647,28.4,0,73.4,61.310625694187344,70.23519253731342,0,65.3266186567164,75,1.6
2026/04/15 11:35:00,0,0,0,0,0,0,44,0.09515982456140352,29.6,0,73.6,59.785264716771565,418.1663857142857,0,117.6695542857143,75,1.4
2026/04/15 11:40:00,0,0,0,0,0,0,43.8,0.02991622950819672,30.2,0,74,59.189189189189186,534.9240050847458,0,97.72091711864408,75,1
2026/04/15 11:45:00,0,0,0,0,0,0,43,0.01986033898305085,31,0,74,58.108108108108105,737.637072881356,0,2.1478422033898306,75,1
2026/04/15 11:50:00,0,0,0,0,0,0,41.4,0.04979311475409836,31.4,0,72.8,56.86515282405693,222.77712419354836,0,51.92338559322034,75,2.2
2026/04/15 11:55:00,0,0,0,0,0,0,42.4,0.3107882051282051,30.6,0,73,58.082191780821915,301.1886946666667,0,157.26064853333332,75,2
2026/04/15 12:00:00,0,0,0,0,0,0,42.6,0.36005025,31.6,0,74.2,57.41261261261262,69.0143694117647,0,81.38748268292682,75,0.8
2026/04/15 12:05:00,0,0,0,0,0,0,43,0.3639532967032967,31,0,74,58.108108108108105,326.1111511363637,0,92.09481987951806,75,1
2026/04/15 12:10:00,0,0,0,0,0,0,43,0.5469672527472527,30.8,0,73.8,58.263606071825244,55.21588387096775,0,28.609388295454547,75,1.2
2026/04/15 12:15:00,0,0,0,0,0,0,43.8,1.0358077551020408,30,0,73.8,59.34838948537579,40.74731089108911,0,52.26498680851064,75,1.2
2026/04/15 12:20:00,0,0,0,0,0,0,43,0.8591119801980197,29.6,0,72.6,59.23135464231355,164.15335346534656,0,39.517592307692304,75,2.4
2026/04/15 12:25:00,0,0,0,0,0,0,41.6,0.9529764864864866,29.8,0,71.4,58.25966912586631,455.60414351851847,0,117.63639938775509,75,3.6
2026/04/15 12:30:00,0,0,0,0,0,0,39.4,0.8037976470588235,31.4,0,70.8,55.649899396378274,65.66867099236642,0,126.26016578512396,75,4.2
2026/04/15 12:35:00,0,0,0,0,0,0,41,0.6287481756756758,32,0,73,56.177211361467585,96.31916912751677,0,45.44102881118881,75,2
2026/04/15 12:40:00,0,0,0,0,0,0,42.2,0.709528625,32.6,0,74.8,56.41441441441442,123.52425379746835,0,95.3528020261438,75,0.2
2026/04/15 12:45:00,0,0,0,0,0,0,43.4,0.5345001265822785,31.6,0,75,57.86666666666666,225.95916871165645,0,146.55192259493668,75,0
2026/04/15 12:50:00,0,0,0,0,0,0,43.8,0.47618922619047616,30.8,0,74.6,58.71351351351351,51.03208764705883,0,30.07511442424242,75,0.4
2026/04/15 12:55:00,0,0,0,0,0,0,43.4,0.5742648295454547,30,0,73.4,59.126249537208444,124.2849409090909,0,59.03462958083832,75,1.6
2026/04/15 13:00:00,0,0,0,0,0,0,42.4,0.5788709302325581,30.6,0,73,58.08219178082193,156.80980862068967,0,39.720460722891566,75,2
2026/04/15 13:05:00,0,0,0,0,0,0,42.2,0.5493667052023121,31.8,0,74,57.02702702702703,165.53109999999998,0,21.116102023809525,75,1
2026/04/15 13:10:00,0,0,0,0,0,0,42.4,0.8670985393258427,31.4,0,73.8,57.45279526101443,151.53795730337083,0,42.07001231213872,75,1.2
2026/04/15 13:15:00,0,0,0,0,0,0,43,0.546863064516129,31,,74,58.108108108108105,148.8998654054054,,33.4754585,75,1
2026/04/15 13:20:00,0,0,0,0,0,0,43,0.8568473888888889,32,,75,57.333333333333336,157.4805182320442,,46.03194528409092,75,0
2026/04/15 13:25:00,0,0,0,0,0,0,43,0.6873366304347825,32,0,75,57.333333333333336,134.72568688524592,0,58.53256662921348,75,0
2026/04/15 13:30:00,0,0,0,0,0,0,42.8,0.8307147428571429,31.4,0,74.2,57.68288288288288,55.098714124293785,0,43.89118677966102,75,0.8
2026/04/15 13:35:00,0,0,0,0,0,0,42,0.48420842391304353,31,0,73,57.534246575342465,51.62510765027323,0,69.69133907103824,75,2
2026/04/15 13:40:00,0,0,0,0,0,0,42,0.44332853107344633,32,,74,56.760903369122545,53.63015698324023,,25.50750844444444,75,1
2026/04/15 13:45:00,0,0,0,0,0,0,42,0.5462118888888889,33,0,75,56,50.26544333333334,0,38.37090927374302,75,0
2026/04/15 13:50:00,0,0,0,0,0,0,42.8,0.7645740983606557,32.2,0,75,57.06666666666668,59.66301092896175,0,37.92340420765027,75,0
2026/04/15 13:55:00,0,0,0,0,0,0,42.8,1.1553102325581395,32,0,74.8,57.218018018018014,56.83566589595376,0,61.692414624277454,75,0.2
2026/04/15 14:00:00,0,0,0,0,0,0,42,0.6703832369942196,32,0,74,56.75675675675676,49.695890804597695,0,47.12322180232558,75,1
2026/04/15 14:05:00,0,0,0,0,0,0,41.4,0.7771571176470587,32.2,0,73.6,56.24953720844131,52.87695639534884,0,42.90432476744186,75,1.4
2026/04/15 14:10:00,0,0,0,0,0,0,41,0.7674297093023256,32,0,73,56.164383561643845,56.366156647398846,0,48.35421115606936,75,2
2026/04/15 14:15:00,0,0,0,0,0,0,40.6,0.7871832163742688,33,,73.6,55.168456127360244,55.887268786127166,,30.81807843930636,75,1.4
2026/04/15 14:20:00,0,0,0,0,0,0,39.4,0.7252300584795321,34,0,73.4,53.67641614216957,51.76125529411765,0,20.77683470588235,75,1.6
2026/04/15 14:25:00,0,0,0,0,0,0,40,0.7922811046511629,33.6,0,73.6,54.35024065161051,51.28704069767441,0,50.89874261627907,75,1.4
2026/04/15 14:30:00,0,0,0,0,0,0,40,0.6636465359477124,34.8,,74.8,53.47747747747748,51.44916451612903,,33.54889664516129,75,0.2
2026/04/15 14:35:00,0,0,0,0,0,0,40,0.4224303521126761,34.8,0,74.8,53.47747747747748,51.874433333333336,0,20.609447862068965,75,0.2
2026/04/15 14:40:00,0,0,0,0,0,0,39.8,0.4803180985915493,34,0,73.8,53.92817475009256,58.564407857142854,0,40.978696642857145,75,1.2
2026/04/15 14:45:00,0,0,0,0,0,0,39,0.5650775,34.4,0,73.4,53.135875601629024,57.51707605633803,0,26.644386408450703,75,1.6
2026/04/15 14:50:00,0,0,0,0,0,0,38.6,0.7384617361111111,35.4,,74,52.16216216216217,51.99412605633802,,40.33751345070423,75,1
2026/04/15 14:55:00,0,0,0,0,0,0,38.6,0.5935591911764706,35.4,0,74,52.16216216216217,55.26893768115942,0,29.2480681884058,75,1
2026/04/15 15:00:00,0,0,0,0,0,0,38.8,0.7651692517006803,35.6,0,74.4,52.15135135135135,53.138044755244756,0,74.05307895104895,75,0.6
2026/04/15 15:05:00,0,0,0,0,0,0,39,0.47632189189189195,35,0,74,52.702702702702695,53.43322972972973,0,20.79079675675676,75,1
2026/04/15 15:10:00,0,0,0,0,0,0,38,0.4782573722627737,32,0,70,54.31158002212201,52.22404042553192,0,19.481656737588654,71,1.4
2026/04/15 15:15:00,0,0,0,0,0,0,37.4,0.7343487786259542,32.2,0,69.6,53.73498964803313,57.8353251908397,0,78.84448625954198,71,1.4
2026/04/15 15:20:00,0,0,0,0,0,0,37,0.6313819847328245,33,0,70,52.857142857142854,60.06434374999999,0,79.59338749999999,71,1
2026/04/15 15:25:00,0,0,0,0,0,0,37,0.8743113821138212,33.6,0,70.6,52.41046277665996,54.53285806451613,0,60.62842256,71,0.4
2026/04/15 15:30:00,0,0,0,0,0,0,36.8,0.6724474358974359,33.4,0,70.2,52.42253521126761,58.00586554621849,0,40.0264537815126,71,0.8
2026/04/15 15:35:00,0,0,0,0,0,0,36.4,0.7538263865546219,33,0,69.4,52.44720496894409,53.90200247933884,0,52.17151454545454,71,1.6
2026/04/15 15:40:00,0,0,0,0,0,0,36,0.7292237614678899,34,0,70,51.42857142857143,82.23425045045045,0,39.3774363963964,71,1
2026/04/15 15:45:00,0,0,0,0,0,0,35,0.6146137,34.2,0,69.2,50.5714868923687,61.97920101010101,0,34.6077716,71,1.8
2026/04/15 15:50:00,0,0,0,0,0,0,34,0.9844022352941177,32.8,,66.8,50.96774193548387,54.80085930232558,,56.347449767441866,68.6,2.4
2026/04/15 15:55:00,0,0,0,0,0,0,32.4,1.2588945454545453,30.4,0,62.8,51.597542242703526,56.52958205128205,0,57.66100525641025,65,2.2
2026/04/15 16:00:00,0,0,0,0,0,0,32,1.54037075,31.2,0,63.2,50.63492063492063,57.20386582278481,0,124.6140294936709,65,1.8
2026/04/15 16:05:00,0,0,0,0,0,0,31.8,1.1326288235294117,33,,64.8,49.07211538461539,56.144613888888884,,59.0685223943662,65,0.2
2026/04/15 16:10:00,0,0,0,0,0,0,31,0.6832508823529411,33,0,64,48.4375,47.53802028985507,0,112.30939289855073,65,1
2026/04/15 16:15:00,0,0,0,0,0,0,31.2,1.2531961764705883,33.2,0,64.4,48.44711538461538,56.64536176470589,0,61.43154955882353,65,0.6
2026/04/15 16:20:00,0,0,0,0,0,0,32,0.5310445070422536,31.2,,63.2,50.660049627791565,112.50897714285715,,24.567102142857138,62,0
2026/04/15 16:25:00,0,0,0,0,0,0,31,0.13788606060606062,29.6,,60.6,51.14318053197509,71.79016956521741,,8.209038840579712,61.4,0.8
2026/04/15 16:30:00,0,0,0,0,0,0,27.6,0.35225999999999996,28,,55.6,49.62325004430268,56.4985074074074,,12.090433888888887,59,3.4
2026/04/15 16:35:00,0,0,0,0,0,0,25.6,0.3664436734693877,23.2,,48.8,52.590622537431045,57.60641599999999,,9.8070426,53.4,4.6
2026/04/15 16:40:00,0,0,0,0,0,0,24.8,0.6097268085106382,25,,49.8,49.812084833933575,63.12270833333333,,27.03485693877551,52,2.2
2026/04/15 16:45:00,0,0,0,0,0,0,23.2,1.0284303125,26.8,0,50,46.4,58.74165882352941,0,35.933679705882355,52,2
2026/04/15 16:50:00,0,0,0,0,0,0,23,0.915070731707317,27.4,0,50.4,45.63921568627451,63.21189487179488,0,98.49209435897436,52,1.6
2026/04/15 16:55:00,0,0,0,0,0,0,23,0.9658850000000001,29,,52,44.23076923076923,54.540255,,34.303205750000004,52,0
2026/04/15 17:00:00,0,0,0,0,0,0,22.6,0.8584097500000001,29,,51.6,43.79336349924586,51.09516,,32.64255475,51.2,0
2026/04/15 17:05:00,0,0,0,0,0,0,21,0.9415754285714286,27,,48,43.75,56.443085714285715,,32.26517114285714,50,2
2026/04/15 17:10:00,0,0,0,0,0,0,20.6,0.6819906666666667,27,,47.6,43.2936507936508,57.18538666666666,,27.23219233333333,47.6,1
2026/04/15 17:15:00,0,0,0,0,0,0,20,0.6955726666666667,25,,45,44.44444444444444,51.80179999999999,,23.430206333333334,46,1
2026/04/15 17:20:00,0,0,0,0,0,0,19.4,0.13712466666666667,23.8,,43.2,44.920634920634924,49.730153333333334,,1.3067603333333333,43.6,0.8
2026/04/15 17:25:00,0,0,0,0,0,0,19,0.26288294117647065,22.4,0,41.4,45.88734030197445,210.39355312499998,0,10.188306875,43,1.6
2026/04/15 17:30:00,0,0,0,0,0,0,18,0.7561938888888888,19.8,0,37.8,47.624466571835,51.10564857142856,0,47.15610628571429,38,0.2
2026/04/15 17:35:00,0,0,0,0,0,0,18,0.3646693548387096,19.8,,37.8,47.62446657183499,37.228232258064516,,12.401997096774194,37.6,0
2026/04/15 17:40:00,0,0,0,0,0,0,17.6,0.7594400000000001,19,,36.6,48.07807807807808,36.49102666666667,,22.317908,37,0.4
2026/04/15 17:45:00,0,0,0,0,0,0,16.4,0.3783503333333334,18.6,,35,46.855275443510735,37.06305333333333,,17.776340666666666,35.8,0.8
2026/04/15 17:50:00,0,0,0,0,0,0,16,0.3840590476190476,18,,34,47.05882352941177,36.20544545454545,,12.42569608695652,34.6,0.8
2026/04/15 17:55:00,0,0,0,0,0,0,14.6,0.0148445,16.8,,31.4,46.471774193548384,81.01226,,0.8435779999999999,33,1.6
2026/04/15 18:00:00,0,0,0,0,0,0,13.8,0.00009812500000000001,17,,30.8,44.795698924731184,38.31304705882353,,0.2097870588235294,31.8,1.2
2026/04/15 18:05:00,0,0,0,0,0,0,12.4,0.024835,16.8,,29.2,42.45977011494253,43.37645454545454,,1.4103658333333333,30,0.8
2026/04/15 18:10:00,0,0,0,0,0,0,12.6,0.8873773333333335,15.8,0,28.4,44.4088669950739,79.65441333333334,0,168.51594999999998,28.8,0.4
2026/04/15 18:15:00,0,0,0,0,0,0,12.6,1.1026052,15,0,27.6,45.63492063492064,95.08373478260869,0,63.92319391304348,28,0.4
2026/04/15 18:20:00,0,0,0,0,0,0,12,0.3055175,13,,25,48,87.09654499999999,,18.372256,26,1
2026/04/15 18:25:00,0,0,0,0,0,0,12,0.0025169999999999997,13.4,,25.4,47.261538461538464,86.74035,,0.3448735,25.6,0.4
2026/04/15 18:30:00,0,0,0,0,0,0,11,0.000017142857142857142,13,,24,45.833333333333336,106.51030666666666,,0.2340306666666667,25,1
2026/04/15 18:35:00,0,0,0,0,0,0,11,0,12.2,0,23.2,47.46376811594204,48.2056125,0,0.1687675,23.8,0.6
2026/04/15 18:40:00,0,0,0,0,0,0,11,1.8126390000000001,12,,23,47.82608695652174,253.82095999999996,,73.849429,23,0
2026/04/15 18:45:00,0,0,0,0,0,0,10.4,0.12771125,11.4,,21.8,47.701863354037265,53.862944444444445,,6.209394444444445,22,0.6
2026/04/15 18:50:00,0,0,0,0,0,0,10,0.001108,11,,21,47.61904761904762,96.10888,,0.05166600000000001,22,1
2026/04/15 18:55:00,0,0,0,0,0,0,10,0.000007500000000000001,10.4,,20.4,49.090909090909086,105.9777,,0.0002875,20,0
2026/04/15 19:00:00,0,0,0,0,0,0,10,,10,0,20,50,,0,,19.8,0
2026/04/15 19:05:00,0,0,0,0,0,0,10,,9,,19,52.63157894736842,346.054,,2.35235,19,0
2026/04/15 19:10:00,0,0,0,0,0,0,9,0.07822,8.6,0,17.6,51.25,413.481,0,22.35169,18.2,0.8
2026/04/15 19:15:00,0,0,0,0,0,0,9,,7.2,,16.2,55.588235294117645,,,,17,0.8
2026/04/15 19:20:00,0,0,0,0,0,0,9,,8,,17,52.94117647058823,,,,17,0
2026/04/15 19:25:00,0,0,0,0,0,0,9,,8,,17,52.94117647058823,,,,17,0
2026/04/15 19:30:00,0,0,0,0,0,0,8,2.2056957142857145,8,0,16,50,209.7366833333333,0,159.47269333333332,17,1
2026/04/15 19:35:00,0,0,0,0,0,0,7.2,2.146861,8.2,,15.4,46.74999999999999,111.05382000000002,,98.05638,17,1.6
2026/04/15 19:40:00,0,0,0,0,0,0,7,1.7380825,9,0,16,43.75,565.296225,0,553.2677375000001,17,1
2026/04/15 19:45:00,0,0,0,0,0,0,7,1.700958,8.8,,15.8,44.470588235294116,218.39585000000002,,87.947911,15.4,0
2026/04/15 19:50:00,0,0,0,0,0,0,6.2,1.148223,7.6,,13.8,45.04761904761905,92.2686,,48.247257000000005,14.6,0.8
2026/04/15 19:55:00,0,0,0,0,0,0,6,0.02876666666666667,6,,12,50,70.15622222222221,,1.8303044444444443,13,1
2026/04/15 20:00:00,0,0,0,0,0,0,5.4,0,7,,12.4,43.46153846153846,70.02076000000001,,0.686684,12.4,0
2026/04/15 20:05:00,0,0,0,0,0,0,5,0.4336714285714286,7,0,12,41.666666666666664,88.27771428571428,0,57.401388571428576,11.8,0
2026/04/15 20:10:00,0,0,0,0,0,0,5,0.7413622222222221,6,,11,45.45454545454545,99.76700000000001,,49.61158181818182,11,0
2026/04/15 20:15:00,0,0,0,0,0,0,5,0.34752599999999995,5.6,,10.6,47.27272727272727,100.00016,,77.280824,10.4,0
2026/04/15 20:20:00,0,0,0,0,0,0,4.2,0.021624,5,,9.2,45.55555555555556,117.43960000000001,,5.853826,10,0.8
2026/04/15 20:25:00,0,0,0,0,0,0,4,0.00011800000000000002,4.2,,8.2,48.88888888888889,127.01795999999999,,0.8064500000000001,8,0
2026/04/15 20:30:00,0,0,0,0,0,0,3.8,0,3.8,,7.6,50,96.9256,,0.67484,7.6,0.2
2026/04/15 20:35:00,0,0,0,0,0,0,3,,3,,6,50,,,,7,1
2026/04/15 20:40:00,0,0,0,0,0,0,3,,1.8,,4.8,64,,,,5,0.4
2026/04/15 20:45:00,0,0,0,0,0,0,3,2.0540800000000004,2,0,5,60,82.498,0,494.15743,5,0
2026/04/15 20:50:00,0,0,0,0,0,0,3,1.4949250000000003,2,,5,60,134.26084000000003,,128.89744,5,0
2026/04/15 20:55:00,0,0,0,0,0,0,3,0.07675,2,,5,60,147.84494999999998,,6.199725,5,0
2026/04/15 21:00:00,0,0,0,0,0,0,3,1.32424,2,0,5,60,122.34989999999999,0,533.3938075,5,0
2026/04/15 21:05:00,0,0,0,0,0,0,3,1.7250025,2,0,5,60,93.93705,0,431.43929333333335,5,0
2026/04/15 21:10:00,0,0,0,0,0,0,3,0.361918,2,,5,60,85.47534999999999,,129.216609,5,0
2026/04/15 21:15:00,0,0,0,0,0,0,3,0.007748333333333333,2,,5,60,57.813428571428574,,1.5822885714285715,5,0
2026/04/15 21:20:00,0,0,0,0,0,0,3,0,2,,5,60,30.384840000000004,,0.004033999999999999,5,0
2026/04/15 21:25:00,0,0,0,0,0,0,3,0,2,,5,60,29.882600000000004,,0.000018,5,0
2026/04/15 21:30:00,0,0,0,0,0,0,3,0,2,,5,60,29.46628,,0,5,0
2026/04/15 21:35:00,0,0,0,0,0,0,3,0,2,,5,60,29.45272,,0,5,0
2026/04/15 21:40:00,0,0,0,0,0,0,2.2,0,2,,4.2,52,31.1906,,0,5,0.8
2026/04/15 21:45:00,0,0,0,0,0,0,2,,2,,4,50,,,,5,1
2026/04/15 21:50:00,0,0,0,0,0,0,2,,3,,5,40,,,,5,0
2026/04/15 21:55:00,0,0,0,0,0,0,2,,3,,5,40,,,,5,0
2026/04/15 22:00:00,0,0,0,0,0,0,2,,3,,5,40,,,,5,0
2026/04/15 22:05:00,0,0,0,0,0,0,2,,2.4,,4.4,46,,,,4.2,0
2026/04/15 22:10:00,0,0,0,0,0,0,2,,2,,4,50,,,,4,0
2026/04/15 22:15:00,0,0,0,0,0,0,2,,2,,4,50,,,,4,0
2026/04/15 22:20:00,0,0,0,0,0,0,2,,2,,4,50,,,,4,0
2026/04/15 22:25:00,0,0,0,0,0,0,2,,2,,4,50,,,,4,0
2026/04/15 22:30:00,0,0,0,0,0,0,2,0.03673,2,0,4,50,,0,,4,0
2026/04/15 22:35:00,0,0,0,0,0,0,2,0.005854,2,,4,50,35.555659999999996,,33.042384,4,0
2026/04/15 22:40:00,0,0,0,0,0,0,2,0,2,,4,50,28.041240000000005,,1.7494680000000002,4,0
2026/04/15 22:45:00,0,0,0,0,0,0,2,0,2,,4,50,27.86264,,0.7180920000000001,4,0
2026/04/15 22:50:00,0,0,0,0,0,0,2,0,2,,4,50,27.97568,,0.715178,4,0
2026/04/15 22:55:00,0,0,0,0,0,0,2,0,2,,4,50,27.88008,,0.7130000000000001,4,0
2026/04/15 23:00:00,0,0,0,0,0,0,2,0,2,,4,50,27.38612,,0.716658,4,0
2026/04/15 23:05:00,0,0,0,0,0,0,2,0,2,,4,50,27.3292,,0.482285,4,0
2026/04/15 23:10:00,0,0,0,0,0,0,2,,2,,4,50,,,,4,0
2026/04/15 23:15:00,0,0,0,0,0,0,1.4,,2,,3.4,40.00000000000001,,,,4,0.6
2026/04/15 23:20:00,0,0,0,0,0,0,1,,2,,3,33.333333333333336,,,,4,1
2026/04/15 23:25:00,0,0,0,0,0,0,1,,2.8,,3.8,26.666666666666668,,,,4,0.2
2026/04/15 23:30:00,0,0,0,0,0,0,1,,3,,4,25,,,,4,0
2026/04/15 23:35:00,0,0,0,0,0,0,1,,3,,4,25,,,,4,0
2026/04/15 23:40:00,0,0,0,0,0,0,1,,3,,4,25,,,,4,0
2026/04/15 23:45:00,0,0,0,0,0,0,1,,3,,4,25,,,,4,0
2026/04/15 23:50:00,0,0,0,0,0,0,1,,3,,4,25,,,,4,0
2026/04/15 23:55:00,0,0,0,0,0,0,1,1.0625,3,0,4,25,,0,,4,0
2026/04/16 00:00:00,0,0,0,0,0,0,1,0,3,,4,25,60.82181999999999,,47.74401999999999,4,0
2026/04/16 00:05:00,0,0,0,0,0,0,1,0,3,,4,25,28.73084,,0.204964,4,0
2026/04/16 00:10:00,0,0,0,0,0,0,1,0,3,,4,25,28.45732,,0.000962,4,0
2026/04/16 00:15:00,0,0,0,0,0,0,1,0,3,,4,25,28.788040000000002,,0.0000020000000000000003,4,0
2026/04/16 00:20:00,0,0,0,0,0,0,1,0,3,,4,25,28.15396,,0,4,0
2026/04/16 00:25:00,0,0,0,0,0,0,1,0,3,,4,25,29.91132,,0,4,0
2026/04/16 00:30:00,0,0,0,0,0,0,1,0,3,,4,25,28.6104,,0,4,0
2026/04/16 00:35:00,0,0,0,0,0,0,1,,3,,4,25,,,,4,0
2026/04/16 00:40:00,0,0,0,0,0,0,1,,3,,4,25,,,,4,0
2026/04/16 00:45:00,0,0,0,0,0,0,1,,3,,4,25,,,,4,0
2026/04/16 00:50:00,0,0,0,0,0,0,1,,3,,4,25,,,,4,0
2026/04/16 00:55:00,0,0,0,0,0,0,1,,3,,4,25,,,,4,0
2026/04/16 01:00:00,0,0,0,0,0,0,1,,3,,4,25,,,,4,0
2026/04/16 01:05:00,0,0,0,0,0,0,1,,3,,4,25,,,,4,0
2026/04/16 01:10:00,0,0,0,0,0,0,1,,3,,4,25,,,,4,0
2026/04/16 01:15:00,0,0,0,0,0,0,1,,3,,4,25,,,,4,0
2026/04/16 01:20:00,0,0,0,0,0,0,1,,3,,4,25,,,,4,0
2026/04/16 01:25:00,0,0,0,0,0,0,1,0.7179749999999999,3,0,4,25,62.799549999999996,0,621.2068150000001,4,0
2026/04/16 01:30:00,0,0,0,0,0,0,1,0,3,,4,25,28.56456,,6.732553999999999,4,0
2026/04/16 01:35:00,0,0,0,0,0,0,1,0,3,,4,25,28.67288,,0.030716,4,0
2026/04/16 01:40:00,0,0,0,0,0,0,1,0,3,,4,25,28.239240000000002,,0.00014200000000000004,4,0
2026/04/16 01:45:00,0,0,0,0,0,0,1,0,3,,4,25,28.098959999999998,,0,4,0
2026/04/16 01:50:00,0,0,0,0,0,0,1,0,3,,4,25,27.811880000000002,,0,4,0
2026/04/16 01:55:00,0,0,0,0,0,0,1,0,3,,4,25,28.045133333333336,,0,4,0
2026/04/16 02:00:00,0,0,0,0,0,0,1,,3,,4,25,,,,4,0
2026/04/16 02:05:00,0,0,0,0,0,0,1,,3,,4,25,,,,4,0
2026/04/16 02:10:00,0,0,0,0,0,0,1,,3,,4,25,,,,4,0
2026/04/16 02:15:00,0,0,0,0,0,0,1,,3,,4,25,,,,4,0
2026/04/16 02:20:00,0,0,0,0,0,0,1,,3,,4,25,,,,4,0
2026/04/16 02:25:00,0,0,0,0,0,0,1,,3,,4,25,,,,4,0
2026/04/16 02:30:00,0,0,0,0,0,0,1,,3,,4,25,,,,4,0
2026/04/16 02:35:00,0,0,0,0,0,0,1,,3,,4,25,,,,4,0
2026/04/16 02:40:00,0,0,0,0,0,0,1,,3,,4,25,,,,4,0
2026/04/16 02:45:00,0,0,0,0,0,0,1,,3,,4,25,,,,4,0
2026/04/16 02:50:00,0,0,0,0,0,0,1,0.0086025,3,0,4,25,60.750633333333326,0,1361.3455633333335,4,0
2026/04/16 02:55:00,0,0,0,0,0,0,1,0,3,,4,25,30.351799999999997,,52.42443666666666,4,0
2026/04/16 03:00:00,0,0,0,0,0,0,1,,3,,4,25,,,,4,0
2026/04/16 03:05:00,0,0,0,0,0,0,1,,3,,4,25,,,,4,0
2026/04/16 03:10:00,0,0,0,0,0,0,1,,3,,4,25,,,,4,0
2026/04/16 03:15:00,0,0,0,0,0,0,1,,3,,4,25,,,,4,0
2026/04/16 03:20:00,0,0,0,0,0,0,1,,3,,4,25,,,,4,0
2026/04/16 03:25:00,0,0,0,0,0,0,1,,3,,4,25,,,,4,0
2026/04/16 03:30:00,0,0,0,0,0,0,1,,3,,4,25,,,,4,0
2026/04/16 03:35:00,0,0,0,0,0,0,1,,3,,4,25,,,,4,0
2026/04/16 03:40:00,0,0,0,0,0,0,1,,3,,4,25,,,,4,0
2026/04/16 03:45:00,0,0,0,0,0,0,1,,3,,4,25,,,,4,0
2026/04/16 03:50:00,0,0,0,0,0,0,1,,3,,4,25,,,,4,0
2026/04/16 03:55:00,0,0,0,0,0,0,1,,3,,4,25,,,,4,0
2026/04/16 04:00:00,0,0,0,0,0,0,1,,3,,4,25,,,,4,0
2026/04/16 04:05:00,0,0,0,0,0,0,1,,3,,4,25,,,,4,0
2026/04/16 04:10:00,0,0,0,0,0,0,1,,3,,4,25,,,,4,0
2026/04/16 04:15:00,0,0,0,0,0,0,1,,3,,4,25,,,,4,0
2026/04/16 04:20:00,0,0,0,0,0,0,1,,3,,4,25,,,,4,0
2026/04/16 04:25:00,0,0,0,0,0,0,1,,3,,4,25,,,,4,0
2026/04/16 04:30:00,0,0,0,0,0,0,1,,3,,4,25,,,,4,0
2026/04/16 04:35:00,0,0,0,0,0,0,1,,3,,4,25,,,,4,0
2026/04/16 04:40:00,0,0,0,0,0,0,1,,3,,4,25,,,,4,0
2026/04/16 04:45:00,0,0,0,0,0,0,1,,3,,4,25,,,,4,0
2026/04/16 04:50:00,0,0,0,0,0,0,1,,3,,4,25,,,,4,0
2026/04/16 04:55:00,0,0,0,0,0,0,0.6,,3,,3.6,15,,,,4,0.4
2026/04/16 05:00:00,0,0,0,0,0,0,0,,3,,3,0,,,,28.8,25.8
2026/04/16 05:05:00,0,0,0,0,0,0,0,,3.6,0,3.6,0,,0,,35,31.4
2026/04/16 05:10:00,0,0,0,0,0,0,1.4,0.905385,22.6,0,24,9.11111111111111,40.97905,0,7.57993,35,11
2026/04/16 05:15:00,0,0,0,0,0,0,2,2.9929433333333333,33,0,35,5.714285714285714,33.46021111111111,0,115.38214777777777,35,0
2026/04/16 05:20:00,0,0,0,0,0,0,2,1.7313650000000003,33,,35,5.714285714285714,26.150080000000003,,84.519177,35,0
2026/04/16 05:25:00,0,0,0,0,0,0,1,0.013966000000000003,33,,34,2.9411764705882355,26.59681666666667,,7.192306666666668,35,1
2026/04/16 05:30:00,0,0,0,0,0,0,2,0.4367688888888889,32.2,0,34.2,5.831932773109244,42.6835625,0,1.4920375,35,0.8
2026/04/16 05:35:00,0,0,0,0,0,0,3.4,0.4737576470588235,31.6,0,35,9.714285714285715,45.15878125,0,6.239100625,35,0
2026/04/16 05:40:00,0,0,0,0,0,0,4,0.38483799999999996,31,,35,11.428571428571429,56.11609,,11.4883015,35,0
2026/04/16 05:45:00,0,0,0,0,0,0,4.4,0.48609761904761906,30.6,0,35,12.571428571428571,116.73015238095238,0,111.65284761904762,35,0
2026/04/16 05:50:00,0,0,0,0,0,0,5,1.64344,30,,35,14.285714285714286,60.34682,,53.1835444,35,0
2026/04/16 05:55:00,0,0,0,0,0,0,5.4,1.6892323076923075,29.6,0,35,15.428571428571427,57.31941538461539,0,78.15674307692306,35,0
2026/04/16 06:00:00,0,0,0,0,0,0,6.2,0.6394693103448276,28.8,0,35,17.714285714285715,68.73639,0,63.94563166666667,35,0
2026/04/16 06:05:00,0,0,0,0,0,0,10.2,1.47666914893617,24.8,0,35,29.142857142857146,101.35279791666669,0,95.25042958333331,35,0
2026/04/16 06:10:00,0,0,0,0,0,0,11.8,1.1697786440677964,23.2,0,35,33.71428571428571,240.86326379310344,0,60.039149827586215,35,0
2026/04/16 06:15:00,0,0,0,0,0,0,12.4,1.2341935000000002,22.6,0,35,35.42857142857143,188.58254918032787,0,43.723328360655735,35,0
2026/04/16 06:20:00,0,0,0,0,0,0,14,0.5883477272727273,21,0,35,40,261.6057630769231,0,24.958584242424244,35,0
2026/04/16 06:25:00,0,0,0,0,0,0,15.2,0.7748851470588235,19.8,0,35,43.42857142857143,536.4533567164179,0,27.140725223880597,35,0
2026/04/16 06:30:00,0,0,0,0,0,0,18.4,0.37923859154929573,16.6,0,35,52.57142857142857,422.0629706666667,0,21.857142666666668,35,0
2026/04/16 06:35:00,0,0,0,0,0,0,19,0.7128927272727273,16,0,35,54.28571428571429,277.5059173333333,0,39.13847866666667,35,0
2026/04/16 06:40:00,0,0,0,0,0,0,21.2,0.47105068965517244,13.8,0,35,60.57142857142857,192.42848160919542,0,17.406635747126437,35,0
2026/04/16 06:45:00,0,0,0,0,0,0,23.6,0.727173786407767,11.4,0,35,67.42857142857143,371.40596138613864,0,28.861410300000003,38.2,3.2
2026/04/16 06:50:00,0,0,0,0,0,0,25,0.7467930555555555,10,,35,71.42857142857143,156.22897818181815,,30.394147363636364,41.4,6.4
2026/04/16 06:55:00,0,0,0,0,0,0,27,0.7049233613445378,11.8,0,38.8,69.55197505197505,302.11766271186445,0,35.74735254237288,42,3.2
2026/04/16 07:00:00,0,0,0,0,0,0,29.8,0.659669044117647,11.6,0,41.4,71.98606271777004,60.33274855072464,0,35.076954927536235,42.4,1
2026/04/16 07:05:00,0,0,0,0,0,0,33.4,0.7780471523178809,8.6,0,42,79.52380952380952,83.12287814569537,0,47.75209728476821,43.8,1.8
2026/04/16 07:10:00,0,0,0,0,0,0,36,0.7247067455621302,6.4,0,42.4,84.90586932447397,219.43625654761905,0,31.879285714285714,48.8,6.4
2026/04/16 07:15:00,0,0,0,0,0,0,38,0.8131624719101124,5.6,0,43.6,87.21941354903943,244.80343966480447,0,35.823595642458095,51,7.4
2026/04/16 07:20:00,0,0,0,0,0,0,40.8,0.8027038297872339,8.2,0,49,83.25696917064698,141.7395042328042,0,37.197981005291005,52,3
2026/04/16 07:25:00,0,0,0,0,0,0,44.6,0.9603575829383887,6.4,0,51,87.46244343891404,149.48628625592414,0,45.04490758293839,52,1
2026/04/16 07:30:00,0,0,0,0,0,0,45,1.0658033636363635,7,0,52,86.53846153846153,193.54067181818183,0,60.286120227272725,75,23
2026/04/16 07:35:00,0,0,0,0,0,0,45.8,0.833779,6.2,0,52,88.07692307692307,128.6251972727273,0,43.09419672727274,75,23
2026/04/16 07:40:00,0,0,0,0,0,0,46,0.8814465454545455,24.2,,70.2,66.35208367321043,109.69661909090911,,37.236980090909086,75,4.8
2026/04/16 07:45:00,0,0,0,0,0,0,46.8,0.5258845454545453,28.2,0,75,62.4,201.44108333333335,0,24.977991171171166,75,0
2026/04/16 07:50:00,0,0,0,0,0,0,48,0.6616544247787611,27,0,75,64,57.58953539823009,0,28.993302123893802,75,0
2026/04/16 07:55:00,0,0,0,0,0,0,48,0.5903520444444446,27,0,75,64,50.49714336283186,0,59.33931595555556,75,0
2026/04/16 08:00:00,0,0,0,0,0,0,48.6,0.5809791479820628,26.4,0,75,64.79999999999998,106.74360844444445,0,42.524821116071436,75,0
2026/04/16 08:05:00,0,0,0,0,0,0,49,0.6964501339285715,26,0,75,65.33333333333333,173.78370488888888,0,36.361502933333334,75,0
2026/04/16 08:10:00,0,0,0,0,0,0,50,0.9803464473684211,25,0,75,66.66666666666667,187.50646637554584,0,44.624275371179046,75,0
2026/04/16 08:15:00,0,0,0,0,0,0,50,1.0294093449781658,25,0,75,66.66666666666667,125.23408484848487,0,48.881860913043475,75,0
2026/04/16 08:20:00,0,0,0,0,0,0,49.4,1.125619207048458,25,,74.4,66.3963963963964,134.67651315789473,,59.173345021834066,75,0.6
2026/04/16 08:25:00,0,0,0,0,0,0,49,0.7799493981481482,25,0,74,66.21621621621621,104.63341520737326,0,46.65468574074074,75,1
2026/04/16 08:30:00,0,0,0,0,0,0,49,0.58087407960199,25.8,0,74.8,65.50990990990991,78.30425911330049,0,55.25623277227722,75,0.2
2026/04/16 08:35:00,0,0,0,0,0,0,49,0.6233562944162436,26,,75,65.33333333333333,139.7095888888889,,55.55745611111111,75,0
2026/04/16 08:40:00,0,0,0,0,0,0,49,0.9444303517587939,26,0,75,65.33333333333333,122.22144438775511,0,90.80895229591837,75,0
2026/04/16 08:45:00,0,0,0,0,0,0,49.6,0.6638915897435896,25.4,0,75,66.13333333333334,59.566993367346925,0,37.3586997461929,75,0
2026/04/16 08:50:00,0,0,0,0,0,0,50.8,0.6830672058823529,24.2,0,75,67.73333333333333,204.6652910891089,0,33.434801732673264,75,0
2026/04/16 08:55:00,0,0,0,0,0,0,50.8,0.7281585786802031,24,0,74.8,67.91351351351351,188.0582565,0,52.90743045226132,75,0.2
2026/04/16 09:00:00,0,0,0,0,0,0,51.4,0.6464312315270935,22.6,0,74,69.45945945945945,138.89286119402985,0,74.46144914999999,75,1
2026/04/16 09:05:00,0,0,0,0,0,0,52,0.9868032850241546,22,0,74,70.27027027027027,263.9488120192308,0,62.678432644230774,75,1
2026/04/16 09:10:00,0,0,0,0,0,0,52.4,0.7473446859903382,22.6,0,75,69.86666666666667,202.17519029126214,0,67.70131529126213,75,0
2026/04/16 09:15:00,0,0,0,0,0,0,53,0.704651923076923,22,,75,70.66666666666667,138.1397466346154,,45.08181461538462,75,0
2026/04/16 09:20:00,0,0,0,0,0,0,53,0.8233783902439025,22,,75,70.66666666666667,206.31998097560978,,47.93400785365854,75,0
2026/04/16 09:25:00,0,0,0,0,0,0,53.4,0.6474058252427185,21.6,0,75,71.2,230.75688932038838,0,37.252441262135925,75,0
2026/04/16 09:30:00,0,0,0,0,0,0,54.6,0.7951665686274509,20.4,0,75,72.8,185.5769666666666,0,41.560284243902444,75,0
2026/04/16 09:35:00,0,0,0,0,0,0,55.4,0.7306369339622643,19,0,74.4,74.46126126126127,184.81842405660376,0,64.44409353773585,75,0.6
2026/04/16 09:40:00,0,0,0,0,0,0,54.4,0.6307757070707072,19,0,73.4,74.11329137356535,106.29803299999999,0,58.79886039800995,75,1.6
2026/04/16 09:45:00,0,0,0,0,0,0,54,0.6684313775510204,19.8,0,73.8,73.17289892632358,54.60759166666666,0,35.48569270833334,75,1.2
2026/04/16 09:50:00,0,0,0,0,0,0,54.2,0.6759922613065328,19.6,0,73.8,73.44316919659386,56.30811343283583,0,43.91747751243781,75,1.2
2026/04/16 09:55:00,0,0,0,0,0,0,53,0.7508048128342247,20,0,73,72.6027397260274,50.55223297872341,0,65.66329170212767,75,2
2026/04/16 10:00:00,0,0,0,0,0,0,52,0.7408784574468085,21.2,0,73.2,71.03665309144762,54.402322702702705,0,73.30321429347826,75,1.8
2026/04/16 10:05:00,0,0,0,0,0,0,51,0.4647854347826087,22,0,73,69.86301369863014,55.556742222222226,0,136.51155522222223,75,2
2026/04/16 10:10:00,0,0,0,0,0,0,50.6,0.5053777222222221,23.2,,73.8,68.56719733432061,63.68092857142857,,38.26492027472527,75,1.2
2026/04/16 10:15:00,0,0,0,0,0,0,50,0.7765030113636364,24,,74,67.56756756756756,74.09093257142858,,43.281279714285716,75,1
2026/04/16 10:20:00,0,0,0,0,0,0,50,0.5288335195530727,24.6,0,74.6,67.02702702702703,62.069291666666665,0,32.11973633333333,75,0.4
2026/04/16 10:25:00,0,0,0,0,0,0,49.4,0.6438771428571428,25,,74.4,66.3963963963964,95.22007640449439,,42.104618651685406,75,0.6
2026/04/16 10:30:00,0,0,0,0,0,0,48.8,0.2430073053892216,24.4,0,73.2,66.6679007774898,102.38386060606061,0,29.315940182926823,75,1.8
2026/04/16 10:35:00,0,0,0,0,0,0,47.2,0.1996686301369863,24.8,,72,65.55019615409353,62.18054295302014,,11.030041148648651,75,3
2026/04/16 10:40:00,0,0,0,0,0,0,44.4,0.27068387596899224,25.8,0,70.2,63.24748490945674,58.51068712121212,0,32.73892121212121,75,4.8
2026/04/16 10:45:00,0,0,0,0,0,0,44.8,0.2262244029850746,27.6,0,72.4,61.88066756704611,52.7114303030303,0,33.51253977272727,75,2.6
2026/04/16 10:50:00,0,0,0,0,0,0,45,0.5508898518518519,29.8,0,74.8,60.16216216216217,55.44253138686131,0,39.044485547445255,75,0.2
2026/04/16 10:55:00,0,0,0,0,0,0,45,0.2099865873015873,30,0,75,60,93.23031666666667,0,14.394738412698413,75,0
2026/04/16 11:00:00,0,0,0,0,0,0,44,0.09372535087719297,30,0,74,59.45945945945946,105.50513157894736,0,37.18128678571429,75,1
2026/04/16 11:05:00,0,0,0,0,0,0,44,0.25294941176470587,30.2,,74.2,59.3009009009009,56.6078931372549,,19.49389892156863,75,0.8
2026/04/16 11:10:00,0,0,0,0,0,0,43.2,0.1348283157894737,31,0,74.2,58.21981981981982,56.11697395833334,0,71.50192635416666,75,0.8
2026/04/16 11:15:00,0,0,0,0,0,0,42,0.5341143333333334,31,0,73,57.534246575342465,57.75539999999999,0,40.93162714285714,75,2
2026/04/16 11:20:00,0,0,0,0,0,0,42.8,0.44492119047619044,31.2,0,74,57.838380846600025,64.0085626506024,0,24.65970083333333,75,1
2026/04/16 11:25:00,0,0,0,0,0,0,43,0.3003328409090909,32,0,75,57.333333333333336,62.6049305882353,0,45.52090611764705,75,0
2026/04/16 11:30:00,0,0,0,0,0,0,43,0.37951851851851853,32,0,75,57.333333333333336,66.4443049382716,0,22.890015487804877,75,0
2026/04/16 11:35:00,0,0,0,0,0,0,42.4,0.20634971428571428,32,0,74.4,56.987387387387386,60.133988571428574,0,30.97144671428572,75,0.6
2026/04/16 11:40:00,0,0,0,0,0,0,42,0.12881264705882353,32,0,74,56.75675675675676,63.9430303030303,0,8.195354545454546,75,1
2026/04/16 11:45:00,0,0,0,0,0,0,41,0.7078935294117648,32.8,0,73.8,55.5572010366531,55.86957794117647,0,46.698138750000005,75,1.2
2026/04/16 11:50:00,0,0,0,0,0,0,40.4,0.8208734666666668,33.2,0,73.6,54.89078119215105,50.181582666666664,0,122.64242985714287,75,1.4
2026/04/16 11:55:00,0,0,0,0,0,0,40.4,0.6111156164383562,33.6,0,74,54.5945945945946,58.976949333333344,0,76.47799285714285,75,1
2026/04/16 12:00:00,0,0,0,0,0,0,41,1.192332048192771,33.8,0,74.8,54.81441441441441,49.28643950617283,0,143.90767355263156,75,0.2
2026/04/16 12:05:00,0,0,0,0,0,0,40,0.9057904494382023,34,0,74,54.05405405405405,404.8116911111111,0,92.98221929411764,75,1
2026/04/16 12:10:00,0,0,0,0,0,0,41,0.8696920212765958,33,0,74,55.4054054054054,519.5490361702127,0,46.855672808988764,75,1
2026/04/16 12:15:00,0,0,0,0,0,0,41.6,0.8268929166666665,33.4,0,75,55.46666666666666,499.32662553191483,0,65.37756666666668,75,0
2026/04/16 12:20:00,0,0,0,0,0,0,42,0.49672494252873567,33,0,75,56,634.2122488636363,0,28.208832409638557,75,0
2026/04/16 12:25:00,0,0,0,0,0,0,41.6,0.6189217647058823,33,0,74.6,55.76216216216217,152.1800806122449,0,99.67908578947369,75,0.4
2026/04/16 12:30:00,0,0,0,0,0,0,39.8,0.6823021052631578,33,0,72.8,54.658624957197205,43.249957142857134,0,136.02861672897197,75,2.2
2026/04/16 12:35:00,0,0,0,0,0,0,38.6,0.818957054263566,33,0,71.6,53.90845070422536,48.18383692307692,0,115.87659192000001,75,3.4
2026/04/16 12:40:00,0,0,0,0,0,0,38.4,0.34752762589928055,34.2,0,72.6,52.89641754430487,47.28288499999999,0,141.78292051851852,75,2.4
2026/04/16 12:45:00,0,0,0,0,0,0,39.8,0.49671145038167935,34.4,0,74.2,53.63963963963964,52.10459485294118,0,19.62304940740741,75,0.8
2026/04/16 12:50:00,0,0,0,0,0,0,40.6,0.6105944117647059,34.4,0,75,54.133333333333326,48.61784888888889,0,43.60379155555556,75,0
2026/04/16 12:55:00,0,0,0,0,0,0,41.4,0.7410574666666667,33,0,74.4,55.64324324324325,67.55510333333334,0,39.71900135135136,75,0.6
2026/04/16 13:00:00,0,0,0,0,0,0,41.4,0.7923133974358973,32.6,0,74,55.94594594594595,79.93520382165606,0,71.82041032051282,75,1
2026/04/16 13:05:00,0,0,0,0,0,0,41.2,0.5368845945945946,32.8,,74,55.67567567567568,162.86911045751634,,42.16101130718954,75,1
2026/04/16 13:10:00,0,0,0,0,0,0,41.4,0.937489523809524,32.4,0,73.8,56.09774157719363,53.75950821917809,0,57.46546739726028,75,1.2
2026/04/16 13:15:00,0,0,0,0,0,0,41,1.3142512587412587,32,0,73,56.164383561643845,69.35896275862068,0,96.27529586206899,75,2
2026/04/16 13:20:00,0,0,0,0,0,0,41,0.9927069930069929,32.6,,73.6,55.71304455140072,156.24755902777775,,65.73185784722222,75,1.4
2026/04/16 13:25:00,0,0,0,0,0,0,41,0.8422850344827586,34,,75,54.666666666666664,106.59096827586207,,45.55981,75,0
2026/04/16 13:30:00,0,0,0,0,0,0,41,0.703963355704698,34,0,75,54.666666666666664,220.93679333333333,0,54.30754873333333,75,0
2026/04/16 13:35:00,0,0,0,0,0,0,41.2,0.7320813333333333,32.4,0,73.6,55.97971121806738,87.48734899328859,0,31.89068566666667,75,1.4
2026/04/16 13:40:00,0,0,0,0,0,0,41,0.6275819999999999,32,0,73,56.164383561643845,46.85794266666667,0,19.57832773333333,75,2
2026/04/16 13:45:00,0,0,0,0,0,0,40.2,0.6146385333333333,33.6,,73.8,54.47611995557202,50.08893199999999,,32.2758046,75,1.2
2026/04/16 13:50:00,0,0,0,0,0,0,38.6,0.7033183802816902,34,0,72.6,53.16590563165905,52.93288531468532,0,33.321027832167836,75,2.4
2026/04/16 13:55:00,0,0,0,0,0,0,38,0.8938828275862067,35,,73,52.05870253815459,48.01104551724138,,37.98989268965517,75,2
2026/04/16 14:00:00,0,0,0,0,0,0,38,0.7672564583333332,35.8,0,73.8,51.49203998519067,55.1662690140845,0,32.88724190140845,75,1.2
2026/04/16 14:05:00,0,0,0,0,0,0,38.4,0.49472762962962963,35.6,0,74,51.891891891891895,63.764806617647054,0,21.54293242647059,75,1
2026/04/16 14:10:00,0,0,0,0,0,0,39.8,0.7865652777777777,35,0,74.8,53.207207207207205,60.233109722222224,0,47.376867430555556,75,0.2
2026/04/16 14:15:00,0,0,0,0,0,0,40,0.8099002255639097,35,,75,53.333333333333336,57.29493382352941,,37.32167580882353,75,0
2026/04/16 14:20:00,0,0,0,0,0,0,40.2,0.5545610606060606,34.8,0,75,53.6,67.49085769230769,0,52.63257160305343,75,0
2026/04/16 14:25:00,0,0,0,0,0,0,41,0.5249213740458014,34,0,75,54.666666666666664,62.41773615384616,0,27.920692923076924,75,0
2026/04/16 14:30:00,0,0,0,0,0,0,41,1.0085303703703703,34,0,75,54.666666666666664,58.033134328358216,0,56.23013201492537,75,0
2026/04/16 14:35:00,0,0,0,0,0,0,41,0.8013830434782608,34,0,75,54.666666666666664,58.98556666666667,0,53.96036876811594,75,0
2026/04/16 14:40:00,0,0,0,0,0,0,39.6,0.9038011764705882,33.8,0,73.4,53.95038874490929,59.90907259259258,0,96.1395574074074,75,1.6
2026/04/16 14:45:00,0,0,0,0,0,0,38.4,0.5170368750000001,33.2,0,71.6,53.627135721482624,59.30917323943663,0,51.78817950704226,75,3.4
2026/04/16 14:50:00,0,0,0,0,0,0,37.8,0.2617566666666667,34.8,,72.6,52.06621004566209,54.825662,,19.981733377483447,75,2.4
2026/04/16 14:55:00,0,0,0,0,0,0,37,0.44594689922480624,36.8,,73.8,50.136986301369866,52.04354545454545,,22.699725075757577,75,1.2
2026/04/16 15:00:00,0,0,0,0,0,0,37,0.3785606201550387,37.2,0,74.2,49.86666666666667,58.54660703124999,0,79.99948511811026,75,0.8
2026/04/16 15:05:00,0,0,0,0,0,0,36.2,0.817923937007874,38,0,74.2,48.785585585585586,60.02326587301588,0,78.42597866141732,75,0.8
2026/04/16 15:10:00,0,0,0,0,0,0,35,0.7580494871794871,36.4,0,71.4,49.02566081420027,61.56246363636364,0,61.10124322314051,71,0
2026/04/16 15:15:00,0,0,0,0,0,0,35,0.7584699122807017,35.4,,70.4,49.73073736536868,50.96439565217392,,48.914659130434785,70.4,0
2026/04/16 15:20:00,0,0,0,0,0,0,35,0.7542417757009346,33,,68,51.47058823529412,57.87709719626167,,31.10608675925926,68,0
2026/04/16 15:25:00,0,0,0,0,0,0,34,0.9772775247524752,31.8,,65.8,51.69776119402985,56.62196435643565,,62.12678613861385,65.6,0.4
2026/04/16 15:30:00,0,0,0,0,0,0,34,0.631072659574468,30,,64,53.125,52.97815416666668,,33.70660197916666,64,0
2026/04/16 15:35:00,0,0,0,0,0,0,34,0.43237406249999993,29.6,0,63.6,53.46230158730159,55.50615894736843,0,9.473868315789472,64,0.4
2026/04/16 15:40:00,0,0,0,0,0,0,35,0.8165692307692308,28,0,63,55.55555555555556,73.23803495145631,0,86.29672446601943,64,1
2026/04/16 15:45:00,0,0,0,0,0,0,35,0.8302661224489796,28.6,0,63.6,55.034722222222214,68.31842999999999,0,51.856571699999996,64,0.4
2026/04/16 15:50:00,0,0,0,0,0,0,33.8,0.5975167741935483,29,0,62.8,53.81512416794675,61.477233684210525,0,136.2698905263158,64,1.2
2026/04/16 15:55:00,0,0,0,0,0,0,33,0.6981764444444445,29,,62,53.225806451612904,75.69763595505617,,45.82606651685393,64,2
2026/04/16 16:00:00,0,0,0,0,0,0,33.4,0.6148542105263158,30.2,0,63.6,52.51488095238095,83.739364,0,35.6429748,64,0.4
2026/04/16 16:05:00,0,0,0,0,0,0,34,0.3789245333333333,30,0,64,53.125,65.20010833333333,0,47.07757849315069,64,0
2026/04/16 16:10:00,0,0,0,0,0,0,34,0.6155121333333333,30,,64,53.125,63.64350657894737,,76.76291551282051,64,0
2026/04/16 16:15:00,0,0,0,0,0,0,35.4,0.7266272368421053,28.6,0,64,55.3125,69.66255000000001,0,31.14753486842105,64,0
2026/04/16 16:20:00,0,0,0,0,0,0,35.2,0.742870138888889,28,,63.2,55.685483870967744,72.72671486486487,,37.59550986666667,64,0.8
2026/04/16 16:25:00,0,0,0,0,0,0,33,0.5373429230769231,28,0,61,54.0983606557377,72.71053538461538,0,178.75505307692308,64,3
2026/04/16 16:30:00,0,0,0,0,0,0,33,0.4325846031746032,29,0,62,53.23688650499862,68.7933396825397,0,23.628033015873015,64,2
2026/04/16 16:35:00,0,0,0,0,0,0,31.8,1.0270771666666667,31,0,62.8,50.63492063492063,61.02069166666668,0,46.614771147540985,64,1.2
2026/04/16 16:40:00,0,0,0,0,0,0,31.4,0.5596307272727272,30.2,0,61.6,50.973030142781596,51.30939444444444,0,25.08546722222222,64,2.4
2026/04/16 16:45:00,0,0,0,0,0,0,31,0.8650383333333332,31.6,,62.6,49.52380952380953,49.60364814814815,,53.88139890909091,64,1.4
2026/04/16 16:50:00,0,0,0,0,0,0,31,0.5286935416666666,33,,64,48.4375,49.687948,,20.435622,64,0
2026/04/16 16:55:00,0,0,0,0,0,0,28.4,0.9181368888888888,31.4,,59.8,47.48991121872478,49.86027391304348,,49.584534042553194,61.6,1.8
2026/04/16 17:00:00,0,0,0,0,0,0,27.6,0.45105500000000004,30.6,,58.2,47.42777824162979,51.7380975,,19.97805675,59.4,1.4
2026/04/16 17:05:00,0,0,0,0,0,0,26.2,0.6790468749999999,30,,56.2,46.60970608339029,52.64039999999999,,38.359788125,57,0.8
2026/04/16 17:10:00,0,0,0,0,0,0,24.2,0.9480083333333335,28.2,,52.4,46.19720279720279,55.943593333333325,,45.210714,54.6,2.2
2026/04/16 17:15:00,0,0,0,0,0,0,23,1.2054443333333331,27.4,,50.4,45.63921568627451,51.78176666666666,,77.870554,52,2.2
2026/04/16 17:20:00,0,0,0,0,0,0,21.6,1.3493646666666665,26.4,,48,45.00567375886525,59.397996666666664,,80.81109633333332,48,0.4
2026/04/16 17:25:00,0,0,0,0,0,0,21,1.9626070833333333,25.2,,46.2,45.47517730496453,53.067808695652175,,111.20036173913044,46.8,0.6
2026/04/16 17:30:00,0,0,0,0,0,0,20.2,3.0399009999999995,24,,44.2,45.69696969696969,53.73895,,169.16979750000002,45,0.8
2026/04/16 17:35:00,0,0,0,0,0,0,20,2.758171,22.8,,42.8,46.784922394678496,55.299099999999996,,146.51317,42.6,0.6
2026/04/16 17:40:00,0,0,0,0,0,0,20,2.377787,22,,42,47.61904761904762,54.846399999999996,,112.6499695,42,0
2026/04/16 17:45:00,0,0,0,0,0,0,19.6,1.3398495000000001,20.4,,40,49.01098901098901,55.90481,,48.7879445,40,0.4
2026/04/16 17:50:00,0,0,0,0,0,0,18.8,0.4789474999999999,20,,38.8,48.44804318488529,53.98134375,,22.39487625,39.6,0.8
2026/04/16 17:55:00,0,0,0,0,0,0,17.8,0.5708740000000001,20,,37.8,47.08392603129445,55.59116,,15.652505999999999,38,0.2
2026/04/16 18:00:00,0,0,0,0,0,0,15.4,1.9155260000000003,19.2,,34.6,44.48330683624802,54.89233999999999,,76.407696,36.4,1.8
2026/04/16 18:05:00,0,0,0,0,0,0,14.4,1.1733280000000001,18.6,,33,43.64901385774251,54.09156,,21.76901,34.8,1.8
2026/04/16 18:10:00,0,0,0,0,0,0,13.4,0.766789,19,,32.4,41.34469696969697,56.83784000000001,,29.843361999999996,32.6,0.4
2026/04/16 18:15:00,0,0,0,0,0,0,12.2,0.02032,17,,29.2,41.770114942528735,55.11342,,0.6993240000000001,31,1.8
2026/04/16 18:20:00,0,0,0,0,0,0,12,0.00010833333333333333,17,,29,41.41871921182266,69.67906666666666,,0.003493333333333333,29.2,0.6
2026/04/16 18:25:00,0,0,0,0,0,0,12,0,16,,28,42.857142857142854,77.15404000000001,,0,28,0
2026/04/16 18:30:00,0,0,0,0,0,0,11,0.38623,15.2,0,26.2,41.994301994302,87.70643333333334,0,349.608095,27,0.8
2026/04/16 18:35:00,0,0,0,0,0,0,11.6,0.45023545454545455,13.8,0,25.4,45.753846153846155,79.58824166666666,0,96.50809333333335,25.8,0.6
2026/04/16 18:40:00,0,0,0,0,0,0,10.2,1.1285228571428572,13,,23.2,43.94927536231884,63.05919166666666,,29.483693333333335,25,1.8
2026/04/16 18:45:00,0,0,0,0,0,0,9.8,0.01691125,11.6,0,21.4,45.838509316770185,65.278925,0,19.851615,22,0.8
2026/04/16 18:50:00,0,0,0,0,0,0,9,0,11.2,,20.2,44.661654135338345,82.66632,,7.716252,21.2,1
2026/04/16 18:55:00,0,0,0,0,0,0,9,0,10.4,,19.4,46.421052631578945,82.43011428571428,,0.22129,20,0.6
2026/04/16 19:00:00,0,0,0,0,0,0,8,0,10.2,0,18.2,43.9766081871345,32.2622,0,0,19,0.8
2026/04/16 19:05:00,0,0,0,0,0,0,7.2,,9.8,,17,42.34477124183007,,,,17.8,1
2026/04/16 19:10:00,0,0,0,0,0,0,7,,9,,16,43.75,,,,16,0
2026/04/16 19:15:00,0,0,0,0,0,0,7,,8.4,,15.4,45.49999999999999,,,,15.4,0
2026/04/16 19:20:00,0,0,0,0,0,0,7,,8,,15,46.666666666666664,,,,15,0
2026/04/16 19:25:00,0,0,0,0,0,0,6.8,,7.2,,14,48.56410256410256,,,,14,0.2
2026/04/16 19:30:00,0,0,0,0,0,0,6,,6.8,,12.8,46.92307692307692,,,,13.2,0.6
2026/04/16 19:35:00,0,0,0,0,0,0,6,,6,,12,50,,,,12,0
2026/04/16 19:40:00,0,0,0,0,0,0,6,,5.6,,11.6,51.81818181818183,,,,11.4,0
2026/04/16 19:45:00,0,0,0,0,0,0,6,,5,,11,54.54545454545455,,,,11,0
2026/04/16 19:50:00,0,0,0,0,0,0,5.4,,5,,10.4,51.61616161616162,,,,11,0.6
2026/04/16 19:55:00,0,0,0,0,0,0,4,,5,,9,44.44444444444444,,,,11,2
2026/04/16 20:00:00,0,0,0,0,0,0,4,0.21079999999999996,6,0,10,40.323232323232325,36.6337,0,218.285464,11,1
2026/04/16 20:05:00,0,0,0,0,0,0,4,0.010065000000000001,7,,11,36.36363636363637,29.107639999999996,,0.9860740000000001,11,0
2026/04/16 20:10:00,0,0,0,0,0,0,4,0,7,,11,36.36363636363637,30.8942,,0.004492,11,0
2026/04/16 20:15:00,0,0,0,0,0,0,4,0,6.4,,10.4,38.54545454545455,30.804520000000004,,0.000019999999999999998,10.4,0
2026/04/16 20:20:00,0,0,0,0,0,0,3.4,0,6,,9.4,36.00000000000001,31.344240000000003,,0,10,0.6
2026/04/16 20:25:00,0,0,0,0,0,0,3,0,5.4,,8.4,35.833333333333336,30.81972,,0,8,0
2026/04/16 20:30:00,0,0,0,0,0,0,3,0,5,,8,37.5,28.047300000000003,,0,8,0
2026/04/16 20:35:00,0,0,0,0,0,0,3,,4.2,,7.2,41.78571428571429,,,,7,0
2026/04/16 20:40:00,0,0,0,0,0,0,2.6,,4,,6.6,39.04761904761905,,,,6.6,0.2
2026/04/16 20:45:00,0,0,0,0,0,0,2,,2,,4,50,,,,5,1
2026/04/16 20:50:00,0,0,0,0,0,0,2,,2.6,,4.6,44,,,,5,0.4
2026/04/16 20:55:00,0,0,0,0,0,0,1.6,,3,,4.6,34,,,,5,0.4
2026/04/16 21:00:00,0,0,0,0,0,0,1,,3,,4,25,,,,5,1
2026/04/16 21:05:00,0,0,0,0,0,0,1,,3.2,,4.2,24,,,,4.6,0.6
2026/04/16 21:10:00,0,0,0,0,0,0,1,,3,,4,25,,,,4,0
2026/04/16 21:15:00,0,0,0,0,0,0,1,,3,,4,25,,,,4,0
2026/04/16 21:20:00,0,0,0,0,0,0,1,,3,,4,25,,,,4,0
2026/04/16 21:25:00,0,0,0,0,0,0,1,0.012991999999999998,3,0,4,25,188.86797499999997,0,1113.0353625,4,0
2026/04/16 21:30:00,0,0,0,0,0,0,1,0,3,,4,25,31.48624,,12.530462,4,0
2026/04/16 21:35:00,0,0,0,0,0,0,1,0.010151666666666666,3,,4,25,30.25528,,2.1482680000000003,4,0
2026/04/16 21:40:00,0,0,0,0,0,0,1,0,3,,4,25,30.042199999999998,,0.717252,4,0
2026/04/16 21:45:00,0,0,0,0,0,0,1,0,3,,4,25,29.21564,,0.714312,4,0
2026/04/16 21:50:00,0,0,0,0,0,0,1,0,3,,4,25,30.22616,,0.714522,4,0
2026/04/16 21:55:00,0,0,0,0,0,0,1,0.01457,3,,4,25,29.688325,,0.764655,4,0
2026/04/16 22:00:00,0,0,0,0,0,0,1,,3,,4,25,,,,4,0
2026/04/16 22:05:00,0,0,0,0,0,0,1,,3,,4,25,,,,4,0
2026/04/16 22:10:00,0,0,0,0,0,0,1,,3,,4,25,,,,4,0
2026/04/16 22:15:00,0,0,0,0,0,0,1,,3,,4,25,,,,4,0
2026/04/16 22:20:00,0,0,0,0,0,0,1,,3,,4,25,,,,4,0
2026/04/16 22:25:00,0,0,0,0,0,0,1,,3,,4,25,,,,4,0
2026/04/16 22:30:00,0,0,0,0,0,0,1,,3,,4,25,,,,4,0
2026/04/16 22:35:00,0,0,0,0,0,0,1,,3,,4,25,,,,4,0
2026/04/16 22:40:00,0,0,0,0,0,0,1,,3,,4,25,,,,4,0
2026/04/16 22:45:00,0,0,0,0,0,0,1,,3,,4,25,,,,4,0
2026/04/16 22:50:00,0,0,0,0,0,0,1,0.2490175,3,0,4,25,52.48223333333334,0,387.23045333333334,4,0
2026/04/16 22:55:00,0,0,0,0,0,0,1,0,3,,4,25,29.3671,,9.203868,4,0
2026/04/16 23:00:00,0,0,0,0,0,0,1,0,3,,4,25,29.74948,,0.041664,4,0
2026/04/16 23:05:00,0,0,0,0,0,0,1,0,3,,4,25,30.01524,,0.000194,4,0
2026/04/16 23:10:00,0,0,0,0,0,0,1,0,3,,4,25,34.42848,,0,4,0
2026/04/16 23:15:00,0,0,0,0,0,0,1,0,3,,4,25,29.009680000000003,,0,4,0
2026/04/16 23:20:00,0,0,0,0,0,0,1,0,3,,4,25,29.7225,,0,4,0
2026/04/16 23:25:00,0,0,0,0,0,0,1,,3,,4,25,,,,4,0
2026/04/16 23:30:00,0,0,0,0,0,0,1,,3,,4,25,,,,4,0
2026/04/16 23:35:00,0,0,0,0,0,0,1,,3,,4,25,,,,4,0
2026/04/16 23:40:00,0,0,0,0,0,0,1,,3,,4,25,,,,4,0
2026/04/16 23:45:00,0,0,0,0,0,0,1,,3,,4,25,,,,4,0
2026/04/16 23:50:00,0,0,0,0,0,0,1,,3,,4,25,,,,4,0
2026/04/16 23:55:00,0,0,0,0,0,0,1,,3,,4,25,,,,4,0
2026/04/17 00:00:00,0,0,0,0,0,0,1,,3,,4,25,,,,4,0
2026/04/17 00:05:00,0,0,0,0,0,0,1,,3,,4,25,,,,4,0
2026/04/17 00:10:00,0,0,0,0,0,0,1,,3,,4,25,,,,4,0
2026/04/17 00:15:00,0,0,0,0,0,0,1,0.039613333333333334,3,0,4,25,630.0344500000001,0,80.002325,4,0
2026/04/17 00:20:00,0,0,0,0,0,0,1,0,3,,4,25,63.6553,,3.905462,4,0
2026/04/17 00:25:00,0,0,0,0,0,0,1,0,3,,4,25,30.425079999999998,,0.730542,4,0
2026/04/17 00:30:00,0,0,0,0,0,0,1,0,3,,4,25,29.694799999999997,,0.7118599999999999,4,0
2026/04/17 00:35:00,0,0,0,0,0,0,1,0,3,,4,25,29.02104,,0.716518,4,0
2026/04/17 00:40:00,0,0,0,0,0,0,1,0,3,,4,25,30.149039999999996,,0.716974,4,0
2026/04/17 00:45:00,0,0,0,0,0,0,1,0,3,,4,25,28.21452,,0.717438,4,0
2026/04/17 00:50:00,0,0,0,0,0,0,1,,3,,4,25,27.7186,,0.41401,4,0
2026/04/17 00:55:00,0,0,0,0,0,0,1,,3,,4,25,,,,4,0
2026/04/17 01:00:00,0,0,0,0,0,0,1,,3,,4,25,,,,4,0
2026/04/17 01:05:00,0,0,0,0,0,0,1,,3,,4,25,,,,4,0
2026/04/17 01:10:00,0,0,0,0,0,0,1,,3,,4,25,,,,4,0
2026/04/17 01:15:00,0,0,0,0,0,0,1,,3,,4,25,,,,4,0
2026/04/17 01:20:00,0,0,0,0,0,0,1,,3,,4,25,,,,4,0
2026/04/17 01:25:00,0,0,0,0,0,0,1,,3,,4,25,,,,4,0
2026/04/17 01:30:00,0,0,0,0,0,0,1,,3,,4,25,,,,4,0
2026/04/17 01:35:00,0,0,0,0,0,0,1,,3,,4,25,,,,4,0
2026/04/17 01:40:00,0,0,0,0,0,0,1,1.3429200000000001,3,0,4,25,29.5122,0,691.76242,4,0
2026/04/17 01:45:00,0,0,0,0,0,0,1,0,3,,4,25,28.5557,,71.061996,4,0
2026/04/17 01:50:00,0,0,0,0,0,0,1,0,3,,4,25,30.265480000000004,,0.323236,4,0
2026/04/17 01:55:00,0,0,0,0,0,0,1,0,3,,4,25,33.186,,0.001448,4,0
2026/04/17 02:00:00,0,0,0,0,0,0,1,0,3,,4,25,31.357639999999996,,0.000006000000000000001,4,0
2026/04/17 02:05:00,0,0,0,0,0,0,1,0,3,,4,25,29.909280000000003,,0,4,0
2026/04/17 02:10:00,0,0,0,0,0,0,1,0,3,,4,25,29.43755,,0,4,0
2026/04/17 02:15:00,0,0,0,0,0,0,1,,3,,4,25,,,,4,0
2026/04/17 02:20:00,0,0,0,0,0,0,1,,3,,4,25,,,,4,0
2026/04/17 02:25:00,0,0,0,0,0,0,1,,3,,4,25,,,,4,0
2026/04/17 02:30:00,0,0,0,0,0,0,1,,3,,4,25,,,,4,0
2026/04/17 02:35:00,0,0,0,0,0,0,1,,3,,4,25,,,,4,0
2026/04/17 02:40:00,0,0,0,0,0,0,1,,3,,4,25,,,,4,0
2026/04/17 02:45:00,0,0,0,0,0,0,1,,3,,4,25,,,,4,0
2026/04/17 02:50:00,0,0,0,0,0,0,1,,3,,4,25,,,,4,0
2026/04/17 02:55:00,0,0,0,0,0,0,1,,3,,4,25,,,,4,0
2026/04/17 03:00:00,0,0,0,0,0,0,1,,3,,4,25,,,,4,0
2026/04/17 03:05:00,0,0,0,0,0,0,1,0.26391000000000003,3,0,4,25,104.8986,0,337.03298,4,0
2026/04/17 03:10:00,0,0,0,0,0,0,1,0,3,,4,25,30.969099999999997,,33.897766000000004,4,0
2026/04/17 03:15:00,0,0,0,0,0,0,1,0,3,,4,25,29.1036,,0.15697599999999998,4,0
2026/04/17 03:20:00,0,0,0,0,0,0,1,0,3,,4,25,28.311880000000002,,0.0007259999999999999,4,0
2026/04/17 03:25:00,0,0,0,0,0,0,1,0,3,,4,25,27.959960000000002,,0.0000020000000000000003,4,0
2026/04/17 03:30:00,0,0,0,0,0,0,1,0,3,,4,25,28.74508,,0,4,0
2026/04/17 03:35:00,0,0,0,0,0,0,1,0,3,,4,25,29.118759999999998,,0,4,0
2026/04/17 03:40:00,0,0,0,0,0,0,1,0,3,,4,25,29.0016,,0,4,0
2026/04/17 03:45:00,0,0,0,0,0,0,1,,3,,4,25,,,,4,0
2026/04/17 03:50:00,0,0,0,0,0,0,1,,3,,4,25,,,,4,0
2026/04/17 03:55:00,0,0,0,0,0,0,1,,3,,4,25,,,,4,0
2026/04/17 04:00:00,0,0,0,0,0,0,1,,3,,4,25,,,,4,0
2026/04/17 04:05:00,0,0,0,0,0,0,1,,3,,4,25,,,,4,0
2026/04/17 04:10:00,0,0,0,0,0,0,1,,3,,4,25,,,,4,0
2026/04/17 04:15:00,0,0,0,0,0,0,1,,3,,4,25,,,,4,0
2026/04/17 04:20:00,0,0,0,0,0,0,1,,3,,4,25,,,,4,0
2026/04/17 04:25:00,0,0,0,0,0,0,1,,3,,4,25,,,,4,0
2026/04/17 04:30:00,0,0,0,0,0,0,1,,3,,4,25,,,,4,0
2026/04/17 04:35:00,0,0,0,0,0,0,1,,3,,4,25,,,,4,0
2026/04/17 04:40:00,0,0,0,0,0,0,1,,3,,4,25,,,,4,0
2026/04/17 04:45:00,0,0,0,0,0,0,1,,3,,4,25,,,,4,0
2026/04/17 04:50:00,0,0,0,0,0,0,1,,3,,4,25,,,,4,0
2026/04/17 04:55:00,0,0,0,0,0,0,1,,3,,4,25,,,,4,0
2026/04/17 05:00:00,0,0,0,0,0,0,1,,3,,4,25,,,,28.8,24.8
2026/04/17 05:05:00,0,0,0,0,0,0,1,,3,,4,25,,,,35,31
2026/04/17 05:10:00,0,0,0,0,0,0,1,,26,,27,5.880952380952381,,,,35,8
2026/04/17 05:15:00,0,0,0,0,0,0,1,,34,,35,2.857142857142857,,,,35,0
2026/04/17 05:20:00,0,0,0,0,0,0,1.2,,33.8,0,35,3.4285714285714284,,0,,35,0
2026/04/17 05:25:00,0,0,0,0,0,0,2,0.701068,33,0,35,5.714285714285714,71.86554,0,19.758688,35,0
2026/04/17 05:30:00,0,0,0,0,0,0,2,0.122924,33,,35,5.714285714285714,48.49512,,10.380026,35,0
2026/04/17 05:35:00,0,0,0,0,0,0,2,0.514056,33,,35,5.714285714285714,48.62128,,8.677876000000001,35,0
2026/04/17 05:40:00,0,0,0,0,0,0,2,1.6780483333333336,32.6,0,34.6,5.781512605042017,103.24475,0,44.742825,35,0.4
2026/04/17 05:45:00,0,0,0,0,0,0,2,2.1845369999999997,32,0,34,5.882352941176471,93.74244,0,89.622282,35,1
2026/04/17 05:50:00,0,0,0,0,0,0,3,0.3030226666666668,31.8,0,34.8,8.621848739495798,83.53001428571429,0,9.569163571428572,35,0.2
2026/04/17 05:55:00,0,0,0,0,0,0,3.8,0.4246447368421053,31.2,0,35,10.857142857142858,79.24025555555555,0,15.181409444444443,35,0
2026/04/17 06:00:00,0,0,0,0,0,0,6,0.37497636363636366,29,0,35,17.142857142857146,131.51796956521738,0,15.394245652173911,35,0
2026/04/17 06:05:00,0,0,0,0,0,0,7,1.134332258064516,28,0,35,20,52.32907999999999,0,59.94498599999999,35,0
2026/04/17 06:10:00,0,0,0,0,0,0,8.8,0.9520213513513514,26.2,0,35,25.142857142857142,62.34043611111112,0,37.972589166666666,35,0
2026/04/17 06:15:00,0,0,0,0,0,0,12,0.5654907407407408,23,0,35,34.285714285714285,68.44054807692308,0,23.12043884615385,35,0
2026/04/17 06:20:00,0,0,0,0,0,0,13,0.46480915254237287,22,,35,37.142857142857146,58.173755,,16.85435233333333,35,0
2026/04/17 06:25:00,0,0,0,0,0,0,13.2,0.16382416666666666,21.8,0,35,37.714285714285715,62.522706666666664,0,7.011969666666666,35,0
2026/04/17 06:30:00,0,0,0,0,0,0,14.4,0.6485052307692307,20.6,0,35,41.142857142857146,58.33115000000001,0,22.894589999999997,35,0
2026/04/17 06:35:00,0,0,0,0,0,0,17.2,0.47349415584415583,17.8,0,35,49.14285714285714,59.75075657894737,0,21.54710657894737,35,0
2026/04/17 06:40:00,0,0,0,0,0,0,20.6,0.7727007368421053,13.4,0,34,60.588235294117645,61.411408333333334,0,39.43177750000001,35,1
2026/04/17 06:45:00,0,0,0,0,0,0,23.6,0.882395462962963,10.6,0,34.2,69.00840336134453,101.64919363636363,0,44.515534403669726,37.6,3.4
2026/04/17 06:50:00,0,0,0,0,0,0,25.4,0.9326837606837607,9.6,0,35,72.57142857142857,231.342062184874,0,76.20885894736841,40.2,5.2
2026/04/17 06:55:00,0,0,0,0,0,0,28,0.8657486821705426,10,0,38,73.66342050552576,51.49887786259542,0,40.21836865079366,42.8,4.8
2026/04/17 07:00:00,0,0,0,0,0,0,30.2,0.8123360000000001,9.2,0,39.4,76.64102564102564,63.20465317460318,0,50.85294357142856,43.4,4
2026/04/17 07:05:00,0,0,0,0,0,0,31.8,0.8750362595419847,10.2,0,42,75.71428571428571,169.0125606060606,0,80.45879234848485,44,2
2026/04/17 07:10:00,0,0,0,0,0,0,34.8,0.6794242222222222,8.8,0,43.6,79.8202959830867,66.04077872340426,0,55.47384092198581,45,1.4
2026/04/17 07:15:00,0,0,0,0,0,0,37.4,0.7524710126582279,6.6,0,44,85,105.71168205128207,0,62.97036807692308,46.6,2.6
2026/04/17 07:20:00,0,0,0,0,0,0,39,0.5473178235294117,6.2,0,45.2,86.30698287220028,322.43972662721893,0,29.923830355029587,49.6,4.4
2026/04/17 07:25:00,0,0,0,0,0,0,41,0.5919439655172414,5.6,0,46.6,87.98103607770582,115.81173672316382,0,32.28423259887006,50,3.4
2026/04/17 07:30:00,0,0,0,0,0,0,42.8,0.6780948387096773,6.6,0,49.4,86.62857142857142,167.16057647058827,0,44.03920582887701,51,1.6
2026/04/17 07:35:00,0,0,0,0,0,0,44.8,0.874646582914573,5.2,0,50,89.6,199.48841464646463,0,54.410094191919185,51,1
2026/04/17 07:40:00,0,0,0,0,0,0,45.4,0.8735184343434343,5.6,0,51,89.01960784313725,233.3099184079602,0,47.37454895522388,55.8,4.8
2026/04/17 07:45:00,0,0,0,0,0,0,46,0.9120500995024877,5,,51,90.19607843137256,122.35009045226133,,60.12141855,75,24
2026/04/17 07:50:00,0,0,0,0,0,0,47.2,0.8373174489795919,7.8,0,55,87.0777849601379,140.59383553299492,0,43.76463969543148,75,20
2026/04/17 07:55:00,0,0,0,0,0,0,48.8,0.39626752427184464,26,0,74.8,65.23963963963963,59.85735797101449,0,68.33639396135264,75,0.2
2026/04/17 08:00:00,0,0,0,0,0,0,50.4,0.4555838028169014,24,0,74.4,67.74054054054054,107.59472465116279,0,33.98361638888888,75,0.6
2026/04/17 08:05:00,0,0,0,0,0,0,51,0.3633045454545454,23,0,74,68.91891891891892,211.36961497584542,0,23.632336490384617,75,1
2026/04/17 08:10:00,0,0,0,0,0,0,51.8,0.3429897641509434,22.8,0,74.6,69.43783783783783,202.66875164319248,0,23.340067042253523,75,0.4
2026/04/17 08:15:00,0,0,0,0,0,0,52,0.412296425120773,23,0,75,69.33333333333333,223.98756095238093,0,21.546612761904765,75,0
2026/04/17 08:20:00,0,0,0,0,0,0,52.6,0.6959312735849057,22.4,0,75,70.13333333333334,75.38670141509435,0,50.38216816037737,75,0
2026/04/17 08:25:00,0,0,0,0,0,0,53,0.9059013425925926,22,0,75,70.66666666666667,79.26060688073395,0,54.605118119266066,75,0
2026/04/17 08:30:00,0,0,0,0,0,0,53,0.6693919907407407,22,,75,70.66666666666667,232.23439116279073,,66.54928976744186,75,0
2026/04/17 08:35:00,0,0,0,0,0,0,54.4,0.4190902304147466,20.6,0,75,72.53333333333333,275.3827812785388,0,34.65222675799087,75,0
2026/04/17 08:40:00,0,0,0,0,0,0,55,0.6551030180180181,20,0,75,73.33333333333333,198.35364260089682,0,50.77404295964126,75,0
2026/04/17 08:45:00,0,0,0,0,0,0,54.6,0.5974224778761063,20,0,74.6,73.1891891891892,84.53945066666667,0,34.65221566371681,75,0.4
2026/04/17 08:50:00,0,0,0,0,0,0,54,0.5327289912280702,20,0,74,72.97297297297297,258.3430737991266,0,36.509976724890834,75,1
2026/04/17 08:55:00,0,0,0,0,0,0,54,0.8002971300448432,20.6,0,74.6,72.38918918918918,219.52320852017937,0,44.14644255605381,75,0.4
2026/04/17 09:00:00,0,0,0,0,0,0,53.4,0.6146619457013573,21,,74.4,71.77297297297297,231.51071772727275,,34.097311045454546,75,0.6
2026/04/17 09:05:00,0,0,0,0,0,0,52.6,0.7208452654867256,21,0,73.6,71.46612365790449,151.154410619469,0,47.93795586666667,75,1.4
2026/04/17 09:10:00,0,0,0,0,0,0,52,0.6722842794759825,21.8,,73.8,70.46279155868197,249.65354612068967,,40.544677753303965,75,1.2
2026/04/17 09:15:00,0,0,0,0,0,0,52,0.8854944843049326,22.6,,74.6,69.7081081081081,259.20816177777783,,71.22010313636365,75,0.4
2026/04/17 09:20:00,0,0,0,0,0,0,52.4,0.9350776146788992,22.6,0,75,69.86666666666667,465.224699078341,0,42.05609216981132,75,0
2026/04/17 09:25:00,0,0,0,0,0,0,53,0.8834440552995392,22,0,75,70.66666666666667,402.8449685185185,0,47.042827725118485,75,0
2026/04/17 09:30:00,0,0,0,0,0,0,53,0.9363269801980197,22,0,75,70.66666666666667,273.161062254902,0,55.425582350000006,75,0
2026/04/17 09:35:00,0,0,0,0,0,0,53,0.7037448756218906,22,0,75,70.66666666666667,238.24570599999998,0,59.79467774358974,75,0
2026/04/17 09:40:00,0,0,0,0,0,0,53,0.6990738536585368,22,0,75,70.66666666666667,286.53340295566505,0,52.318991666666655,75,0
2026/04/17 09:45:00,0,0,0,0,0,0,53,0.8105658536585366,22,0,75,70.66666666666667,237.8715882352941,0,47.80986606965174,75,0
2026/04/17 09:50:00,0,0,0,0,0,0,52,0.6994230569948187,22,,74,70.27027027027027,199.1486402061856,,39.58393618556701,75,1
2026/04/17 09:55:00,0,0,0,0,0,0,52,0.7370962433862435,22.2,,74.2,70.08288288288288,130.57766137566136,,51.45822222222222,75,0.8
2026/04/17 10:00:00,0,0,0,0,0,0,51.6,0.6196350264550265,23,0,74.6,69.16756756756756,99.96927219251334,0,67.60266459893047,75,0.4
2026/04/17 10:05:00,0,0,0,0,0,0,50,0.41541031914893617,23,0,73,68.4931506849315,55.67441968085107,0,41.1115464893617,75,2
2026/04/17 10:10:00,0,0,0,0,0,0,50,0.44498502732240436,23.6,0,73.6,67.94273725780576,243.65049337016575,0,39.91727455555555,75,1.4
2026/04/17 10:15:00,0,0,0,0,0,0,49.6,0.299235523255814,25,0,74.6,66.48648648648648,225.03369942196528,0,59.3154574566474,75,0.4
2026/04/17 10:20:00,0,0,0,0,0,0,49,0.19032670520231215,25,,74,66.21621621621621,312.0203847953216,,12.875369824561403,75,1
2026/04/17 10:25:00,0,0,0,0,0,0,49,0.28874306250000004,25.4,0,74.4,65.86306306306305,251.13809440993785,0,16.562957515527952,75,0.6
2026/04/17 10:30:00,0,0,0,0,0,0,48.8,0.264153,24.6,0,73.4,66.48648648648648,280.89457375,0,32.6370274375,75,1.6
2026/04/17 10:35:00,0,0,0,0,0,0,48.2,0.37955114864864864,24.4,0,72.6,66.39269406392694,640.8603382550336,0,38.577449527027035,75,2.4
2026/04/17 10:40:00,0,0,0,0,0,0,48,0.42942798449612407,25.8,0,73.8,65.04257682339876,420.4160717557252,0,41.89922798449612,75,1.2
2026/04/17 10:45:00,0,0,0,0,0,0,48,0.7179628813559321,27,,75,64,463.08541864406783,,65.90969194915255,75,0
2026/04/17 10:50:00,0,0,0,0,0,0,48,0.6317501818181818,27,,75,64,598.8297154545454,,31.560351181818184,75,0
2026/04/17 10:55:00,0,0,0,0,0,0,46.8,0.4283334862385322,27,0,73.8,63.408219178082184,392.9593888888889,0,25.808706944444438,75,1.2
2026/04/17 11:00:00,0,0,0,0,0,0,46,0.8470879787234044,27,0,73,63.01369863013699,79.86153578947369,0,48.99844355555555,75,2
2026/04/17 11:05:00,0,0,0,0,0,0,45.8,0.8674441860465116,28.6,,74.4,61.56490188818957,229.20633176470588,,80.08394524390245,75,0.6
2026/04/17 11:10:00,0,0,0,0,0,0,45,0.3305491428571428,29,0,74,60.810810810810814,380.85275416666667,0,15.878371267605637,75,1
2026/04/17 11:15:00,0,0,0,0,0,0,45,0.5059299999999999,29.4,,74.4,60.48648648648649,149.27570615384616,,27.011344615384616,75,0.6
2026/04/17 11:20:00,0,0,0,0,0,0,44.2,0.11492161290322579,30,,74.2,59.567567567567565,158.4776870967742,,7.803539354838709,75,0.8
2026/04/17 11:25:00,0,0,0,0,0,0,43,0.1725458064516129,30.2,0,73.2,58.7449092928545,439.73350666666664,0,20.658420166666666,75,1.8
2026/04/17 11:30:00,0,0,0,0,0,0,40.6,0.0525629090909091,31.2,0,71.8,56.52484920630782,667.5008719298245,0,2.8787498245614036,75,3.2
2026/04/17 11:35:00,0,0,0,0,0,0,39,0.010325818181818184,32.2,0,71.2,54.77699530516433,594.0239,0,74.49847654545454,75,3.8
2026/04/17 11:40:00,0,0,0,0,0,0,39,0.022589019607843142,35.4,,74.4,52.43333333333332,184.51987884615386,,61.80444461538462,75,0.6
2026/04/17 11:45:00,0,0,0,0,0,0,39,0.0897873076923077,36,0,75,52,55.59291538461538,0,5.398549615384615,75,0
2026/04/17 11:50:00,0,0,0,0,0,0,39,0.09368480769230768,36,0,75,52,275.81708888888886,0,6.4625403846153855,75,0
2026/04/17 11:55:00,0,0,0,0,0,0,38.4,0.5753479365079366,35.8,0,74.2,51.75135135135135,160.0466171875,0,165.4569452542373,75,0.8
2026/04/17 12:00:00,0,0,0,0,0,0,39,0.4048610606060606,35,0,74,52.702702702702695,147.52168923076925,0,26.75048890625,75,1
2026/04/17 12:05:00,0,0,0,0,0,0,39,0.45189414285714286,32.8,0,71.8,54.34366197183099,52.199438805970146,0,71.68665164179104,71,0
2026/04/17 12:10:00,0,0,0,0,0,0,39.2,0.4608997222222222,31.6,0,70.8,55.3682092555332,271.9215013888889,0,60.1969238888889,71,0.2
2026/04/17 12:15:00,0,0,0,0,0,0,39.4,0.5817527631578948,30.6,0,70,56.28571428571429,701.5358671052633,0,22.618177236842108,71,1
2026/04/17 12:20:00,0,0,0,0,0,0,39.2,0.8646538043478261,30.4,0,69.6,56.32298136645962,143.0279465909091,0,95.47398363636363,71,1.4
2026/04/17 12:25:00,0,0,0,0,0,0,39,0.5080366666666666,30.4,0,69.4,56.19875776397515,201.21435784313726,0,21.588135686274512,71,1.6
2026/04/17 12:30:00,0,0,0,0,0,0,39,0.5434638532110092,31,0,70,55.71428571428571,54.2813429906542,0,53.86322691588785,71,1
2026/04/17 12:35:00,0,0,0,0,0,0,37,0.7562714166666666,31.2,0,68.2,54.24616050183863,65.6427479338843,0,70.18556325,71,2.8
2026/04/17 12:40:00,0,0,0,0,0,0,34.8,0.7976699999999999,31.6,0,66.4,52.41519674355495,57.047260305343514,0,85.50046523076924,71,4.6
2026/04/17 12:45:00,0,0,0,0,0,0,33.8,0.45934834645669287,34.6,0,68.4,49.424616050183865,110.08845538461537,0,44.537135,71,2.6
2026/04/17 12:50:00,0,0,0,0,0,0,33,0.5332550746268657,36.4,,69.4,47.5527950310559,224.88353703703703,,60.602907851851846,71,1.6
2026/04/17 12:55:00,0,0,0,0,0,0,33.8,0.5730505109489051,36.4,0,70.2,48.14889336016096,60.98039208633093,0,30.057578705035976,71,0.8
2026/04/17 13:00:00,0,0,0,0,0,0,33,0.4354321323529411,35.4,,68.4,48.28571428571429,158.38191029411766,,23.28802117647059,68.6,0.8
2026/04/17 13:05:00,0,0,0,0,0,0,33.8,0.34317323308270675,31.8,0,65.6,51.52447552447552,171.91855555555557,0,17.623589407407408,67,1.4
2026/04/17 13:10:00,0,0,0,0,0,0,32.4,0.7149585925925926,31.8,0,64.2,50.46634615384615,255.0377096296296,0,38.20075911111111,67,2.8
2026/04/17 13:15:00,0,0,0,0,0,0,32.6,0.9598594285714285,31.8,0,64.4,50.62026862026862,107.7827937062937,0,47.65966314685315,67,2.6
2026/04/17 13:20:00,0,0,0,0,0,0,32.4,1.017172167832168,32.4,,64.8,50.01488833746898,188.18268125,,43.63939944827587,65.4,1
2026/04/17 13:25:00,0,0,0,0,0,0,32,1.0676348648648648,30,0,62,51.61290322580645,178.16636369863016,0,61.97646178082191,63,1
2026/04/17 13:30:00,0,0,0,0,0,0,32,0.49290114093959725,28.4,,60.4,53.02368368524738,169.78692999999998,,23.343525399999997,60.6,0.2
2026/04/17 13:35:00,0,0,0,0,0,0,31,0.6582519178082192,27,0,58,53.44827586206897,55.81518175675676,0,53.22028885135135,59,1
2026/04/17 13:40:00,0,0,0,0,0,0,31,0.9428984210526316,27.2,0,58.2,53.26709526592636,56.86455000000001,0,63.32345546666666,59,0.8
2026/04/17 13:45:00,0,0,0,0,0,0,31,0.7488388513513514,28,,59,52.54237288135594,54.070498648648645,,32.709606216216216,59,0
2026/04/17 13:50:00,0,0,0,0,0,0,30.6,0.688373076923077,28,,58.6,52.21507890122736,98.27570559440561,,31.31760783216783,59,0.4
2026/04/17 13:55:00,0,0,0,0,0,0,29.8,0.7027614492753622,28,,57.8,51.55474894131881,57.450652857142856,,33.93918807142857,59,1.2
2026/04/17 14:00:00,0,0,0,0,0,0,28.6,0.6598311811023622,26,,54.6,52.377104377104374,59.88763384615385,,32.301801000000005,56,1.4
2026/04/17 14:05:00,0,0,0,0,0,0,28,0.576268629032258,25.8,,53.8,52.06216006216007,57.121416129032255,,20.35353758064516,54.4,1.2
2026/04/17 14:10:00,0,0,0,0,0,0,28,0.6708574358974358,24,,52,53.84615384615385,59.43128644067797,,40.00983075630252,52,0
2026/04/17 14:15:00,0,0,0,0,0,0,28,0.3437113636363636,24,,52,53.84615384615385,60.133590090090095,,19.484497477477476,52,0
2026/04/17 14:20:00,0,0,0,0,0,0,28,0.5534741818181818,24,,52,53.84615384615385,58.473457272727266,,26.145770000000002,52,0
2026/04/17 14:25:00,0,0,0,0,0,0,28.8,0.6720486086956522,23.2,0,52,55.38461538461538,80.92192212389381,0,34.66261309734513,52,0
2026/04/17 14:30:00,0,0,0,0,0,0,29,0.8694499130434782,23,0,52,55.76923076923076,60.90233539823009,0,56.7986998245614,52,0
2026/04/17 14:35:00,0,0,0,0,0,0,29,0.6323449541284404,23,,52,55.76923076923076,55.90401711711712,,47.25011468468469,52,0
2026/04/17 14:40:00,0,0,0,0,0,0,29,0.8636735238095239,23,,52,55.76923076923076,59.33511588785046,,62.76772429906542,52,0
2026/04/17 14:45:00,0,0,0,0,0,0,29,0.9382619047619047,23,,52,55.76923076923076,58.079062857142866,,65.6808802857143,52,0
2026/04/17 14:50:00,0,0,0,0,0,0,29,1.1215744761904765,23,,52,55.76923076923076,54.88748571428572,,97.15502580952379,52,0
2026/04/17 14:55:00,0,0,0,0,0,0,29.8,0.7404457798165136,22.2,0,52,57.3076923076923,75.72007592592593,0,59.23802805555556,52,0
2026/04/17 15:00:00,0,0,0,0,0,0,30.4,1.003722972972973,21.6,0,52,58.46153846153847,80.68551071428571,0,64.44540517857142,52,0
2026/04/17 15:05:00,0,0,0,0,0,0,30.4,0.7787104310344827,21,,51.4,59.140271493212666,66.20435565217392,,59.99850486956522,52,0.6
2026/04/17 15:10:00,0,0,0,0,0,0,30,1.0178377192982457,21,,51,58.82352941176471,57.78508173913044,,56.51542486956521,52,1
2026/04/17 15:15:00,0,0,0,0,0,0,30,0.9506097247706422,21.8,,51.8,57.918552036199095,60.124097297297304,,57.25036459459459,52,0.2
2026/04/17 15:20:00,0,0,0,0,0,0,30,0.9205371962616823,22,0,52,57.69230769230769,180.94527592592593,0,69.74615675925925,52,0
2026/04/17 15:25:00,0,0,0,0,0,0,29.6,0.9329177450980393,22,,51.6,57.36048265460031,56.758025961538465,,58.66679826923077,52,0.4
2026/04/17 15:30:00,0,0,0,0,0,0,29,0.812538163265306,22,0,51,56.86274509803921,58.73662653061225,0,76.66179336734695,52,1
2026/04/17 15:35:00,0,0,0,0,0,0,29,1.18498,22.6,,51.6,56.20663650075414,56.391427,,76.4851784,52,0.4
2026/04/17 15:40:00,0,0,0,0,0,0,29,0.9776593203883494,23,0,52,55.76923076923076,61.614330097087375,0,63.851736826923066,52,0
2026/04/17 15:45:00,0,0,0,0,0,0,27.8,0.8819588659793814,23,,50.8,54.721568627450985,55.52604948453608,,49.06882608247423,52,1.2
2026/04/17 15:50:00,0,0,0,0,0,0,27,0.8203797849462366,23.2,0,50.2,53.78823529411765,64.10449347826086,0,92.73633215053763,52,1.8
2026/04/17 15:55:00,0,0,0,0,0,0,27,1.1273059302325583,24.6,,51.6,52.330316742081436,77.7168735632184,,60.12131195402299,52,0.4
2026/04/17 16:00:00,0,0,0,0,0,0,26,0.7144301333333333,25,,51,50.972850678733025,67.17463815789475,,46.38944750000001,52,1
2026/04/17 16:05:00,0,0,0,0,0,0,24.8,0.4948877142857144,25,,49.8,49.79591836734694,66.86931142857144,,51.52427857142857,52,2.2
2026/04/17 16:10:00,0,0,0,0,0,0,24,0.35090031746031747,26.2,0,50.2,47.811764705882354,65.88066774193548,0,37.844845322580646,52,1.8
2026/04/17 16:15:00,0,0,0,0,0,0,23.6,0.4200187272727273,26.4,0,50,47.191676670668265,61.9941245614035,0,34.33535315789474,50,1.2
2026/04/17 16:20:00,0,0,0,0,0,0,23,0.8187216666666667,23,0,46,50,53.68802033898306,0,41.99672457627119,47,1
2026/04/17 16:25:00,0,0,0,0,0,0,23,0.9499266666666666,23.4,0,46.4,49.5839243498818,50.92423235294118,0,101.59203426470586,46.2,0.2
2026/04/17 16:30:00,0,0,0,0,0,0,22,1.0106822857142856,22,,44,50,54.91018142857142,,51.02963771428572,45,1
2026/04/17 16:35:00,0,0,0,0,0,0,21.2,0.49562666666666666,21.6,,42.8,49.58033826638478,55.92987611940299,,23.84182567164179,42.6,0.8
2026/04/17 16:40:00,0,0,0,0,0,0,20.2,0.86180375,19,,39.2,51.52564102564103,55.96739122807018,,48.50857017543861,41,1.8
2026/04/17 16:45:00,0,0,0,0,0,0,20,1.4185012727272726,18.8,,38.8,51.62162162162163,60.99093454545456,,83.05628909090909,39.2,0.8
2026/04/17 16:50:00,0,0,0,0,0,0,19,1.3140663265306123,18,,37,51.351351351351354,65.66493725490196,,69.30475470588235,38,1
2026/04/17 16:55:00,0,0,0,0,0,0,19,1.3788922448979595,18.2,,37.2,51.08108108108108,65.65160208333333,,83.34974285714286,38,0.8
2026/04/17 17:00:00,0,0,0,0,0,0,18,0.12047028571428571,19,,37,48.648648648648646,71.63510000000001,,4.344329999999999,38,1
2026/04/17 17:05:00,0,0,0,0,0,0,18,0.11022766666666665,19.2,,37.2,48.392603129445234,65.97106666666667,,4.025989677419355,38,0.8
2026/04/17 17:10:00,0,0,0,0,0,0,18,0.09857,20,,38,47.36842105263158,63.61823,,5.267751,37.8,0
2026/04/17 17:15:00,0,0,0,0,0,0,18,0.49946699999999994,19,,37,48.648648648648646,65.65906,,50.5850615,37,0
2026/04/17 17:20:00,0,0,0,0,0,0,18,1.0175560000000001,18.8,,36.8,48.91891891891892,59.455619999999996,,50.568358,36.4,0
2026/04/17 17:25:00,0,0,0,0,0,0,17,0.9024965000000001,18,,35,48.57142857142857,60.186809999999994,,39.977119,36,1
2026/04/17 17:30:00,0,0,0,0,0,0,16.6,0.24379600000000004,16.6,,33.2,50.01731601731602,67.654265,,18.8094935,34.4,1.2
2026/04/17 17:35:00,0,0,0,0,0,0,16,0.08271933333333334,17,,33,48.484848484848484,50.291586666666674,,5.098685333333333,33.6,0.8
2026/04/17 17:40:00,0,0,0,0,0,0,16,0.4953133333333333,15.6,,31.6,50.64516129032258,52.078746666666675,,33.714715999999996,32,0.4
2026/04/17 17:45:00,0,0,0,0,0,0,16,0.025657692307692305,15.8,,31.8,50.322580645161295,54.026384615384615,,1.9378276923076925,31.4,0
2026/04/17 17:50:00,0,0,0,0,0,0,15,0.000182,15,,30,50,61.21282,,0.011591,31,1
2026/04/17 17:55:00,0,0,0,0,0,0,14.8,0.0000010000000000000002,14.4,,29.2,50.71428571428571,59.647360000000006,,0.000052000000000000004,29.4,0.6
2026/04/17 18:00:00,0,0,0,0,0,0,13.2,0,14,,27.2,48.51851851851852,61.99684,,0,29,1.8
2026/04/17 18:05:00,0,0,0,0,0,0,13,0.001386,14.6,,27.6,47.116402116402114,60.8284,,0,29,1.4
2026/04/17 18:10:00,0,0,0,0,0,0,12.4,0.000196,16,,28.4,43.64532019704434,60.04524,,0,29,0.6
2026/04/17 18:15:00,0,0,0,0,0,0,11.2,0.0000010000000000000002,14.8,,26,43.11957671957672,60.23761999999999,,0,27,1.2
2026/04/17 18:20:00,0,0,0,0,0,0,11,0,14.4,,25.4,43.35128205128205,60.406688888888894,,0,26.2,1
2026/04/17 18:25:00,0,0,0,0,0,0,11,0,14,,25,44,76.58923999999999,,0,25,0
2026/04/17 18:30:00,0,0,0,0,0,0,11,0,13.6,,24.6,44.733333333333334,74.0104,,0,24.4,0
2026/04/17 18:35:00,0,0,0,0,0,0,10.4,0,13,,23.4,44.42028985507246,72.84412,,0,24,0.6
2026/04/17 18:40:00,0,0,0,0,0,0,9,0.004065,11.4,,20.4,44.18181818181818,72.07628,,0,22.4,2
2026/04/17 18:45:00,0,0,0,0,0,0,9,,10.8,,19.8,45.56390977443609,,,,20.8,1
2026/04/17 18:50:00,0,0,0,0,0,0,9,,11,,20,45,,,,20,0
2026/04/17 18:55:00,0,0,0,0,0,0,8.8,,10,,18.8,46.78362573099415,,,,19,0.2
2026/04/17 19:00:00,0,0,0,0,0,0,7,,8.8,,15.8,44.705882352941174,,,,17.2,1.6
2026/04/17 19:05:00,0,0,0,0,0,0,6.2,,7.8,,14,44.15384615384615,,,,16,2
2026/04/17 19:10:00,0,0,0,0,0,0,4,,6.6,,10.6,38.97435897435897,,,,12.8,2.4
2026/04/17 19:15:00,0,0,0,0,0,0,4,,6.4,,10.4,39.111111111111114,,,,11.8,1.6
2026/04/17 19:20:00,0,0,0,0,0,0,4,,7,,11,36.36363636363637,,,,11,0
2026/04/17 19:25:00,0,0,0,0,0,0,4,,7,,11,36.36363636363637,,,,10.6,0
2026/04/17 19:30:00,0,0,0,0,0,0,4,,6,,10,40,,,,10,0
2026/04/17 19:35:00,0,0,0,0,0,0,3.2,,5.6,,8.8,36.333333333333336,,,,9.4,0.6
2026/04/17 19:40:00,0,0,0,0,0,0,3,,4.6,,7.6,40,,,,8.2,0.8
2026/04/17 19:45:00,0,0,0,0,0,0,2.6,,4,,6.6,39.04761904761905,,,,7,0.4
2026/04/17 19:50:00,0,0,0,0,0,0,2,,2.8,,4.8,43.333333333333336,,,,5.4,0.8
2026/04/17 19:55:00,0,0,0,0,0,0,2,,2.8,,4.8,42,,,,5,0.2
2026/04/17 20:00:00,0,0,0,0,0,0,2,,3,,5,40,,,,5,0
2026/04/17 20:05:00,0,0,0,0,0,0,2,,3,,5,40,,,,5,0
2026/04/17 20:10:00,0,0,0,0,0,0,2,,2.6,,4.6,44,,,,4.4,0
2026/04/17 20:15:00,0,0,0,0,0,0,2,,2,,4,50,,,,4,0
2026/04/17 20:20:00,0,0,0,0,0,0,2,,2,,4,50,,,,4,0
2026/04/17 20:25:00,0,0,0,0,0,0,1,,2,,3,33.333333333333336,,,,4,1
2026/04/17 20:30:00,0,0,0,0,0,0,1,,2.2,,3.2,31.666666666666668,,,,4,0.8
2026/04/17 20:35:00,0,0,0,0,0,0,1,,3,,4,25,,,,4,0
2026/04/17 20:40:00,0,0,0,0,0,0,1,,3,,4,25,,,,4,0
2026/04/17 20:45:00,0,0,0,0,0,0,0,,3,,3,0,,,,4,1
2026/04/17 20:50:00,0,0,0,0,0,0,0,,3.2,,3.2,0,,,,4,0.8
2026/04/17 20:55:00,0,0,0,0,0,0,0,,4,,4,0,,,,4,0
2026/04/17 21:00:00,0,0,0,0,0,0,0,,4,,4,0,,,,4,0
2026/04/17 21:05:00,0,0,0,0,0,0,0,,4,,4,0,,,,4,0
2026/04/17 21:10:00,0,0,0,0,0,0,0,,4,,4,0,,,,4,0
2026/04/17 21:15:00,0,0,0,0,0,0,0,,4,,4,0,,,,4,0
2026/04/17 21:20:00,0,0,0,0,0,0,0,,4,,4,0,,,,4,0
2026/04/17 21:25:00,0,0,0,0,0,0,0,,4,,4,0,,,,4,0
2026/04/17 21:30:00,0,0,0,0,0,0,0,,4,,4,0,,,,4,0
2026/04/17 21:35:00,0,0,0,0,0,0,0,,4,,4,0,,,,4,0
2026/04/17 21:40:00,0,0,0,0,0,0,0,,4,,4,0,,,,4,0
2026/04/17 21:45:00,0,0,0,0,0,0,0,,4,,4,0,,,,4,0
2026/04/17 21:50:00,0,0,0,0,0,0,0,,4,,4,0,,,,4,0
2026/04/17 21:55:00,0,0,0,0,0,0,0,,4,,4,0,,,,4,0
2026/04/17 22:00:00,0,0,0,0,0,0,0,,4,,4,0,,,,4,0
2026/04/17 22:05:00,0,0,0,0,0,0,0,,4,,4,0,,,,4,0
2026/04/17 22:10:00,0,0,0,0,0,0,0,,4,,4,0,,,,4,0
2026/04/17 22:15:00,0,0,0,0,0,0,0,,4,,4,0,,,,4,0
2026/04/17 22:20:00,0,0,0,0,0,0,0,,4,,4,0,,,,4,0
2026/04/17 22:25:00,0,0,0,0,0,0,0,,4,,4,0,,,,4,0
2026/04/17 22:30:00,0,0,0,0,0,0,0,,4,,4,0,,,,4,0
2026/04/17 22:35:00,0,0,0,0,0,0,0,,4,,4,0,,,,4,0
2026/04/17 22:40:00,0,0,0,0,0,0,0,,4,,4,0,,,,4,0
2026/04/17 22:45:00,0,0,0,0,0,0,0,,4,,4,0,,,,4,0
2026/04/17 22:50:00,0,0,0,0,0,0,0,,4,,4,0,,,,4,0
2026/04/17 22:55:00,0,0,0,0,0,0,0,,4,,4,0,,,,4,0
2026/04/17 23:00:00,0,0,0,0,0,0,0,,4,,4,0,,,,4,0
2026/04/17 23:05:00,0,0,0,0,0,0,0,,4,,4,0,,,,4,0
2026/04/17 23:10:00,0,0,0,0,0,0,0,,4,,4,0,,,,4,0
2026/04/17 23:15:00,0,0,0,0,0,0,0,,4,,4,0,,,,4,0
2026/04/17 23:20:00,0,0,0,0,0,0,0,,4,,4,0,,,,4,0
2026/04/17 23:25:00,0,0,0,0,0,0,0,,4,,4,0,,,,4,0
2026/04/17 23:30:00,0,0,0,0,0,0,0,,4,,4,0,,,,4,0
2026/04/17 23:35:00,0,0,0,0,0,0,0,,4,,4,0,,,,4,0
2026/04/17 23:40:00,0,0,0,0,0,0,0,,4,,4,0,,,,4,0
2026/04/17 23:45:00,0,0,0,0,0,0,0,,4,,4,0,,,,4,0
2026/04/17 23:50:00,0,0,0,0,0,0,0,,4,,4,0,,,,4,0
2026/04/17 23:55:00,0,0,0,0,0,0,0,,4,,4,0,,,,4,0
2026/04/18 00:00:00,0,0,0,0,0,0,0,,4,,4,0,,,,4,0
2026/04/18 00:05:00,0,0,0,0,0,0,0,,4,,4,0,,,,4,0
2026/04/18 00:10:00,0,0,0,0,0,0,0,,4,,4,0,,,,4,0
2026/04/18 00:15:00,0,0,0,0,0,0,0,,4,,4,0,,,,4,0
2026/04/18 00:20:00,0,0,0,0,0,0,0,,4,,4,0,,,,4,0
2026/04/18 00:25:00,0,0,0,0,0,0,0,,4,,4,0,,,,4,0
2026/04/18 00:30:00,0,0,0,0,0,0,0,,4,,4,0,,,,4,0
2026/04/18 00:35:00,0,0,0,0,0,0,0,,4,,4,0,,,,4,0
2026/04/18 00:40:00,0,0,0,0,0,0,0,,4,,4,0,,,,4,0
2026/04/18 00:45:00,0,0,0,0,0,0,0,,4,,4,0,,,,4,0
2026/04/18 00:50:00,0,0,0,0,0,0,0,,4,,4,0,,,,4,0
2026/04/18 00:55:00,0,0,0,0,0,0,0,,4,,4,0,,,,4,0
2026/04/18 01:00:00,0,0,0,0,0,0,0,,4,,4,0,,,,4,0
2026/04/18 01:05:00,0,0,0,0,0,0,0,,4,,4,0,,,,4,0
2026/04/18 01:10:00,0,0,0,0,0,0,0,,4,,4,0,,,,4,0
2026/04/18 01:15:00,0,0,0,0,0,0,0,,4,,4,0,,,,4,0
2026/04/18 01:20:00,0,0,0,0,0,0,0,,4,,4,0,,,,4,0
2026/04/18 01:25:00,0,0,0,0,0,0,0,,4,,4,0,,,,4,0
2026/04/18 01:30:00,0,0,0,0,0,0,0,,4,,4,0,,,,4,0
2026/04/18 01:35:00,0,0,0,0,0,0,0,,4,,4,0,,,,4,0
2026/04/18 01:40:00,0,0,0,0,0,0,0,,4,,4,0,,,,4,0
2026/04/18 01:45:00,0,0,0,0,0,0,0,,4,,4,0,,,,4,0
2026/04/18 01:50:00,0,0,0,0,0,0,0,,4,,4,0,,,,4,0
2026/04/18 01:55:00,0,0,0,0,0,0,0,,4,,4,0,,,,4,0
2026/04/18 02:00:00,0,0,0,0,0,0,0,,4,,4,0,,,,4,0
2026/04/18 02:05:00,0,0,0,0,0,0,0,,4,,4,0,,,,4,0
2026/04/18 02:10:00,0,0,0,0,0,0,0,,4,,4,0,,,,4,0
2026/04/18 02:15:00,0,0,0,0,0,0,0,,4,,4,0,,,,4,0
2026/04/18 02:20:00,0,0,0,0,0,0,0,,4,,4,0,,,,4,0
2026/04/18 02:25:00,0,0,0,0,0,0,0,,4,,4,0,,,,4,0
2026/04/18 02:30:00,0,0,0,0,0,0,0,,4,,4,0,,,,4,0
2026/04/18 02:35:00,0,0,0,0,0,0,0,,4,,4,0,,,,4,0
2026/04/18 02:40:00,0,0,0,0,0,0,0,,4,,4,0,,,,4,0
2026/04/18 02:45:00,0,0,0,0,0,0,0,,4,,4,0,,,,4,0
2026/04/18 02:50:00,0,0,0,0,0,0,0,,4,,4,0,,,,4,0
2026/04/18 02:55:00,0,0,0,0,0,0,0,,4,,4,0,,,,4,0
2026/04/18 03:00:00,0,0,0,0,0,0,0,,4,,4,0,,,,4,0
2026/04/18 03:05:00,0,0,0,0,0,0,0,,4,,4,0,,,,4,0
2026/04/18 03:10:00,0,0,0,0,0,0,0,,4,,4,0,,,,4,0
2026/04/18 03:15:00,0,0,0,0,0,0,0,,4,,4,0,,,,4,0
2026/04/18 03:20:00,0,0,0,0,0,0,0,,4,,4,0,,,,4,0
2026/04/18 03:25:00,0,0,0,0,0,0,0,,4,,4,0,,,,4,0
2026/04/18 03:30:00,0,0,0,0,0,0,0,,4,,4,0,,,,4,0
2026/04/18 03:35:00,0,0,0,0,0,0,0,,4,,4,0,,,,4,0
2026/04/18 03:40:00,0,0,0,0,0,0,0,,4,,4,0,,,,4,0
2026/04/18 03:45:00,0,0,0,0,0,0,0,,4,,4,0,,,,4,0
2026/04/18 03:50:00,0,0,0,0,0,0,0,,4,,4,0,,,,4,0
2026/04/18 03:55:00,0,0,0,0,0,0,0,,4,,4,0,,,,4,0
2026/04/18 04:00:00,0,0,0,0,0,0,0,,4,,4,0,,,,4,0
2026/04/18 04:05:00,0,0,0,0,0,0,0,,4,,4,0,,,,4,0
2026/04/18 04:10:00,0,0,0,0,0,0,0,,4,,4,0,,,,4,0
2026/04/18 04:15:00,0,0,0,0,0,0,0,,4,,4,0,,,,4,0
2026/04/18 04:20:00,0,0,0,0,0,0,0,,4,,4,0,,,,4,0
2026/04/18 04:25:00,0,0,0,0,0,0,0,,4,,4,0,,,,4,0
2026/04/18 04:30:00,0,0,0,0,0,0,0,,4,,4,0,,,,4,0
2026/04/18 04:35:00,0,0,0,0,0,0,0,,4,,4,0,,,,4,0
2026/04/18 04:40:00,0,0,0,0,0,0,0,,4,,4,0,,,,4,0
2026/04/18 04:45:00,0,0,0,0,0,0,0,,4,,4,0,,,,4,0
2026/04/18 04:50:00,0,0,0,0,0,0,0,,4,,4,0,,,,4,0
2026/04/18 04:55:00,0,0,0,0,0,0,0,,4,,4,0,,,,4,0
2026/04/18 05:00:00,0,0,0,0,0,0,0,,4,,4,0,,,,10,6
2026/04/18 05:05:00,0,0,0,0,0,0,0,,4,,4,0,,,,10,6
2026/04/18 05:10:00,0,0,0,0,0,0,0,,9.2,,9.2,0,,,,10,0.8
2026/04/18 05:15:00,0,0,0,0,0,0,0,,10,,10,0,,,,10,0
2026/04/18 05:20:00,0,0,0,0,0,0,0,,10,,10,0,,,,10,0
2026/04/18 05:25:00,0,0,0,0,0,0,0,,10,,10,0,,,,10,0
2026/04/18 05:30:00,0,0,0,0,0,0,0.2,,9.8,0,10,2,,0,,10,0
2026/04/18 05:35:00,0,0,0,0,0,0,1,0.5984166666666667,9,,10,10,45.70346,,1.50367,10,0
2026/04/18 05:40:00,0,0,0,0,0,0,1,0.455758,9,,10,10,35.16928,,27.833456,10,0
2026/04/18 05:45:00,0,0,0,0,0,0,1,0,9,,10,10,37.70488,,1.3843,10,0
2026/04/18 05:50:00,0,0,0,0,0,0,1,0,9,,10,10,41.12916,,0.006408,10,0
2026/04/18 05:55:00,0,0,0,0,0,0,1,0,9,,10,10,36.46076,,0.000028000000000000003,10,0
2026/04/18 06:00:00,0,0,0,0,0,0,1,0,9,,10,10,41.79488,,0,10,0
2026/04/18 06:05:00,0,0,0,0,0,0,1,0,9,,10,10,35.354,,0,10,0
2026/04/18 06:10:00,0,0,0,0,0,0,1,0,9,,10,10,34.951480000000004,,0,10,0
2026/04/18 06:15:00,0,0,0,0,0,0,1.6,0.294005,8.4,0,10,16,43.563542857142856,0,0.33828714285714284,10,0
2026/04/18 06:20:00,0,0,0,0,0,0,2.4,0.69742,7.6,0,10,24,47.15623636363637,0,15.009879090909093,10,0
2026/04/18 06:25:00,0,0,0,0,0,0,3,0.15442733333333333,7,,10,30,46.710025,,9.170234375,10,0
2026/04/18 06:30:00,0,0,0,0,0,0,3,0.09282333333333334,7,,10,30,45.239714285714285,,5.736820714285714,10,0
2026/04/18 06:35:00,0,0,0,0,0,0,3,0.31167214285714284,7,,10,30,46.15712499999999,,7.433818125,10,0
2026/04/18 06:40:00,0,0,0,0,0,0,3,0.6773133333333333,7,,10,30,47.21838571428571,,19.208689285714286,10,0
2026/04/18 06:45:00,0,0,0,0,0,0,3,0.18584066666666665,7,,10,30,48.53671249999999,,7.929849375000001,10,0
2026/04/18 06:50:00,0,0,0,0,0,0,3,0.011669333333333335,7,0,10,30,46.144999999999996,0,0.5638607142857143,10,0
2026/04/18 06:55:00,0,0,0,0,0,0,5.2,0.7192080000000002,4.8,0,10,52,86.97353478260868,0,14.53898695652174,10,0
2026/04/18 07:00:00,0,0,0,0,0,0,6,0.48748620689655175,4,,10,60,47.505309677419355,,26.56586225806452,10,0
2026/04/18 07:05:00,0,0,0,0,0,0,6,0.29161034482758624,4,,10,60,45.51819310344829,,13.397741724137932,10,0
2026/04/18 07:10:00,0,0,0,0,0,0,6.4,0.5739745161290323,3.6,0,10,64,51.387718750000005,0,35.4807428125,10,0
2026/04/18 07:15:00,0,0,0,0,0,0,7.6,0.6216792105263158,2.4,0,10,76,58.900400000000005,0,38.71457472222223,11.4,1.4
2026/04/18 07:20:00,0,0,0,0,0,0,8,0.62021475,2,0,10,80,66.94813414634146,0,37.310453170731705,13.8,3.8
2026/04/18 07:25:00,0,0,0,0,0,0,9,0.48381767441860474,2.4,0,11.4,79.84615384615384,123.52303181818182,0,28.6873875,14.4,3
2026/04/18 07:30:00,0,0,0,0,0,0,8.4,0.22065756097560976,4.8,,13.2,63.62637362637363,73.95814761904762,,5.595438095238095,15,1.8
2026/04/18 07:35:00,0,0,0,0,0,0,8,0.10678736842105263,5.4,0,13.4,59.78021978021978,65.2874,0,3.351789,15,1.6
2026/04/18 07:40:00,0,0,0,0,0,0,8,0.40423388888888895,6.8,,14.8,54.095238095238095,57.968248571428575,,15.875296,15,0.2
2026/04/18 07:45:00,0,0,0,0,0,0,8,0.2814545714285714,7,,15,53.333333333333336,66.52473333333334,,9.714904444444443,15,0
2026/04/18 07:50:00,0,0,0,0,0,0,8,0.24908457142857143,7,,15,53.333333333333336,62.75602285714285,,12.973454857142857,15,0
2026/04/18 07:55:00,0,0,0,0,0,0,8,0.09895428571428572,7,,15,53.333333333333336,69.29714705882353,,3.3162376470588235,15,0
2026/04/18 08:00:00,0,0,0,0,0,0,8,0.027245625,7,,15,53.333333333333336,68.29004242424242,,1.2190069696969699,15,0
2026/04/18 08:05:00,0,0,0,0,0,0,8,0.3411577142857143,7,0,15,53.333333333333336,60.965565624999996,0,141.38081812500002,15,0
2026/04/18 08:10:00,0,0,0,0,0,0,8,0.07683000000000001,6.4,,14.4,55.61904761904763,68.39670857142856,,11.828946000000002,14.2,0
2026/04/18 08:15:00,0,0,0,0,0,0,8,0.2942264705882353,6,,14,57.142857142857146,60.680452941176476,,9.083490882352942,14,0
2026/04/18 08:20:00,0,0,0,0,0,0,8,0.4201334285714286,6,,14,57.142857142857146,59.92030555555555,,17.710363611111113,14,0
2026/04/18 08:25:00,0,0,0,0,0,0,8,0.6701168571428573,6,,14,57.142857142857146,57.920223529411764,,30.208632941176468,14,0
2026/04/18 08:30:00,0,0,0,0,0,0,8,0.31473700000000004,6,,14,57.142857142857146,70.78192903225806,,19.580271612903225,14,0
2026/04/18 08:35:00,0,0,0,0,0,0,8,0.22973233333333334,6,,14,57.142857142857146,81.64628666666667,,7.964758,14,0
2026/04/18 08:40:00,0,0,0,0,0,0,9,0.4385045454545454,5,0,14,64.28571428571429,70.0232090909091,0,21.126799696969698,14.4,0.4
2026/04/18 08:45:00,0,0,0,0,0,0,9,0.3972717142857143,5,,14,64.28571428571429,67.33840000000001,,12.989500833333334,16,2
2026/04/18 08:50:00,0,0,0,0,0,0,9.6,0.12405842105263158,5.2,0,14.8,65,69.47397837837839,0,3.969355945945946,16,1.2
2026/04/18 08:55:00,0,0,0,0,0,0,10,0.6185935897435898,6,0,16,62.5,64.632195,0,23.284344249999997,17.6,1.6
2026/04/18 09:00:00,0,0,0,0,0,0,11.2,0.9696792499999999,4,0,15.2,73.66666666666666,68.58168095238095,0,33.551409761904765,18.6,3.4
2026/04/18 09:05:00,0,0,0,0,0,0,11,0.54204375,5.4,0,16.4,67.24019607843135,60.85441463414634,0,17.97028902439024,20,3.6
2026/04/18 09:10:00,0,0,0,0,0,0,11,0.12123825000000002,8,0,19,58.0233918128655,66.57167692307692,0,4.285703589743591,20,1
2026/04/18 09:15:00,0,0,0,0,0,0,11,0.19224846153846156,9,0,20,55,68.495255,0,8.8700015,20,0
2026/04/18 09:20:00,0,0,0,0,0,0,11.2,0.57101725,8.8,0,20,56,64.08083414634146,0,33.26686268292683,20,0
2026/04/18 09:25:00,0,0,0,0,0,0,12,0.15319619047619049,8,0,20,60,74.37730697674418,0,6.011854651162791,20,0
2026/04/18 09:30:00,0,0,0,0,0,0,12,0.0572028205128205,8,,20,60,76.72795384615382,,4.757216666666666,20,0
2026/04/18 09:35:00,0,0,0,0,0,0,12,0.2760448780487805,8,0,20,60,72.53284761904763,0,131.9070782926829,20,0
2026/04/18 09:40:00,0,0,0,0,0,0,11.2,0.906303,8,0,19.2,58.315789473684205,86.4841975,0,50.66204775,20,0.8
2026/04/18 09:45:00,0,0,0,0,0,0,11,0.9156936585365855,8,,19,57.89473684210526,76.902195,,122.56485128205131,20,1
2026/04/18 09:50:00,0,0,0,0,0,0,11.2,0.62849125,8.8,0,20,56,82.36060975609756,0,29.013176341463417,20,0
2026/04/18 09:55:00,0,0,0,0,0,0,12,0.8863935555555557,8,0,20,60,118.71288863636364,0,154.5374569767442,20,0
2026/04/18 10:00:00,0,0,0,0,0,0,12,0.5452583720930234,8,0,20,60,88.6721840909091,0,131.80167227272727,20,0
2026/04/18 10:05:00,0,0,0,0,0,0,12,0.9621497777777778,8,,20,60,77.41141333333333,,49.80850733333333,20,0
2026/04/18 10:10:00,0,0,0,0,0,0,12,0.9045013636363636,8,,20,60,120.70195454545456,,51.36112818181819,20,0
2026/04/18 10:15:00,0,0,0,0,0,0,12,1.014545581395349,8,,20,60,88.92382325581396,,56.62828720930232,20,0
2026/04/18 10:20:00,0,0,0,0,0,0,12,1.371604,8,0,20,60,83.44279487179487,0,87.34608794871795,20,0
2026/04/18 10:25:00,0,0,0,0,0,0,12.4,0.8667081395348838,7.6,0,20,62,92.59562857142858,0,98.23957142857142,20,0
2026/04/18 10:30:00,0,0,0,0,0,0,11,0.4869294871794872,7,,18,61.11111111111111,80.05715853658535,,48.458320487804876,20.6,2.6
2026/04/18 10:35:00,0,0,0,0,0,0,11,1.19576975,7.4,,18.4,59.88888888888889,83.78840512820513,,89.24641512820511,21,2.6
2026/04/18 10:40:00,0,0,0,0,0,0,11,1.0287576470588233,9.8,,20.8,52.904761904761905,80.08964571428571,,82.49883628571429,21,0.2
2026/04/18 10:45:00,0,0,0,0,0,0,11,0.545342857142857,10,,21,52.38095238095239,79.78902857142857,,59.843700285714284,21,0
2026/04/18 10:50:00,0,0,0,0,0,0,11,0.0320128,10,,21,52.38095238095239,82.5251037037037,,6.415292222222222,21,0
2026/04/18 10:55:00,0,0,0,0,0,0,11,0.00022300000000000003,10,,21,52.38095238095239,72.47963,,1.0178305,21,0
2026/04/18 11:00:00,0,0,0,0,0,0,10.8,0.0048095238095238095,10,0,20.8,51.904761904761905,66.5104,0,14.237404000000003,21,0.2
2026/04/18 11:05:00,0,0,0,0,0,0,10,0.0014315,9,,19,52.63157894736842,89.888565,,2.6863275,19,0
2026/04/18 11:10:00,0,0,0,0,0,0,10,0.151062,8.8,0,18.8,53.21637426900585,90.25377999999999,0,60.7558445,18.6,0
2026/04/18 11:15:00,0,0,0,0,0,0,10,0.09515904761904762,8,,18,55.55555555555556,97.43842,,7.6374055,18,0
2026/04/18 11:20:00,0,0,0,0,0,0,10,0,8,,18,55.55555555555556,64.02536,,1.0686769999999999,18,0
2026/04/18 11:25:00,0,0,0,0,0,0,10,0.07172842105263157,8,,18,55.55555555555556,75.14916,,3.7981594999999997,18,0
2026/04/18 11:30:00,0,0,0,0,0,0,10,0.011261,8,,18,55.55555555555556,93.16420000000001,,1.5421120000000001,18,0
2026/04/18 11:35:00,0,0,0,0,0,0,10,0.00006050000000000001,8,,18,55.55555555555556,84.75510999999999,,1.0184735,18,0
2026/04/18 11:40:00,0,0,0,0,0,0,10,0,8,,18,55.55555555555556,79.77771,,1.0276135,18,0
2026/04/18 11:45:00,0,0,0,0,0,0,10,0,8,,18,55.55555555555556,109.02759375,,1.1838893750000001,18,0
2026/04/18 11:50:00,0,0,0,0,0,0,10,0,8,,18,55.55555555555556,119.23586,,0,18,0
2026/04/18 11:55:00,0,0,0,0,0,0,9.6,0,8,,17.6,54.50980392156863,68.38828000000001,,0,18,0.4
2026/04/18 12:00:00,0,0,0,0,0,0,9,0,8,,17,52.94117647058823,83.81273333333334,,0,18,1
2026/04/18 12:05:00,0,0,0,0,0,0,9,0,8.6,,17.6,51.17647058823529,47.52324,,0,18,0.4
2026/04/18 12:10:00,0,0,0,0,0,0,9,0.059834,9,,18,50,58.346680000000006,,1.3671060000000002,18,0
2026/04/18 12:15:00,0,0,0,0,0,0,8.4,0.032378000000000004,9,,17.4,48.23529411764706,52.01816,,0.9858480000000001,18,0.6
2026/04/18 12:20:00,0,0,0,0,0,0,8,0.000174,8.4,,16.4,48.82352941176471,53.2214,,0.004546,16.4,0.2
2026/04/18 12:25:00,0,0,0,0,0,0,8.4,0.3661742857142857,7.6,0,16,52.5,151.91164999999998,0,0.000016666666666666664,15.8,0
2026/04/18 12:30:00,0,0,0,0,0,0,9,0,6,,15,60,49.672670000000004,,0.336684,15,0
2026/04/18 12:35:00,0,0,0,0,0,0,9,0.1901764285714286,6,0,15,60,53.938861538461545,0,153.57232461538462,15,0
2026/04/18 12:40:00,0,0,0,0,0,0,8,0,6,,14,57.142857142857146,71.13522666666668,,5.891909333333333,15,1
2026/04/18 12:45:00,0,0,0,0,0,0,8,0.007948666666666666,6.4,,14.4,55.61904761904763,107.08196000000001,,2.750534,15,0.6
2026/04/18 12:50:00,0,0,0,0,0,0,6.2,0,7,,13.2,46.69230769230769,84.68448,,0.03684466666666666,15,1.8
2026/04/18 12:55:00,0,0,0,0,0,0,5,0.008602666666666666,7.2,,12.2,41.02564102564102,65.93778666666667,,0.0001706666666666667,15,2.8
2026/04/18 13:00:00,0,0,0,0,0,0,5,0.021396666666666668,9.4,,14.4,34.761904761904766,53.87264,,1.0986193333333332,15,0.6
2026/04/18 13:05:00,0,0,0,0,0,0,5.8,0.15971111111111114,9.2,0,15,38.66666666666667,71.15006666666666,0,0.18874888888888888,15,0
2026/04/18 13:10:00,0,0,0,0,0,0,6,0.07281866666666667,8.6,,14.6,41.142857142857146,65.6079625,,5.281318124999999,14.4,0
2026/04/18 13:15:00,0,0,0,0,0,0,6,0.0005930000000000001,8,,14,42.857142857142854,58.94034545454545,,0.034800000000000005,14,0
2026/04/18 13:20:00,0,0,0,0,0,0,6,0.12293400000000002,7.2,,13.2,45.494505494505496,78.06454000000001,,8.505364,13,0
2026/04/18 13:25:00,0,0,0,0,0,0,6,0.007546666666666666,7,,13,46.15384615384615,106.96286,,0.49594545454545447,12.8,0
2026/04/18 13:30:00,0,0,0,0,0,0,6,0.003406,6,,12,50,59.27048,,0.005064000000000001,12,0
2026/04/18 13:35:00,0,0,0,0,0,0,6,0.569804,5.6,,11.6,51.81818181818183,59.83936,,29.560152000000006,11.4,0
2026/04/18 13:40:00,0,0,0,0,0,0,6,0.658739,5,0,11,54.54545454545455,64.12382,0,315.253368,11,0
2026/04/18 13:45:00,0,0,0,0,0,0,5.2,0.531407,5,,10.2,50.909090909090914,85.10637999999999,,11.936888999999999,11,0.8
2026/04/18 13:50:00,0,0,0,0,0,0,4.2,0.116137,4.8,0,9,46.666666666666664,66.44768,0,2.9674249999999995,11,2
2026/04/18 13:55:00,0,0,0,0,0,0,5,0.6143633333333333,5.2,,10.2,49.090909090909086,71.04562,,16.944392666666666,11,0.8
2026/04/18 14:00:00,0,0,0,0,0,0,5,0.06459066666666667,6,,11,45.45454545454545,55.77849333333332,,4.384825333333334,11,0
2026/04/18 14:05:00,0,0,0,0,0,0,5,0.09598,6,,11,45.45454545454545,54.25416,,6.563722000000001,11,0
2026/04/18 14:10:00,0,0,0,0,0,0,5,0.00052,6,,11,45.45454545454545,70.19338666666665,,0.04063266666666666,11,0
2026/04/18 14:15:00,0,0,0,0,0,0,5,0.163217,6,0,11,45.45454545454545,69.55762222222221,0,19.703240000000005,10.8,0
2026/04/18 14:20:00,0,0,0,0,0,0,5,0.320242,5,,10,50,68.53352500000001,,17.4845695,10,0
2026/04/18 14:25:00,0,0,0,0,0,0,5,1.126032,4.4,,9.4,53.33333333333333,64.28892,,33.245678500000004,9.4,0
2026/04/18 14:30:00,0,0,0,0,0,0,6,1.0226995833333332,3,0,9,66.66666666666667,90.8156125,0,38.96213791666667,9.2,0.2
2026/04/18 14:35:00,0,0,0,0,0,0,6,0.4538725925925926,3,0,9,66.66666666666667,79.33710769230768,0,32.13284576923076,10,1
2026/04/18 14:40:00,0,0,0,0,0,0,6.6,0.2010151515151515,2.4,0,9,73.33333333333334,113.19030624999999,0,2.9478512500000003,10.2,1.2
2026/04/18 14:45:00,0,0,0,0,0,0,7,0.10770103448275863,3,,10,70,141.2493387096774,,5.8911522580645155,12,2
2026/04/18 14:50:00,0,0,0,0,0,0,7,0.02567444444444444,3.4,,10.4,67.45454545454545,134.16789615384616,,2.6575488461538463,12,1.6
2026/04/18 14:55:00,0,0,0,0,0,0,7,0.046390799999999996,5,,12,58.333333333333336,198.932984,,2.7313872,12,0
2026/04/18 15:00:00,0,0,0,0,0,0,7,0.04807708333333333,5,0,12,58.333333333333336,82.94070416666666,0,79.3307652173913,12,0
2026/04/18 15:05:00,0,0,0,0,0,0,7,0.029324499999999996,5,,12,58.333333333333336,55.216274999999996,,17.2757815,12,0
2026/04/18 15:10:00,0,0,0,0,0,0,7,0.0308585,5,,12,58.333333333333336,63.06735000000001,,4.825819,12,0
2026/04/18 15:15:00,0,0,0,0,0,0,7,0.035559,5,,12,58.333333333333336,66.67625,,3.8391284999999997,12,0
2026/04/18 15:20:00,0,0,0,0,0,0,7,0.11745761904761903,5,0,12,58.333333333333336,74.46334,0,0.257068,12,0
2026/04/18 15:25:00,0,0,0,0,0,0,7,0.1446357894736842,5,0,12,58.333333333333336,83.04402857142857,0,185.83551300000002,12,0
2026/04/18 15:30:00,0,0,0,0,0,0,7,0.09053423076923078,5,0,12,58.333333333333336,82.73541666666667,0,164.1760725,12,0
2026/04/18 15:35:00,0,0,0,0,0,0,7,0.28542304347826086,5,,12,58.333333333333336,70.97128800000002,,14.333785200000001,12,0
2026/04/18 15:40:00,0,0,0,0,0,0,7,0.058398399999999996,5,,12,58.333333333333336,61.286832,,1.9457692,12,0
2026/04/18 15:45:00,0,0,0,0,0,0,7,0.3789225,5,,12,58.333333333333336,85.66769599999999,,12.6112672,12,0
2026/04/18 15:50:00,0,0,0,0,0,0,7,0.07805600000000001,5,,12,58.333333333333336,83.889056,,3.5463703999999994,12,0
2026/04/18 15:55:00,0,0,0,0,0,0,7,0.0023376000000000004,5,,12,58.333333333333336,76.16754399999999,,0.019061999999999996,12,0
2026/04/18 16:00:00,0,0,0,0,0,0,6.8,0.6774582608695652,5,,11.8,57.57575757575758,58.484408333333334,,16.293491666666664,12,0.2
2026/04/18 16:05:00,0,0,0,0,0,0,6,0.24991750000000001,5,,11,54.54545454545455,56.87701,,15.008212499999999,12,1
2026/04/18 16:10:00,0,0,0,0,0,0,6,0.09935999999999999,5.4,,11.4,52.72727272727273,62.13369,,8.035673,12,0.6
2026/04/18 16:15:00,0,0,0,0,0,0,6,0.008309444444444446,6,,12,50,88.24288333333334,,0.08559277777777778,12,0
2026/04/18 16:20:00,0,0,0,0,0,0,6,0.00013933333333333335,6,,12,50,91.54718666666666,,0.00047266666666666665,12,0
2026/04/18 16:25:00,0,0,0,0,0,0,6,0.117516,6,,12,50,92.63113333333334,,9.119724666666666,12,0
2026/04/18 16:30:00,0,0,0,0,0,0,6,0.37515363636363636,6,,12,50,101.32766666666667,,16.8177925,12,0
2026/04/18 16:35:00,0,0,0,0,0,0,6,0.32580200000000004,6,,12,50,107.73778,,26.191977,12,0
2026/04/18 16:40:00,0,0,0,0,0,0,6,0.269181,5.2,,11.2,53.63636363636364,128.90846,,10.903639000000002,11,0
2026/04/18 16:45:00,0,0,0,0,0,0,5.2,0.036761,5,,10.2,50.909090909090914,115.28336000000002,,2.2448210000000004,11,0.8
2026/04/18 16:50:00,0,0,0,0,0,0,5,0.036967,5,,10,50,161.07788,,6.315218,11,1
2026/04/18 16:55:00,0,0,0,0,0,0,5,0.11491199999999999,6,,11,45.45454545454545,130.21334,,11.829307,11,0
2026/04/18 17:00:00,0,0,0,0,0,0,4.6,0.031493,6,,10.6,43.27272727272727,130.81737999999999,,3.1313850000000003,11,0.4
2026/04/18 17:05:00,0,0,0,0,0,0,4,0.14148666666666668,6,,10,40,85.02121666666667,,10.767923333333334,11,1
2026/04/18 17:10:00,0,0,0,0,0,0,4,0,6.2,,10.2,39.43434343434344,78.08676,,0,10.2,0.4
2026/04/18 17:15:00,0,0,0,0,0,0,4,0,5,,9,44.44444444444444,77.69996,,0,9,0
2026/04/18 17:20:00,0,0,0,0,0,0,4,0,4.6,,8.6,46.666666666666664,74.95932,,0,8.4,0
2026/04/18 17:25:00,0,0,0,0,0,0,5.8,0.5800223076923077,2.2,0,8,72.5,298.8052833333333,0,8.6405325,8.4,0.4
2026/04/18 17:30:00,0,0,0,0,0,0,6,0.319786875,2,0,8,75,95.58915333333334,0,38.06268266666666,10,2
2026/04/18 17:35:00,0,0,0,0,0,0,6,0.5843357142857143,2.4,,8.4,72,80.23238666666667,,33.414154,10,1.6
2026/04/18 17:40:00,0,0,0,0,0,0,6,0.014900666666666666,4,,10,60,77.74318666666666,,0.3182233333333333,10,0
2026/04/18 17:45:00,0,0,0,0,0,0,6,0.00008066666666666667,4,,10,60,68.97959999999999,,0.0014326666666666665,10,0
2026/04/18 17:50:00,0,0,0,0,0,0,6,0.0031408333333333336,4,,10,60,87.28501428571428,,0.000006428571428571429,10,0
2026/04/18 17:55:00,0,0,0,0,0,0,6,0.868196,4,,10,60,122.88566,,25.039201,10,0
2026/04/18 18:00:00,0,0,0,0,0,0,6,1.850732,4,,10,60,120.47094,,67.64320599999999,10,0
2026/04/18 18:05:00,0,0,0,0,0,0,6,0.047922000000000006,4,,10,60,125.00408,,0.784778,10,0
2026/04/18 18:10:00,0,0,0,0,0,0,6,0.00029625,4,,10,60,109.34248571428574,,0.004327142857142857,10,0
2026/04/18 18:15:00,0,0,0,0,0,0,6.2,0.029097142857142856,3.8,0,10,62,73.07355454545454,0,212.33568000000002,10,0
2026/04/18 18:20:00,0,0,0,0,0,0,7,0.23011049999999997,3,0,10,70,135.596425,0,12.042334,10.8,0.8
2026/04/18 18:25:00,0,0,0,0,0,0,7,0.004700769230769231,3,,10,70,53.071569230769235,,0.32756,12,2
2026/04/18 18:30:00,0,0,0,0,0,0,6.4,0,3.8,,10.2,63.15151515151516,44.23922,,0.00029,12,1.8
2026/04/18 18:35:00,0,0,0,0,0,0,6,0,5,,11,54.54545454545455,41.07525999999999,,0,12,1
2026/04/18 18:40:00,0,0,0,0,0,0,6,0.4633225,5.8,,11.8,50.909090909090914,46.31888,,22.216622,12,0.2
2026/04/18 18:45:00,0,0,0,0,0,0,6,0.606225,6,,12,50,45.96058000000001,,43.571321999999995,12,0
2026/04/18 18:50:00,0,0,0,0,0,0,6,1.5607190000000002,6,,12,50,45.7611,,88.424272,12,0
2026/04/18 18:55:00,0,0,0,0,0,0,6,1.776415,6,,12,50,45.29585999999999,,96.16069,12,0
2026/04/18 19:00:00,0,0,0,0,0,0,6,0.361515,6,,12,50,46.82132,,31.943364000000003,12,0
2026/04/18 19:05:00,0,0,0,0,0,0,5.4,0.014598999999999997,6,,11.4,47.272727272727266,46.611239999999995,,1.047336,12,0.6
2026/04/18 19:10:00,0,0,0,0,0,0,5,0.00007800000000000003,6,,11,45.45454545454545,46.642340000000004,,0.004852,12,1
2026/04/18 19:15:00,0,0,0,0,0,0,5,0.18335875000000001,6.8,,11.8,42.42424242424242,46.89815,,39.79982,12,0.2
2026/04/18 19:20:00,0,0,0,0,0,0,5,,6.8,,11.8,42.42424242424242,,,,11.6,0
2026/04/18 19:25:00,0,0,0,0,0,0,5,,6,,11,45.45454545454545,,,,11,0
2026/04/18 19:30:00,0,0,0,0,0,0,5,,5.4,,10.4,48.18181818181818,,,,10.4,0
2026/04/18 19:35:00,0,0,0,0,0,0,5,,5,,10,50,,,,10,0
2026/04/18 19:40:00,0,0,0,0,0,0,5,,5,,10,50,,,,10,0
2026/04/18 19:45:00,0,0,0,0,0,0,5,,5,,10,50,,,,10,0
2026/04/18 19:50:00,0,0,0,0,0,0,4.8,,5,,9.8,48.88888888888889,,,,10,0.2
2026/04/18 19:55:00,0,0,0,0,0,0,4,,5,,9,44.44444444444444,,,,10,1
2026/04/18 20:00:00,0,0,0,0,0,0,4,,5.6,,9.6,41.77777777777778,,,,10,0.4
2026/04/18 20:05:00,0,0,0,0,0,0,4,,6,,10,40,,,,10,0
2026/04/18 20:10:00,0,0,0,0,0,0,3.4,,5.2,,8.6,39.38888888888889,,,,9,0.6
2026/04/18 20:15:00,0,0,0,0,0,0,3,,5,,8,37.5,,,,8.6,0.8
2026/04/18 20:20:00,0,0,0,0,0,0,3,,4,,7,42.857142857142854,,,,7,0
2026/04/18 20:25:00,0,0,0,0,0,0,1.8,,3.2,,5,36.66666666666667,,,,6.2,1.2
2026/04/18 20:30:00,0,0,0,0,0,0,1,,2.2,,3.2,31.666666666666668,,,,5,1.8
2026/04/18 20:35:00,0,0,0,0,0,0,1,,3.4,0,4.4,23,,0,,5,0.6
2026/04/18 20:40:00,0,0,0,0,0,0,2,1.986965,3,0,5,40,134.87007499999999,0,54.713592500000004,5,0
2026/04/18 20:45:00,0,0,0,0,0,0,2,3.478148,2.2,,4.2,48,106.02948,,155.24368399999997,4,0
2026/04/18 20:50:00,0,0,0,0,0,0,2,4.941266000000001,2,,4,50,84.19904,,279.59603400000003,4,0
2026/04/18 20:55:00,0,0,0,0,0,0,2,2.311704,2,,4,50,97.8532,,134.15409,4,0
2026/04/18 21:00:00,0,0,0,0,0,0,2,0.012851999999999999,2,,4,50,147.61946,,0.7993499999999999,4,0
2026/04/18 21:05:00,0,0,0,0,0,0,2,0.00007000000000000001,2,,4,50,850.98066,,0.003645999999999999,4,0
2026/04/18 21:10:00,0,0,0,0,0,0,2,0.71973,2,,4,50,1161.34068,,20.124342,4,0
2026/04/18 21:15:00,0,0,0,0,0,0,1.8,0.5499319999999999,2,,3.8,46.66666666666667,97.36208,,36.54912,4,0.2
2026/04/18 21:20:00,0,0,0,0,0,0,1,0.002972,2,,3,33.333333333333336,117.32932000000001,,0.171684,4,1
2026/04/18 21:25:00,0,0,0,0,0,0,1,0.000016000000000000003,2.4,,3.4,30,105.11884,,0.0007859999999999999,4,0.6
2026/04/18 21:30:00,0,0,0,0,0,0,1,0,3,,4,25,122.34964,,0.0000020000000000000003,4,0
2026/04/18 21:35:00,0,0,0,0,0,0,1,0,3,,4,25,120.46524,,0,4,0
2026/04/18 21:40:00,0,0,0,0,0,0,0,,3,,3,0,136.4114,,0,4,1
2026/04/18 21:45:00,0,0,0,0,0,0,0,,3.2,,3.2,0,,,,4,0.8
2026/04/18 21:50:00,0,0,0,0,0,0,0,,4,,4,0,,,,4,0
2026/04/18 21:55:00,0,0,0,0,0,0,0,,4,,4,0,,,,4,0
2026/04/18 22:00:00,0,0,0,0,0,0,0,,4,,4,0,,,,4,0
2026/04/18 22:05:00,0,0,0,0,0,0,0,,4,,4,0,,,,4,0
2026/04/18 22:10:00,0,0,0,0,0,0,0,,4,,4,0,,,,4,0
2026/04/18 22:15:00,0,0,0,0,0,0,0,,4,,4,0,,,,4,0
2026/04/18 22:20:00,0,0,0,0,0,0,0,,4,,4,0,,,,4,0
2026/04/18 22:25:00,0,0,0,0,0,0,0,,4,,4,0,,,,4,0
2026/04/18 22:30:00,0,0,0,0,0,0,0,,4,,4,0,,,,4,0
2026/04/18 22:35:00,0,0,0,0,0,0,0,,4,,4,0,,,,4,0
2026/04/18 22:40:00,0,0,0,0,0,0,0,,4,,4,0,,,,4,0
2026/04/18 22:45:00,0,0,0,0,0,0,0,,4,,4,0,,,,4,0
2026/04/18 22:50:00,0,0,0,0,0,0,0,,4,,4,0,,,,4,0
2026/04/18 22:55:00,0,0,0,0,0,0,0,,4,,4,0,,,,4,0
2026/04/18 23:00:00,0,0,0,0,0,0,0,,4,,4,0,,,,4,0
2026/04/18 23:05:00,0,0,0,0,0,0,0,,4,,4,0,,,,4,0
2026/04/18 23:10:00,0,0,0,0,0,0,0,,4,,4,0,,,,4,0
2026/04/18 23:15:00,0,0,0,0,0,0,0,,4,,4,0,,,,4,0
2026/04/18 23:20:00,0,0,0,0,0,0,0,,4,,4,0,,,,4,0
2026/04/18 23:25:00,0,0,0,0,0,0,0,,4,,4,0,,,,4,0
2026/04/18 23:30:00,0,0,0,0,0,0,0,,4,,4,0,,,,4,0
2026/04/18 23:35:00,0,0,0,0,0,0,0,,4,,4,0,,,,4,0
2026/04/18 23:40:00,0,0,0,0,0,0,0,,4,,4,0,,,,4,0
2026/04/18 23:45:00,0,0,0,0,0,0,0,,4,,4,0,,,,4,0
2026/04/18 23:50:00,0,0,0,0,0,0,0,,4,,4,0,,,,4,0
2026/04/18 23:55:00,0,0,0,0,0,0,0,,4,,4,0,,,,4,0
2026/04/19 00:00:00,0,0,0,0,0,0,0,,4,,4,0,,,,4,0
2026/04/19 00:05:00,0,0,0,0,0,0,0,,4,,4,0,,,,4,0
2026/04/19 00:10:00,0,0,0,0,0,0,0,,4,,4,0,,,,4,0
2026/04/19 00:15:00,0,0,0,0,0,0,0,,4,,4,0,,,,4,0
2026/04/19 00:20:00,0,0,0,0,0,0,0,,4,,4,0,,,,4,0
2026/04/19 00:25:00,0,0,0,0,0,0,0,,4,,4,0,,,,4,0
2026/04/19 00:30:00,0,0,0,0,0,0,0,,4,,4,0,,,,4,0
2026/04/19 00:35:00,0,0,0,0,0,0,0,,4,,4,0,,,,4,0
2026/04/19 00:40:00,0,0,0,0,0,0,0,,4,,4,0,,,,4,0
2026/04/19 00:45:00,0,0,0,0,0,0,0,,4,,4,0,,,,4,0
2026/04/19 00:50:00,0,0,0,0,0,0,0,,4,,4,0,,,,4,0
2026/04/19 00:55:00,0,0,0,0,0,0,0,,4,,4,0,,,,4,0
2026/04/19 01:00:00,0,0,0,0,0,0,0,,4,,4,0,,,,4,0
2026/04/19 01:05:00,0,0,0,0,0,0,0,,4,,4,0,,,,4,0
2026/04/19 01:10:00,0,0,0,0,0,0,0,,4,,4,0,,,,4,0
2026/04/19 01:15:00,0,0,0,0,0,0,0,,4,,4,0,,,,4,0
2026/04/19 01:20:00,0,0,0,0,0,0,0,,4,,4,0,,,,4,0
2026/04/19 01:25:00,0,0,0,0,0,0,0,,4,,4,0,,,,4,0
2026/04/19 01:30:00,0,0,0,0,0,0,0,,4,,4,0,,,,4,0
2026/04/19 01:35:00,0,0,0,0,0,0,0,,4,,4,0,,,,4,0
2026/04/19 01:40:00,0,0,0,0,0,0,0,,4,,4,0,,,,4,0
2026/04/19 01:45:00,0,0,0,0,0,0,0,,4,,4,0,,,,4,0
2026/04/19 01:50:00,0,0,0,0,0,0,0,,4,,4,0,,,,4,0
2026/04/19 01:55:00,0,0,0,0,0,0,0,,4,,4,0,,,,4,0
2026/04/19 02:00:00,0,0,0,0,0,0,0,,4,,4,0,,,,4,0
2026/04/19 02:05:00,0,0,0,0,0,0,0,,4,,4,0,,,,4,0
2026/04/19 02:10:00,0,0,0,0,0,0,0,,4,,4,0,,,,4,0
2026/04/19 02:15:00,0,0,0,0,0,0,0,,4,,4,0,,,,4,0
2026/04/19 02:20:00,0,0,0,0,0,0,0,,4,,4,0,,,,4,0
2026/04/19 02:25:00,0,0,0,0,0,0,0,,4,,4,0,,,,4,0
2026/04/19 02:30:00,0,0,0,0,0,0,0,,4,,4,0,,,,4,0
2026/04/19 02:35:00,0,0,0,0,0,0,0,,4,,4,0,,,,4,0
2026/04/19 02:40:00,0,0,0,0,0,0,0,,4,,4,0,,,,4,0
2026/04/19 02:45:00,0,0,0,0,0,0,0,,4,,4,0,,,,4,0
2026/04/19 02:50:00,0,0,0,0,0,0,0,,4,,4,0,,,,4,0
2026/04/19 02:55:00,0,0,0,0,0,0,0,,4,,4,0,,,,4,0
2026/04/19 03:00:00,0,0,0,0,0,0,0,,4,,4,0,,,,4,0
2026/04/19 03:05:00,0,0,0,0,0,0,0,,4,,4,0,,,,4,0
2026/04/19 03:10:00,0,0,0,0,0,0,0,,4,,4,0,,,,4,0
2026/04/19 03:15:00,0,0,0,0,0,0,0,,4,,4,0,,,,4,0
2026/04/19 03:20:00,0,0,0,0,0,0,0,,4,,4,0,,,,4,0
2026/04/19 03:25:00,0,0,0,0,0,0,0,,4,,4,0,,,,4,0
2026/04/19 03:30:00,0,0,0,0,0,0,0,,4,,4,0,,,,4,0
2026/04/19 03:35:00,0,0,0,0,0,0,0,,4,,4,0,,,,4,0
2026/04/19 03:40:00,0,0,0,0,0,0,0,,4,,4,0,,,,4,0
2026/04/19 03:45:00,0,0,0,0,0,0,0,,4,,4,0,,,,4,0
2026/04/19 03:50:00,0,0,0,0,0,0,0,,4,,4,0,,,,4,0
2026/04/19 03:55:00,0,0,0,0,0,0,0,,4,,4,0,,,,4,0
2026/04/19 04:00:00,0,0,0,0,0,0,0,,4,,4,0,,,,4,0
2026/04/19 04:05:00,0,0,0,0,0,0,0,,4,,4,0,,,,4,0
2026/04/19 04:10:00,0,0,0,0,0,0,0,,4,,4,0,,,,4,0
2026/04/19 04:15:00,0,0,0,0,0,0,0,,4,,4,0,,,,4,0
2026/04/19 04:20:00,0,0,0,0,0,0,0,,4,,4,0,,,,4,0
2026/04/19 04:25:00,0,0,0,0,0,0,0,,4,,4,0,,,,4,0
2026/04/19 04:30:00,0,0,0,0,0,0,0,,4,,4,0,,,,4,0
2026/04/19 04:35:00,0,0,0,0,0,0,0,,4,,4,0,,,,4,0
2026/04/19 04:40:00,0,0,0,0,0,0,0,,4,,4,0,,,,4,0
2026/04/19 04:45:00,0,0,0,0,0,0,0,,4,,4,0,,,,4,0
2026/04/19 04:50:00,0,0,0,0,0,0,0,,4,,4,0,,,,4,0
2026/04/19 04:55:00,0,0,0,0,0,0,0,,4,,4,0,,,,4,0
2026/04/19 05:00:00,0,0,0,0,0,0,0,,4,,4,0,,,,4,0
2026/04/19 05:05:00,0,0,0,0,0,0,0,,4,,4,0,,,,4,0
2026/04/19 05:10:00,0,0,0,0,0,0,0,,4,,4,0,,,,4,0
2026/04/19 05:15:00,0,0,0,0,0,0,0,,4,,4,0,,,,4,0
2026/04/19 05:20:00,0,0,0,0,0,0,0,,4,,4,0,,,,4,0
2026/04/19 05:25:00,0,0,0,0,0,0,0,,4,,4,0,,,,4,0
2026/04/19 05:30:00,0,0,0,0,0,0,0,,4,,4,0,,,,4,0
2026/04/19 05:35:00,0,0,0,0,0,0,0,,4,,4,0,,,,4,0
2026/04/19 05:40:00,0,0,0,0,0,0,0,,4,,4,0,,,,4,0
2026/04/19 05:45:00,0,0,0,0,0,0,0,,4,,4,0,,,,4,0
2026/04/19 05:50:00,0,0,0,0,0,0,0,,4,,4,0,,,,4,0
2026/04/19 05:55:00,0,0,0,0,0,0,0,,4,,4,0,,,,4,0
2026/04/19 06:00:00,0,0,0,0,0,0,0,,4,,4,0,,,,4,0
2026/04/19 06:05:00,0,0,0,0,0,0,0,,4,,4,0,,,,4,0
2026/04/19 06:10:00,0,0,0,0,0,0,0,,4,,4,0,,,,4,0
2026/04/19 06:15:00,0,0,0,0,0,0,0,,4,,4,0,,,,4,0
2026/04/19 06:20:00,0,0,0,0,0,0,0,,4,,4,0,,,,4,0
2026/04/19 06:25:00,0,0,0,0,0,0,0,,4,,4,0,,,,4,0
2026/04/19 06:30:00,0,0,0,0,0,0,0,,4,,4,0,,,,4,0
2026/04/19 06:35:00,0,0,0,0,0,0,0,,4,,4,0,,,,4,0
2026/04/19 06:40:00,0,0,0,0,0,0,0,,4,,4,0,,,,4,0
2026/04/19 06:45:00,0,0,0,0,0,0,0,,4,,4,0,,,,4,0
2026/04/19 06:50:00,0,0,0,0,0,0,0,,4,,4,0,,,,4,0
2026/04/19 06:55:00,0,0,0,0,0,0,0,,4,,4,0,,,,4,0
2026/04/19 07:00:00,0,0,0,0,0,0,0,,4,,4,0,,,,4,0
2026/04/19 07:05:00,0,0,0,0,0,0,0,,4,,4,0,,,,4,0
2026/04/19 07:10:00,0,0,0,0,0,0,0,,4,,4,0,,,,4,0
2026/04/19 07:15:00,0,0,0,0,0,0,0,,4,,4,0,,,,4,0
2026/04/19 07:20:00,0,0,0,0,0,0,0,,4,,4,0,,,,4,0
2026/04/19 07:25:00,0,0,0,0,0,0,0,,4,,4,0,,,,4,0
2026/04/19 07:30:00,0,0,0,0,0,0,0,,4,,4,0,,,,4,0
2026/04/19 07:35:00,0,0,0,0,0,0,0,,4,,4,0,,,,4,0
2026/04/19 07:40:00,0,0,0,0,0,0,0,,4,,4,0,,,,4,0
2026/04/19 07:45:00,0,0,0,0,0,0,0,,4,,4,0,,,,4,0
2026/04/19 07:50:00,0,0,0,0,0,0,0,,4,,4,0,,,,4,0
2026/04/19 07:55:00,0,0,0,0,0,0,0,,4,,4,0,,,,4,0
2026/04/19 08:00:00,0,0,0,0,0,0,0,,4,,4,0,,,,4,0
2026/04/19 08:05:00,0,0,0,0,0,0,0,,4,,4,0,,,,4,0
2026/04/19 08:10:00,0,0,0,0,0,0,0,,4,,4,0,,,,4,0
2026/04/19 08:15:00,0,0,0,0,0,0,0.2,,3.8,0,4,5,,0,,4,0
2026/04/19 08:20:00,0,0,0,0,0,0,1,2.194106666666667,3,0,4,25,190.28913333333335,0,7.289846666666667,4,0
2026/04/19 08:25:00,0,0,0,0,0,0,1,,3,,4,25,,,,4,0
2026/04/19 08:30:00,0,0,0,0,0,0,1,,3,0,4,25,,0,,4,0
2026/04/19 08:35:00,0,0,0,0,0,0,2.8,0.745855,1.2,0,4,70,1358.4457857142859,0,41.955391428571424,4,0
2026/04/19 08:40:00,0,0,0,0,0,0,3,0.6313050000000001,1,0,4,75,2264.90458,0,26.98654,5,1
2026/04/19 08:45:00,0,0,0,0,0,0,2.6,0.7322457142857142,1,0,3.6,71.66666666666667,94.35297,0,57.428064444444445,5,1.4
2026/04/19 08:50:00,0,0,0,0,0,0,2,0.0953825,1.8,,3.8,53.333333333333336,192.028,,0.862232,5,1.2
2026/04/19 08:55:00,0,0,0,0,0,0,2,0.482686,2.6,,4.6,44,114.46347999999998,,25.024238000000004,5,0.4
2026/04/19 09:00:00,0,0,0,0,0,0,2,0.4338399999999999,3,,5,40,93.39504000000001,,10.097145999999999,5,0
2026/04/19 09:05:00,0,0,0,0,0,0,2,0.0029920000000000003,3,,5,40,80.06908,,0.11095000000000002,5,0
2026/04/19 09:10:00,0,0,0,0,0,0,2,0.000016000000000000003,3,,5,40,52.788239999999995,,0.0005120000000000001,5,0
2026/04/19 09:15:00,0,0,0,0,0,0,2,0,3,,5,40,70.71036000000001,,0.0000020000000000000003,5,0
2026/04/19 09:20:00,0,0,0,0,0,0,2,0,2,,4,50,160.36454999999998,,0,4,0
2026/04/19 09:25:00,0,0,0,0,0,0,2,,2,,4,50,,,,4,0
2026/04/19 09:30:00,0,0,0,0,0,0,2,,2,,4,50,,,,4,0
2026/04/19 09:35:00,0,0,0,0,0,0,2,,2,,4,50,,,,4,0
2026/04/19 09:40:00,0,0,0,0,0,0,2,,2,,4,50,,,,4,0
2026/04/19 09:45:00,0,0,0,0,0,0,2,,2,,4,50,,,,4,0
2026/04/19 09:50:00,0,0,0,0,0,0,2,,2,,4,50,,,,4,0
2026/04/19 09:55:00,0,0,0,0,0,0,2,,2,,4,50,,,,4,0
2026/04/19 10:00:00,0,0,0,0,0,0,2,,2,,4,50,,,,4,0
2026/04/19 10:05:00,0,0,0,0,0,0,2,,2,,4,50,,,,4,0
2026/04/19 10:10:00,0,0,0,0,0,0,2,,2,,4,50,,,,4,0
2026/04/19 10:15:00,0,0,0,0,0,0,2,,2,,4,50,,,,4,0
2026/04/19 10:20:00,0,0,0,0,0,0,1.8,,2,,3.8,46.66666666666667,,,,4,0.2
2026/04/19 10:25:00,0,0,0,0,0,0,1,,2,,3,33.333333333333336,,,,4,1
2026/04/19 10:30:00,0,0,0,0,0,0,1,,2.4,,3.4,30,,,,4,0.6
2026/04/19 10:35:00,0,0,0,0,0,0,1,,3,,4,25,,,,4,0
2026/04/19 10:40:00,0,0,0,0,0,0,1,,3,,4,25,,,,4,0
2026/04/19 10:45:00,0,0,0,0,0,0,1,,3,,4,25,,,,4,0
2026/04/19 10:50:00,0,0,0,0,0,0,1,,3,,4,25,,,,4,0
2026/04/19 10:55:00,0,0,0,0,0,0,1,,3,,4,25,,,,4,0
2026/04/19 11:00:00,0,0,0,0,0,0,1,,3,,4,25,,,,4,0
2026/04/19 11:05:00,0,0,0,0,0,0,1,,3,,4,25,,,,4,0
2026/04/19 11:10:00,0,0,0,0,0,0,1,,3,,4,25,,,,4,0
2026/04/19 11:15:00,0,0,0,0,0,0,1,,3,,4,25,,,,4,0
2026/04/19 11:20:00,0,0,0,0,0,0,0.8,,3,,3.8,20,,,,4,0.2
2026/04/19 11:25:00,0,0,0,0,0,0,0,,3,,3,0,,,,4,1
2026/04/19 11:30:00,0,0,0,0,0,0,0,,3.4,,3.4,0,,,,4,0.6
2026/04/19 11:35:00,0,0,0,0,0,0,0,,4,,4,0,,,,4,0
2026/04/19 11:40:00,0,0,0,0,0,0,0,,4,,4,0,,,,4,0
2026/04/19 11:45:00,0,0,0,0,0,0,0,,4,,4,0,,,,4,0
2026/04/19 11:50:00,0,0,0,0,0,0,0,,4,,4,0,,,,4,0
2026/04/19 11:55:00,0,0,0,0,0,0,0,,4,,4,0,,,,4,0
2026/04/19 12:00:00,0,0,0,0,0,0,0,,4,,4,0,,,,4,0
2026/04/19 12:05:00,0,0,0,0,0,0,0,,4,,4,0,,,,4,0
2026/04/19 12:10:00,0,0,0,0,0,0,0,,4,,4,0,,,,4,0
2026/04/19 12:15:00,0,0,0,0,0,0,0,,4,,4,0,,,,4,0
2026/04/19 12:20:00,0,0,0,0,0,0,0,,4,0,4,0,,0,,4,0
2026/04/19 12:25:00,0,0,0,0,0,0,1,2.47602,3,0,4,25,566.32012,0,59.68636,4,0
2026/04/19 12:30:00,0,0,0,0,0,0,1,1.2136239999999998,3,,4,25,44.48796,,70.30646399999999,4,0
2026/04/19 12:35:00,0,0,0,0,0,0,1,4.258114000000001,3,,4,25,55.87864,,163.75048800000002,4,0
2026/04/19 12:40:00,0,0,0,0,0,0,1,2.98753,3,,4,25,52.772839999999995,,88.118578,4,0
2026/04/19 12:45:00,0,0,0,0,0,0,1,2.7869900000000003,3,,4,25,48.6168,,107.7808375,4,0
2026/04/19 12:50:00,0,0,0,0,0,0,1,,3,,4,25,,,,4,0
2026/04/19 12:55:00,0,0,0,0,0,0,1,,3,,4,25,,,,4,0
2026/04/19 13:00:00,0,0,0,0,0,0,1,,3,,4,25,,,,4,0
2026/04/19 13:05:00,0,0,0,0,0,0,1,,3,,4,25,,,,4,0
2026/04/19 13:10:00,0,0,0,0,0,0,1,,3,,4,25,,,,4,0
2026/04/19 13:15:00,0,0,0,0,0,0,1,,3,,4,25,,,,4,0
2026/04/19 13:20:00,0,0,0,0,0,0,1,,3,,4,25,,,,4,0
2026/04/19 13:25:00,0,0,0,0,0,0,1,,3,,4,25,,,,4,0
2026/04/19 13:30:00,0,0,0,0,0,0,1,,3,,4,25,,,,4,0
2026/04/19 13:35:00,0,0,0,0,0,0,1,,3,,4,25,,,,4,0
2026/04/19 13:40:00,0,0,0,0,0,0,1,,3,,4,25,,,,4,0
2026/04/19 13:45:00,0,0,0,0,0,0,1,,3,,4,25,,,,4,0
2026/04/19 13:50:00,0,0,0,0,0,0,1,,3,,4,25,,,,4,0
2026/04/19 13:55:00,0,0,0,0,0,0,1,,3,,4,25,,,,4,0
2026/04/19 14:00:00,0,0,0,0,0,0,1,,3,,4,25,,,,4,0
2026/04/19 14:05:00,0,0,0,0,0,0,1,,3,,4,25,,,,4,0
2026/04/19 14:10:00,0,0,0,0,0,0,1,,3,,4,25,,,,4,0
2026/04/19 14:15:00,0,0,0,0,0,0,1,,3,,4,25,,,,4,0
2026/04/19 14:20:00,0,0,0,0,0,0,1,,3,,4,25,,,,4,0
2026/04/19 14:25:00,0,0,0,0,0,0,1,,3,,4,25,,,,4,0
2026/04/19 14:30:00,0,0,0,0,0,0,1,,3,,4,25,,,,4,0
2026/04/19 14:35:00,0,0,0,0,0,0,1,,3,,4,25,,,,4,0
2026/04/19 14:40:00,0,0,0,0,0,0,1,,3,,4,25,,,,4,0
2026/04/19 14:45:00,0,0,0,0,0,0,0.8,,3,,3.8,20,,,,4,0.2
2026/04/19 14:50:00,0,0,0,0,0,0,0,,3,,3,0,,,,4,1
2026/04/19 14:55:00,0,0,0,0,0,0,0,,3.4,,3.4,0,,,,4,0.6
2026/04/19 15:00:00,0,0,0,0,0,0,0,,4,,4,0,,,,4,0
2026/04/19 15:05:00,0,0,0,0,0,0,0,,4,,4,0,,,,4,0
2026/04/19 15:10:00,0,0,0,0,0,0,0,,4,,4,0,,,,4,0
2026/04/19 15:15:00,0,0,0,0,0,0,0,,4,,4,0,,,,4,0
2026/04/19 15:20:00,0,0,0,0,0,0,0,,4,,4,0,,,,4,0
2026/04/19 15:25:00,0,0,0,0,0,0,0,,4,,4,0,,,,4,0
2026/04/19 15:30:00,0,0,0,0,0,0,0,,4,,4,0,,,,4,0
2026/04/19 15:35:00,0,0,0,0,0,0,0,,4,,4,0,,,,4,0
2026/04/19 15:40:00,0,0,0,0,0,0,0,,4,,4,0,,,,4,0
2026/04/19 15:45:00,0,0,0,0,0,0,0,,4,,4,0,,,,4,0
2026/04/19 15:50:00,0,0,0,0,0,0,0,,4,,4,0,,,,4,0
2026/04/19 15:55:00,0,0,0,0,0,0,0,,4,,4,0,,,,4,0
2026/04/19 16:00:00,0,0,0,0,0,0,0,,4,,4,0,,,,4,0
2026/04/19 16:05:00,0,0,0,0,0,0,0,,4,,4,0,,,,4,0
2026/04/19 16:10:00,0,0,0,0,0,0,0,,4,,4,0,,,,4,0
2026/04/19 16:15:00,0,0,0,0,0,0,0,,4,,4,0,,,,4,0
2026/04/19 16:20:00,0,0,0,0,0,0,0,,4,,4,0,,,,4,0
2026/04/19 16:25:00,0,0,0,0,0,0,0,,4,,4,0,,,,4,0
2026/04/19 16:30:00,0,0,0,0,0,0,0,,4,,4,0,,,,4,0
2026/04/19 16:35:00,0,0,0,0,0,0,0,,4,,4,0,,,,4,0
2026/04/19 16:40:00,0,0,0,0,0,0,0,,4,,4,0,,,,4,0
2026/04/19 16:45:00,0,0,0,0,0,0,0,,4,,4,0,,,,4,0
2026/04/19 16:50:00,0,0,0,0,0,0,0,,4,,4,0,,,,4,0
2026/04/19 16:55:00,0,0,0,0,0,0,0,,4,,4,0,,,,4,0
2026/04/19 17:00:00,0,0,0,0,0,0,0,,4,,4,0,,,,4,0
2026/04/19 17:05:00,0,0,0,0,0,0,0,,4,,4,0,,,,4,0
2026/04/19 17:10:00,0,0,0,0,0,0,0,,4,,4,0,,,,4,0
2026/04/19 17:15:00,0,0,0,0,0,0,0,,4,,4,0,,,,4,0
2026/04/19 17:20:00,0,0,0,0,0,0,0,,4,,4,0,,,,4,0
2026/04/19 17:25:00,0,0,0,0,0,0,0,,4,,4,0,,,,4,0
2026/04/19 17:30:00,0,0,0,0,0,0,0,,4,,4,0,,,,4,0
2026/04/19 17:35:00,0,0,0,0,0,0,0,,4,,4,0,,,,4,0
2026/04/19 17:40:00,0,0,0,0,0,0,0,,4,,4,0,,,,4,0
2026/04/19 17:45:00,0,0,0,0,0,0,0,,4,,4,0,,,,4,0
2026/04/19 17:50:00,0,0,0,0,0,0,0,,4,,4,0,,,,4,0
2026/04/19 17:55:00,0,0,0,0,0,0,0,,4,,4,0,,,,4,0
2026/04/19 18:00:00,0,0,0,0,0,0,0,,4,,4,0,,,,4,0
2026/04/19 18:05:00,0,0,0,0,0,0,0,,4,,4,0,,,,4,0
2026/04/19 18:10:00,0,0,0,0,0,0,0,,4,,4,0,,,,4,0
2026/04/19 18:15:00,0,0,0,0,0,0,0,,4,,4,0,,,,4,0
2026/04/19 18:20:00,0,0,0,0,0,0,0,,4,,4,0,,,,4,0
2026/04/19 18:25:00,0,0,0,0,0,0,0,,4,,4,0,,,,4,0
2026/04/19 18:30:00,0,0,0,0,0,0,0,,4,0,4,0,,0,,4,0
2026/04/19 18:35:00,0,0,0,0,0,0,1,0.8440599999999999,3,0,4,25,315.134,0,17.8119075,4,0
2026/04/19 18:40:00,0,0,0,0,0,0,1,3.320828,3,,4,25,125.28192000000001,,111.067102,4,0
2026/04/19 18:45:00,0,0,0,0,0,0,1,2.62777,3,,4,25,263.57696,,148.17138999999997,4,0
2026/04/19 18:50:00,0,0,0,0,0,0,1,0.141992,3,,4,25,315.70444000000003,,14.366394,4,0
2026/04/19 18:55:00,0,0,0,0,0,0,1,3.332794,3,,4,25,477.75424000000004,,204.542896,4,0
2026/04/19 19:00:00,0,0,0,0,0,0,1,0.568786,3,,4,25,101.35976000000001,,42.56644,4,0
2026/04/19 19:05:00,0,0,0,0,0,0,1,0.020832,3,,4,25,100.51352,,0.996452,4,0
2026/04/19 19:10:00,0,0,0,0,0,0,1,0.04664000000000001,3,,4,25,103.65286666666668,,1.3262333333333334,4,0
2026/04/19 19:15:00,0,0,0,0,0,0,1,,3,,4,25,,,,4,0
2026/04/19 19:20:00,0,0,0,0,0,0,1,,3,,4,25,,,,4,0
2026/04/19 19:25:00,0,0,0,0,0,0,1,,3,,4,25,,,,4,0
2026/04/19 19:30:00,0,0,0,0,0,0,1,,3,,4,25,,,,4,0
2026/04/19 19:35:00,0,0,0,0,0,0,1,,3,,4,25,,,,4,0
2026/04/19 19:40:00,0,0,0,0,0,0,1,,3,,4,25,,,,4,0
2026/04/19 19:45:00,0,0,0,0,0,0,1,,3,,4,25,,,,4,0
2026/04/19 19:50:00,0,0,0,0,0,0,1,,3,,4,25,,,,4,0
2026/04/19 19:55:00,0,0,0,0,0,0,1,,3,,4,25,,,,4,0
2026/04/19 20:00:00,0,0,0,0,0,0,1,,3,,4,25,,,,4,0
2026/04/19 20:05:00,0,0,0,0,0,0,1,,3,,4,25,,,,4,0
2026/04/19 20:10:00,0,0,0,0,0,0,1,,3,,4,25,,,,4,0
2026/04/19 20:15:00,0,0,0,0,0,0,1,,3,,4,25,,,,4,0
2026/04/19 20:20:00,0,0,0,0,0,0,1,,3,,4,25,,,,4,0
2026/04/19 20:25:00,0,0,0,0,0,0,1,,3,,4,25,,,,4,0
2026/04/19 20:30:00,0,0,0,0,0,0,1,,3,,4,25,,,,4,0
2026/04/19 20:35:00,0,0,0,0,0,0,1,,3,,4,25,,,,4,0
2026/04/19 20:40:00,0,0,0,0,0,0,1.4,1.84567,2.6,0,4,35,260.558,0,5.36976,4,0
2026/04/19 20:45:00,0,0,0,0,0,0,2,1.42737,2,,4,50,38.30244,,52.955096000000005,4,0
2026/04/19 20:50:00,0,0,0,0,0,0,2,1.299334,2,,4,50,38.734,,72.488154,4,0
2026/04/19 20:55:00,0,0,0,0,0,0,2,0.32617999999999997,2,,4,50,37.83524,,15.582486,4,0
2026/04/19 21:00:00,0,0,0,0,0,0,2,0.0020740000000000003,2,,4,50,35.25288,,0.08932999999999999,4,0
2026/04/19 21:05:00,0,0,0,0,0,0,2,0.00001,2,,4,50,31.286080000000005,,0.0004,4,0
2026/04/19 21:10:00,0,0,0,0,0,0,1.6,0,2,,3.6,43.333333333333336,30.67736,,0.0000020000000000000003,4,0.4
2026/04/19 21:15:00,0,0,0,0,0,0,1,0,2,,3,33.333333333333336,30.659079999999996,,0,4,1
2026/04/19 21:20:00,0,0,0,0,0,0,1,0,2.6,,3.6,28.333333333333336,33.85232,,0,4,0.4
2026/04/19 21:25:00,0,0,0,0,0,0,1,0,3,,4,25,30.198560000000004,,0,4,0
2026/04/19 21:30:00,0,0,0,0,0,0,1,0,3,,4,25,31.06328,,0,4,0
2026/04/19 21:35:00,0,0,0,0,0,0,1,,3,,4,25,29.06,,0,4,0
2026/04/19 21:40:00,0,0,0,0,0,0,1,0.656875,3,0,4,25,36.9377,0,3042.3817,4,0
2026/04/19 21:45:00,0,0,0,0,0,0,1,0,3,,4,25,28.77642,,298.773418,4,0
2026/04/19 21:50:00,0,0,0,0,0,0,1,0,3,,4,25,28.576599999999996,,2.069568,4,0
2026/04/19 21:55:00,0,0,0,0,0,0,1,0,3,,4,25,29.178559999999997,,0.709208,4,0
2026/04/19 22:00:00,0,0,0,0,0,0,1,0,3,,4,25,28.570240000000002,,0.7144119999999999,4,0
2026/04/19 22:05:00,0,0,0,0,0,0,1,0,3,,4,25,28.641840000000002,,0.713766,4,0
2026/04/19 22:10:00,0,0,0,0,0,0,1,0,3,,4,25,28.320240000000002,,0.649712,4,0
2026/04/19 22:15:00,0,0,0,0,0,0,1,,3,,4,25,,,,4,0
2026/04/19 22:20:00,0,0,0,0,0,0,1,,3,,4,25,,,,4,0
2026/04/19 22:25:00,0,0,0,0,0,0,1,,3,,4,25,,,,4,0
2026/04/19 22:30:00,0,0,0,0,0,0,1,,3,,4,25,,,,4,0
2026/04/19 22:35:00,0,0,0,0,0,0,1,,3,,4,25,,,,4,0
2026/04/19 22:40:00,0,0,0,0,0,0,1,,3,,4,25,,,,4,0
2026/04/19 22:45:00,0,0,0,0,0,0,1,,3,,4,25,,,,4,0
2026/04/19 22:50:00,0,0,0,0,0,0,1,,3,,4,25,,,,4,0
2026/04/19 22:55:00,0,0,0,0,0,0,1,,3,,4,25,,,,4,0
2026/04/19 23:00:00,0,0,0,0,0,0,1,,3,,4,25,,,,4,0
2026/04/19 23:05:00,0,0,0,0,0,0,1,1.11559,3,0,4,25,,0,,4,0
2026/04/19 23:10:00,0,0,0,0,0,0,1,0,3,,4,25,59.209120000000006,,771.389894,4,0
2026/04/19 23:15:00,0,0,0,0,0,0,1,0,3,,4,25,27.075039999999994,,3.594038,4,0
2026/04/19 23:20:00,0,0,0,0,0,0,1,0,3,,4,25,27.32724,,0.016116,4,0
2026/04/19 23:25:00,0,0,0,0,0,0,1,0,3,,4,25,27.405520000000003,,0.00007400000000000001,4,0
2026/04/19 23:30:00,0,0,0,0,0,0,1,0,3,,4,25,27.403399999999998,,0,4,0
2026/04/19 23:35:00,0,0,0,0,0,0,1,0,3,,4,25,27.441000000000003,,0,4,0
2026/04/19 23:40:00,0,0,0,0,0,0,1,0,3,,4,25,27.913999999999998,,0,4,0
2026/04/19 23:45:00,0,0,0,0,0,0,1,,3,,4,25,,,,4,0
2026/04/19 23:50:00,0,0,0,0,0,0,1,,3,,4,25,,,,4,0
2026/04/19 23:55:00,0,0,0,0,0,0,1,,3,,4,25,,,,4,0
2026/04/20 00:00:00,0,0,0,0,0,0,1,,3,,4,25,,,,4,0
2026/04/20 00:05:00,0,0,0,0,0,0,1,,3,,4,25,,,,4,0
2026/04/20 00:10:00,0,0,0,0,0,0,1,,3,,4,25,,,,4,0
2026/04/20 00:15:00,0,0,0,0,0,0,1,,3,,4,25,,,,4,0
2026/04/20 00:20:00,0,0,0,0,0,0,1,,3,,4,25,,,,4,0
2026/04/20 00:25:00,0,0,0,0,0,0,1,,3,,4,25,,,,4,0
2026/04/20 00:30:00,0,0,0,0,0,0,1,,3,,4,25,,,,4,0
2026/04/20 00:35:00,0,0,0,0,0,0,1,0.36593666666666663,3,0,4,25,27.463100000000004,0,1005.892142,4,0
2026/04/20 00:40:00,0,0,0,0,0,0,1,0,3,,4,25,28.3128,,4.690822,4,0
2026/04/20 00:45:00,0,0,0,0,0,0,1,0,3,,4,25,28.16428,,0.021618,4,0
2026/04/20 00:50:00,0,0,0,0,0,0,1,0,3,,4,25,28.804160000000003,,0.000098,4,0
2026/04/20 00:55:00,0,0,0,0,0,0,1,0,3,,4,25,28.603320000000004,,0,4,0
2026/04/20 01:00:00,0,0,0,0,0,0,1,0,3,,4,25,28.95956,,0,4,0
2026/04/20 01:05:00,0,0,0,0,0,0,1,0,3,,4,25,29.171133333333334,,0,4,0
2026/04/20 01:10:00,0,0,0,0,0,0,1,,3,,4,25,,,,4,0
2026/04/20 01:15:00,0,0,0,0,0,0,1,,3,,4,25,,,,4,0
2026/04/20 01:20:00,0,0,0,0,0,0,1,,3,,4,25,,,,4,0
2026/04/20 01:25:00,0,0,0,0,0,0,1,,3,,4,25,,,,4,0
2026/04/20 01:30:00,0,0,0,0,0,0,1,,3,,4,25,,,,4,0
2026/04/20 01:35:00,0,0,0,0,0,0,1,,3,,4,25,,,,4,0
2026/04/20 01:40:00,0,0,0,0,0,0,1,,3,,4,25,,,,4,0
2026/04/20 01:45:00,0,0,0,0,0,0,1,,3,,4,25,,,,4,0
2026/04/20 01:50:00,0,0,0,0,0,0,1,,3,,4,25,,,,4,0
2026/04/20 01:55:00,0,0,0,0,0,0,1,,3,,4,25,,,,4,0
2026/04/20 02:00:00,0,0,0,0,0,0,1,0.34799199999999997,3,0,4,25,28.89225,0,946.0554650000001,4,0
2026/04/20 02:05:00,0,0,0,0,0,0,1,0,3,,4,25,27.4096,,10.377142000000003,4,0
2026/04/20 02:10:00,0,0,0,0,0,0,1,0,3,,4,25,27.77188,,0.04822,4,0
2026/04/20 02:15:00,0,0,0,0,0,0,1,0,3,,4,25,27.537600000000005,,0.00022600000000000002,4,0
2026/04/20 02:20:00,0,0,0,0,0,0,1,0,3,,4,25,27.958640000000003,,0,4,0
2026/04/20 02:25:00,0,0,0,0,0,0,1,0,3,,4,25,27.758119999999998,,0,4,0
2026/04/20 02:30:00,0,0,0,0,0,0,1,0,3,,4,25,27.466400000000004,,0,4,0
2026/04/20 02:35:00,0,0,0,0,0,0,1,,3,,4,25,,,,4,0
2026/04/20 02:40:00,0,0,0,0,0,0,1,,3,,4,25,,,,4,0
2026/04/20 02:45:00,0,0,0,0,0,0,1,,3,,4,25,,,,4,0
2026/04/20 02:50:00,0,0,0,0,0,0,1,,3,,4,25,,,,4,0
2026/04/20 02:55:00,0,0,0,0,0,0,1,,3,,4,25,,,,4,0
2026/04/20 03:00:00,0,0,0,0,0,0,1,,3,,4,25,,,,4,0
2026/04/20 03:05:00,0,0,0,0,0,0,1,,3,,4,25,,,,4,0
2026/04/20 03:10:00,0,0,0,0,0,0,1,,3,,4,25,,,,4,0
2026/04/20 03:15:00,0,0,0,0,0,0,1,,3,,4,25,,,,4,0
2026/04/20 03:20:00,0,0,0,0,0,0,1,,3,,4,25,,,,4,0
2026/04/20 03:25:00,0,0,0,0,0,0,1,0.2899625,3,0,4,25,268.9804,0,55.83108333333334,4,0
2026/04/20 03:30:00,0,0,0,0,0,0,1,0.005418,3,,4,25,28.097739999999998,,1.295888,4,0
2026/04/20 03:35:00,0,0,0,0,0,0,1,0,3,,4,25,29.042199999999998,,0.0060019999999999995,4,0
2026/04/20 03:40:00,0,0,0,0,0,0,1,0,3,,4,25,27.601279999999996,,0.000026000000000000002,4,0
2026/04/20 03:45:00,0,0,0,0,0,0,1,0,3,,4,25,28.24952,,0,4,0
2026/04/20 03:50:00,0,0,0,0,0,0,1,0,3,,4,25,27.66416,,0,4,0
2026/04/20 03:55:00,0,0,0,0,0,0,1,0,3,,4,25,27.519800000000004,,0,4,0
2026/04/20 04:00:00,0,0,0,0,0,0,1,,3,,4,25,,,,4,0
2026/04/20 04:05:00,0,0,0,0,0,0,1,,3,,4,25,,,,4,0
2026/04/20 04:10:00,0,0,0,0,0,0,1,,3,,4,25,,,,4,0
2026/04/20 04:15:00,0,0,0,0,0,0,1,,3,,4,25,,,,4,0
2026/04/20 04:20:00,0,0,0,0,0,0,1,,3,,4,25,,,,4,0
2026/04/20 04:25:00,0,0,0,0,0,0,1,,3,,4,25,,,,4,0
2026/04/20 04:30:00,0,0,0,0,0,0,1,,3,,4,25,,,,4,0
2026/04/20 04:35:00,0,0,0,0,0,0,1,,3,,4,25,,,,4,0
2026/04/20 04:40:00,0,0,0,0,0,0,1,,3,,4,25,,,,4,0
2026/04/20 04:45:00,0,0,0,0,0,0,1,,3,,4,25,,,,4,0
2026/04/20 04:50:00,0,0,0,0,0,0,1,0.013803333333333334,3,0,4,25,673.6365000000001,0,1421.63521,4,0
2026/04/20 04:55:00,0,0,0,0,0,0,1,0,3,,4,25,29.80226,,74.337214,4,0
2026/04/20 05:00:00,0,0,0,0,0,0,1,0,3,,4,25,28.92996,,1.0624820000000001,28.8,24.8
2026/04/20 05:05:00,0,0,0,0,0,0,1,0.005514,3,,4,25,30.454,,1.9466,35,31
2026/04/20 05:10:00,0,0,0,0,0,0,1,0,31,,32,3.2549019607843137,31.940319999999996,,0.724212,35,3
2026/04/20 05:15:00,0,0,0,0,0,0,1,0,34,,35,2.857142857142857,31.51408,,0.7183999999999999,35,0
2026/04/20 05:20:00,0,0,0,0,0,0,1.6,0.44918,33.4,0,35,4.571428571428571,193.00575714285716,0,16.188545714285713,35,0
2026/04/20 05:25:00,0,0,0,0,0,0,2,0.042144,33,,35,5.714285714285714,46.56912,,9.408602,35,0
2026/04/20 05:30:00,0,0,0,0,0,0,2.6,0.5031,32.4,0,35,7.428571428571428,86.44951428571429,0,6.515605714285714,35,0
2026/04/20 05:35:00,0,0,0,0,0,0,3.2,2.2195062500000002,31.8,0,35,9.142857142857142,81.81029000000001,0,77.759144,35,0
2026/04/20 05:40:00,0,0,0,0,0,0,4,1.2588333333333332,31,0,35,11.428571428571429,73.35962666666666,0,88.52408933333332,35,0
2026/04/20 05:45:00,0,0,0,0,0,0,4,0.8074553333333333,31,,35,11.428571428571429,62.31782666666666,,32.64117066666667,35,0
2026/04/20 05:50:00,0,0,0,0,0,0,4,1.1322526666666666,31,,35,11.428571428571429,62.19136,,32.528898,35,0
2026/04/20 05:55:00,0,0,0,0,0,0,4.4,0.49459647058823525,30.6,0,35,12.571428571428571,67.138,0,8.7456375,35,0
2026/04/20 06:00:00,0,0,0,0,0,0,5.6,0.48665136363636363,29.4,0,35,16,61.14814285714285,0,28.953868095238096,35,0
2026/04/20 06:05:00,0,0,0,0,0,0,7.8,0.9266103703703704,27.2,0,35,22.28571428571429,93.91782307692309,0,72.83646999999999,35,0
2026/04/20 06:10:00,0,0,0,0,0,0,10.2,0.5858223684210525,24.8,0,35,29.142857142857146,68.55943684210527,0,24.176359473684208,35,0
2026/04/20 06:15:00,0,0,0,0,0,0,12.6,0.5410692857142857,22.4,0,35,36,59.40704716981132,0,94.87027603773585,35,0
2026/04/20 06:20:00,0,0,0,0,0,0,14,0.31958681818181817,21,0,35,40,298.40417812500004,0,33.470197812500004,35,0
2026/04/20 06:25:00,0,0,0,0,0,0,15.4,0.1442819718309859,19.6,0,35,44,209.3603420289855,0,2.843161884057971,35,0
2026/04/20 06:30:00,0,0,0,0,0,0,17.4,0.5466465384615384,17.6,0,35,49.71428571428572,172.70398641975305,0,29.86168234567901,35,0
2026/04/20 06:35:00,0,0,0,0,0,0,18.8,0.5323375280898877,16.2,0,35,53.71428571428571,427.4071272727273,0,43.9546275,35,0
2026/04/20 06:40:00,0,0,0,0,0,0,21.4,0.5945083333333333,13.6,0,35,61.142857142857146,531.2664663265306,0,26.751249285714284,35,0
2026/04/20 06:45:00,0,0,0,0,0,0,24.6,0.64093575,10.4,0,35,70.28571428571429,189.85780762711863,0,27.33900094017094,37.2,2.2
2026/04/20 06:50:00,0,0,0,0,0,0,26,0.565364117647059,9,0,35,74.28571428571429,446.52604132231403,0,36.426289,42.2,7.2
2026/04/20 06:55:00,0,0,0,0,0,0,27,0.27615520000000005,11.6,0,38.6,70.38501742160278,171.3619168,0,9.720239839999998,44.8,6.2
2026/04/20 07:00:00,0,0,0,0,0,0,28.4,0.40502312500000004,14,0,42.4,66.99134199134198,54.45461526717557,0,25.115452846153843,45,2.6
2026/04/20 07:05:00,0,0,0,0,0,0,30.4,0.6966325531914893,14,0,44.4,68.47474747474747,48.11476,0,56.90909021428572,46.2,1.8
2026/04/20 07:10:00,0,0,0,0,0,0,32.4,0.6112863265306123,11.6,0,44,73.63636363636364,47.714847651006714,0,43.85109516778524,52.8,8.8
2026/04/20 07:15:00,0,0,0,0,0,0,37,0.8171060119047618,8.2,0,45.2,81.85606060606061,67.45098461538463,0,113.0612801183432,58.4,13.2
2026/04/20 07:20:00,0,0,0,0,0,0,39.8,0.9598140425531914,13.2,0,53,75.12317747611866,49.745503703703704,0,93.24899420212766,63,10
2026/04/20 07:25:00,0,0,0,0,0,0,40,0.7391524468085106,18.2,0,58.2,68.8184375646607,47.8399064171123,0,52.37492962765958,63,4.8
2026/04/20 07:30:00,0,0,0,0,0,0,40,0.5451510810810811,23,0,63,63.492063492063494,52.02447127659574,0,66.60119459893049,65.8,2.8
2026/04/20 07:35:00,0,0,0,0,0,0,40,0.8045332608695652,23,0,63,63.492063492063494,47.10128440860215,0,61.673223243243235,70,7
2026/04/20 07:40:00,0,0,0,0,0,0,40,0.7737403243243244,25.4,0,65.4,61.28851540616247,43.83039135135135,0,47.800372648648654,70,4.6
2026/04/20 07:45:00,0,0,0,0,0,0,41,0.9275198952879582,29,0,70,58.57142857142858,74.98759259259259,0,65.31602343915344,70,0
2026/04/20 07:50:00,0,0,0,0,0,0,42,1.0700383333333334,28,,70,60,45.91494731707317,,52.272109219512195,70,0
2026/04/20 07:55:00,0,0,0,0,0,0,43.2,0.843023062200957,26.8,0,70,61.71428571428571,49.39957177033493,0,35.0608814354067,70,0
2026/04/20 08:00:00,0,0,0,0,0,0,44.8,0.9005244495412843,25,0,69.8,64.1863354037267,49.55141232876712,0,72.16874151376146,75,5.2
2026/04/20 08:05:00,0,0,0,0,0,0,44.8,0.8848996396396397,24,0,68.8,65.1150895140665,49.40831333333332,0,45.4779908,75,6.2
2026/04/20 08:10:00,0,0,0,0,0,0,46.6,0.8127928251121075,26.2,0,72.8,64.01764199082353,49.789219555555555,0,35.92291853982301,75,2.2
2026/04/20 08:15:00,0,0,0,0,0,0,48.6,0.9737650454545456,26,0,74.6,65.14594594594594,53.58417477477477,0,62.22123986486486,75,0.4
2026/04/20 08:20:00,0,0,0,0,0,0,49,0.8657137668161435,26,,75,65.33333333333333,57.55907847533632,,43.283624151785716,75,0
2026/04/20 08:25:00,0,0,0,0,0,0,49.6,0.8823356880733945,25.4,0,75,66.13333333333334,59.73833302752294,0,93.0247333027523,75,0
2026/04/20 08:30:00,0,0,0,0,0,0,50.6,0.9072599541284403,24.4,0,75,67.46666666666667,64.72788119266055,0,56.90943270642203,75,0
2026/04/20 08:35:00,0,0,0,0,0,0,51,0.6804541304347826,24,0,75,68,60.10898634361234,0,68.06472938325992,75,0
2026/04/20 08:40:00,0,0,0,0,0,0,51.4,0.6767319369369369,23.6,0,75,68.53333333333333,70.48005418502203,0,62.518603362831854,75,0
2026/04/20 08:45:00,0,0,0,0,0,0,52.6,0.6951965652173914,22.4,0,75,70.13333333333334,54.08616578947368,0,50.61819377192983,75,0
2026/04/20 08:50:00,0,0,0,0,0,0,53,0.7655196956521738,22,0,75,70.66666666666667,234.1265681034483,0,59.33684469827587,75,0
2026/04/20 08:55:00,0,0,0,0,0,0,52.4,0.7621539207048459,22,,74.4,70.42882882882883,116.09074086956521,,39.001142217391305,75,0.6
2026/04/20 09:00:00,0,0,0,0,0,0,52,0.6687701809954751,22,,74,70.27027027027027,64.74720639269407,,35.434976500000005,75,1
2026/04/20 09:05:00,0,0,0,0,0,0,52,0.7149151834862385,22.8,0,74.8,69.52072072072072,68.61823041474655,0,32.46968801843318,75,0.2
2026/04/20 09:10:00,0,0,0,0,0,0,52,1.0054146491228069,23,0,75,69.33333333333333,93.98403083700443,0,70.23904462222224,75,0
2026/04/20 09:15:00,0,0,0,0,0,0,52,0.828416311111111,23,,75,69.33333333333333,100.74103928571427,,64.56361401826484,75,0
2026/04/20 09:20:00,0,0,0,0,0,0,52,0.4673418834080717,23,0,75,69.33333333333333,164.01988778280543,0,35.273042685185196,75,0
2026/04/20 09:25:00,0,0,0,0,0,0,52,0.43534082568807336,23,0,75,69.33333333333333,122.49633378995435,0,23.52382376744186,75,0
2026/04/20 09:30:00,0,0,0,0,0,0,53,0.5368908658008658,22,0,75,70.66666666666667,59.748685964912276,0,66.47904192825112,75,0
2026/04/20 09:35:00,0,0,0,0,0,0,53,0.3656421585903083,22,,75,70.66666666666667,54.02064565217391,,22.498833466666667,75,0
2026/04/20 09:40:00,0,0,0,0,0,0,53,0.5131526431718062,22,0,75,70.66666666666667,160.90246563876656,0,50.20655648648649,75,0
2026/04/20 09:45:00,0,0,0,0,0,0,53,0.7295484615384615,22,0,75,70.66666666666667,363.6290022727273,0,60.87790744186047,75,0
2026/04/20 09:50:00,0,0,0,0,0,0,53,0.3864926146788991,22,0,75,70.66666666666667,56.10884232558139,0,23.153858714285715,75,0
2026/04/20 09:55:00,0,0,0,0,0,0,53,0.5460210849056604,22,0,75,70.66666666666667,59.30900516431925,0,60.090163701923075,75,0
2026/04/20 10:00:00,0,0,0,0,0,0,51.8,0.5270992195121951,22,,73.8,70.18881895594225,79.05854000000001,,25.098560250000002,75,1.2
2026/04/20 10:05:00,0,0,0,0,0,0,49.2,0.4489736021505377,22.2,0,71.4,68.90845070422534,56.797981720430116,0,32.49109104395605,75,3.6
2026/04/20 10:10:00,0,0,0,0,0,0,48.8,0.4113770056497176,23.2,0,72,67.77777777777779,56.597329775280905,0,24.99125938202247,75,3
2026/04/20 10:15:00,0,0,0,0,0,0,48,0.35187182857142857,26,,74,64.86486486486487,55.86878742857143,,19.209748857142856,75,1
2026/04/20 10:20:00,0,0,0,0,0,0,48,0.39379219653179187,26.6,,74.6,64.34594594594594,58.15427341040463,,19.618426242774564,75,0.4
2026/04/20 10:25:00,0,0,0,0,0,0,48,0.36792121019108276,27,,75,64,65.94740189873419,,15.001473417721517,75,0
2026/04/20 10:30:00,0,0,0,0,0,0,48,0.27483723684210526,27,0,75,64,67.22679473684211,0,25.523893289473687,75,0
2026/04/20 10:35:00,0,0,0,0,0,0,47.4,0.129246993006993,26.8,0,74.2,63.882117734172525,168.66346551724138,0,11.251901655172412,75,0.8
2026/04/20 10:40:00,0,0,0,0,0,0,47,0.23707565217391302,26,0,73,64.38356164383562,289.6865294964029,0,20.794786666666663,75,2
2026/04/20 10:45:00,0,0,0,0,0,0,47,0.34716803149606296,27,,74,63.51815377020856,502.13212857142855,,17.83587488188976,75,1
2026/04/20 10:50:00,0,0,0,0,0,0,46.2,0.47410919354838704,28,0,74.2,62.26306306306306,571.2563201612903,0,25.39397838709678,75,0.8
2026/04/20 10:55:00,0,0,0,0,0,0,47,0.5055825423728814,27,0,74,63.51351351351352,381.7210091666667,0,21.95666841666667,75,1
2026/04/20 11:00:00,0,0,0,0,0,0,46.4,0.6300901818181818,28,0,74.4,62.36396396396397,207.59648053097342,0,52.45850734513273,75,0.6
2026/04/20 11:05:00,0,0,0,0,0,0,45.2,0.5144632258064517,28,,73.2,61.74750092558312,101.78049893617022,,14.532521914893618,75,1.8
2026/04/20 11:10:00,0,0,0,0,0,0,44.2,0.5115689655172414,28.6,0,72.8,60.715372907153736,90.34647441860464,0,43.83925174418604,75,2.2
2026/04/20 11:15:00,0,0,0,0,0,0,44,1.0950304819277108,30,0,74,59.45945945945946,235.64741341463412,0,27.563719878048783,75,1
2026/04/20 11:20:00,0,0,0,0,0,0,44,0.8179892307692307,30.6,0,74.6,58.98378378378378,163.4168128205128,0,10.41441641025641,75,0.4
2026/04/20 11:25:00,0,0,0,0,0,0,43.6,0.6696202469135802,31,0,74.6,58.44324324324324,115.96209746835444,0,105.54677000000001,75,0.4
2026/04/20 11:30:00,0,0,0,0,0,0,43,1.091188488372093,31,0,74,58.108108108108105,401.72810117647055,0,130.89502047058824,75,1
2026/04/20 11:35:00,0,0,0,0,0,0,43,0.9843374999999999,31.4,0,74.4,57.7981981981982,185.17111477272726,0,65.41115113636364,75,0.6
2026/04/20 11:40:00,0,0,0,0,0,0,43,0.48429741935483867,32,0,75,57.333333333333336,85.65740326086956,0,38.78886804347826,75,0
2026/04/20 11:45:00,0,0,0,0,0,0,42,0.45174181818181824,31.8,0,73.8,56.9122547204739,312.9561,0,33.09749662790698,75,1.2
2026/04/20 11:50:00,0,0,0,0,0,0,41.8,0.6523848148148148,31.4,0,73.2,57.104776008885594,360.55447804878054,0,102.35893731707316,75,1.8
2026/04/20 11:55:00,0,0,0,0,0,0,40,0.8341894805194804,32.4,0,72.4,55.25114155251142,474.820208974359,0,117.6691453164557,75,2.6
2026/04/20 12:00:00,0,0,0,0,0,0,40,0.6830142307692308,33.6,0,73.6,54.3541898062446,583.1187565789472,0,89.2485561842105,75,1.4
2026/04/20 12:05:00,0,0,0,0,0,0,39.6,0.3197322727272727,35,0,74.6,53.08108108108108,537.2982022471909,0,230.55393955056178,75,0.4
2026/04/20 12:10:00,0,0,0,0,0,0,39,0.2983226041666666,34.6,0,73.6,52.99148463532025,258.0264114583333,0,34.807189791666666,75,1.4
2026/04/20 12:15:00,0,0,0,0,0,0,39,0.13106757575757577,34.6,0,73.6,52.99148463532025,176.957635,0,35.2457942,75,1.4
2026/04/20 12:20:00,0,0,0,0,0,0,39.6,0.40235678571428574,35,0,74.6,53.08108108108108,53.71854684684685,0,67.723489,75,0.4
2026/04/20 12:25:00,0,0,0,0,0,0,39.6,0.7696310256410256,34.4,0,74,53.51351351351351,57.697446153846144,0,113.54968179487179,75,1
2026/04/20 12:30:00,0,0,0,0,0,0,38.6,0.723276171875,34.2,0,72.8,53.021308980213085,263.1791248062016,0,53.84323255813953,75,2.2
2026/04/20 12:35:00,0,0,0,0,0,0,38,0.7163599285714286,33.8,0,71.8,52.926447574334894,279.26113065693426,0,42.307379197080294,75,3.2
2026/04/20 12:40:00,0,0,0,0,0,0,38,1.0037452173913044,34.4,0,72.4,52.488584474885855,48.338902836879434,0,63.93370964539006,75,2.6
2026/04/20 12:45:00,0,0,0,0,0,0,38.4,0.5346512230215827,35.4,0,73.8,52.03258052573121,51.07979347826087,0,41.62168934782609,75,1.2
2026/04/20 12:50:00,0,0,0,0,0,0,40,0.5189217730496454,34.6,0,74.6,53.62162162162163,63.59889718309858,0,27.53846288732394,75,0.4
2026/04/20 12:55:00,0,0,0,0,0,0,40,0.5990897222222222,35,0,75,53.333333333333336,53.70177430555555,0,63.89659541666666,75,0
2026/04/20 13:00:00,0,0,0,0,0,0,40.4,0.676135359477124,34.6,0,75,53.86666666666666,51.390354901960784,0,103.1464160130719,75,0
2026/04/20 13:05:00,0,0,0,0,0,0,39.8,0.6060634437086093,34,,73.8,53.92817475009256,50.35971241830065,,61.543249738562096,75,1.2
2026/04/20 13:10:00,0,0,0,0,0,0,38.4,0.4363270000000001,34.2,,72.6,52.88812785388127,75.68631690140845,,27.359994014084506,75,2.4
2026/04/20 13:15:00,0,0,0,0,0,0,37.8,0.6866663194444445,34.6,0,72.4,52.21080669710807,106.25419027777778,0,100.86326416666665,75,2.6
2026/04/20 13:20:00,0,0,0,0,0,0,38,0.8439463888888888,36,,74,51.35885474515611,184.12693034482754,,49.578466827586205,75,1
2026/04/20 13:25:00,0,0,0,0,0,0,38,0.5896844155844155,37,0,75,50.666666666666664,132.59414415584416,0,48.182376493506496,75,0
2026/04/20 13:30:00,0,0,0,0,0,0,38,0.6946335185185185,37,0,75,50.666666666666664,47.10276499999999,0,49.166413375000005,75,0
2026/04/20 13:35:00,0,0,0,0,0,0,38,0.555607453416149,37,,75,50.666666666666664,47.51169254658385,,30.956961604938275,75,0
2026/04/20 13:40:00,0,0,0,0,0,0,38,0.6764938607594937,37,,75,50.666666666666664,45.38394615384615,,36.3667525,75,0
2026/04/20 13:45:00,0,0,0,0,0,0,36.8,0.6414602666666667,37,0,73.8,49.8593607305936,52.94577549668874,0,40.67551766666667,75,1.2
2026/04/20 13:50:00,0,0,0,0,0,0,36,0.48179189189189187,36.4,0,72.4,49.72602739726027,49.706890604026846,0,26.903310536912755,75,2.6
2026/04/20 13:55:00,0,0,0,0,0,0,36,0.427577074829932,37.6,0,73.6,48.91521658644946,49.02446148648649,0,44.0077067114094,75,1.4
2026/04/20 14:00:00,0,0,0,0,0,0,36,0.3496063758389262,37.2,,73.2,49.2,48.76560266666666,,29.485538,73.2,0
2026/04/20 14:05:00,0,0,0,0,0,0,36.6,0.7668170833333333,35.4,0,72,50.83333333333333,47.70318551724138,0,65.54238248275863,72,0
2026/04/20 14:10:00,0,0,0,0,0,0,37,0.7067859602649007,35,0,72,51.38888888888889,63.322328000000006,0,109.52754406666666,72,0
2026/04/20 14:15:00,0,0,0,0,0,0,37,0.5046601333333334,35,,72,51.38888888888889,58.886442,,32.94111706666666,72,0
2026/04/20 14:20:00,0,0,0,0,0,0,37,0.3814134868421053,35,0,72,51.38888888888889,54.1128701986755,0,18.759649536423844,72,0
2026/04/20 14:25:00,0,0,0,0,0,0,37,0.49913770270270263,35,0,72,51.38888888888889,51.479410067114095,0,35.32883536912752,72,0
2026/04/20 14:30:00,0,0,0,0,0,0,37.4,0.5795357046979865,34.6,0,72,51.94444444444444,50.567154304635764,0,32.70994026490066,72,0
2026/04/20 14:35:00,0,0,0,0,0,0,38,0.5253695394736843,34,,72,52.777777777777786,48.604052980132444,,27.618788476821194,72,0
2026/04/20 14:40:00,0,0,0,0,0,0,38,0.6085816428571428,34,,72,52.777777777777786,47.69524428571429,,27.053356785714282,72,0
2026/04/20 14:45:00,0,0,0,0,0,0,37.2,0.6838590070921986,34,,71.2,52.24569640062599,48.32677857142857,,23.87529142857143,72,0.8
2026/04/20 14:50:00,0,0,0,0,0,0,37,0.671261679389313,34,0,71,52.11267605633803,55.476902272727266,0,41.31390075757575,72,1
2026/04/20 14:55:00,0,0,0,0,0,0,37,0.79641688,35,,72,51.38888888888889,46.75042440944882,,34.522032992125986,72,0
2026/04/20 15:00:00,0,0,0,0,0,0,37,0.48807825000000005,35,,72,51.38888888888889,44.86635666666666,,27.755807000000004,72,0
2026/04/20 15:05:00,0,0,0,0,0,0,37,0.40543066666666666,35,,72,51.38888888888889,45.914738333333325,,20.60486375,72,0
2026/04/20 15:10:00,0,0,0,0,0,0,37,0.8866701709401709,33.2,0,70.2,52.729468599033815,44.70928644067797,0,67.88073991525424,69.6,0
2026/04/20 15:15:00,0,0,0,0,0,0,37.8,0.6233338461538462,31.2,0,69,54.78260869565217,46.9299347826087,0,52.27379452173912,69,0
2026/04/20 15:20:00,0,0,0,0,0,0,38,0.7037994339622643,31,,69,55.07246376811595,41.729808490566036,,33.68004641509434,69,0
2026/04/20 15:25:00,0,0,0,0,0,0,37.6,0.6862039999999999,31,0,68.6,54.80818414322251,45.00090917431192,0,57.02491486238532,69,0.4
2026/04/20 15:30:00,0,0,0,0,0,0,37.6,0.37383904761904757,30.4,0,68,55.294117647058826,43.801155238095234,0,15.695034952380952,69,1
2026/04/20 15:35:00,0,0,0,0,0,0,38.4,0.5710143636363636,29.4,0,67.8,56.637401229148374,48.624330909090915,0,21.43863495412844,69,1.2
2026/04/20 15:40:00,0,0,0,0,0,0,37.6,0.7261978571428571,29.6,0,67.2,55.95258999122037,47.94911531531531,0,47.57016225225226,69,1.8
2026/04/20 15:45:00,0,0,0,0,0,0,38,0.865134649122807,29.8,,67.8,56.04916593503073,44.48115826086957,,28.823715304347832,69,1.2
2026/04/20 15:50:00,0,0,0,0,0,0,36.8,1.0885205940594058,31,0,67.8,54.26761218321322,40.45775576923078,0,44.30059615384616,69,1.2
2026/04/20 15:55:00,0,0,0,0,0,0,34.6,1.2464047311827957,31,0,65.6,52.74125874125874,42.047259574468086,0,55.76159315789473,69,3.4
2026/04/20 16:00:00,0,0,0,0,0,0,34,1.483980681818182,32.8,,66.8,50.909090909090914,48.727777011494254,,51.279880114942536,69,2.2
2026/04/20 16:05:00,0,0,0,0,0,0,32.8,1.0485650649350649,34.8,,67.6,48.51624231782265,41.548268354430384,,38.40066101265823,69,1.4
2026/04/20 16:10:00,0,0,0,0,0,0,32,1.3174972463768118,35.2,,67.2,47.620719929762956,41.69975294117647,,42.11754647058823,69,1.8
2026/04/20 16:15:00,0,0,0,0,0,0,31.4,1.2106388709677418,36.6,,68,46.1764705882353,45.58986129032258,,36.215546290322585,69,1
2026/04/20 16:20:00,0,0,0,0,0,0,30.6,1.2196480769230769,35.4,0,66,46.38056324711285,48.171099999999996,0,46.33518471698113,65.8,0.2
2026/04/20 16:25:00,0,0,0,0,0,0,31.6,0.9969861403508772,33.4,0,65,48.61538461538461,62.74561578947368,0,61.20244999999999,64.4,0
2026/04/20 16:30:00,0,0,0,0,0,0,31.2,1.0784505454545454,30.6,,61.8,50.50189155107188,46.51640350877193,,65.7522298245614,62,0.8
2026/04/20 16:35:00,0,0,0,0,0,0,29,0.845658695652174,29.4,0,58.4,49.673343605547,41.38144680851064,0,68.7654229787234,60,2
2026/04/20 16:40:00,0,0,0,0,0,0,27,0.547596511627907,27.4,,54.4,49.63636363636364,42.38958837209302,,29.29054790697674,57,2.6
2026/04/20 16:45:00,0,0,0,0,0,0,27,0.630281081081081,26.6,0,53.6,50.39833751154506,47.99462105263159,0,101.46587763157895,53.8,0.6
2026/04/20 16:50:00,0,0,0,0,0,0,25.2,0.3658955555555556,26,,51.2,49.215686274509814,70.56796111111112,,3.552936111111111,53,1.8
2026/04/20 16:55:00,0,0,0,0,0,0,24.6,0.3075240625,26.2,,50.8,48.423529411764704,63.206959375,,0.0746365625,53,2.2
2026/04/20 17:00:00,0,0,0,0,0,0,24,0.44407700000000006,28,,52,46.15384615384615,65.43977333333333,,1.6694573333333333,52.4,0.8
2026/04/20 17:05:00,0,0,0,0,0,0,23.5,1.134450294117647,26.5,0,50,47.00784929356358,81.35839117647059,0,104.87416852941176,50,0.5
2026/04/20 17:10:00,0,0,0,0,0,0,22.8,0.9681713333333332,25.4,,48.2,47.32879818594104,68.6696,,15.359098999999999,48.8,1
2026/04/20 17:15:00,0,0,0,0,0,0,22,0.34262966666666667,23.6,,45.6,48.251207729468604,49.15916666666667,,0.24970766666666663,47,1.4
2026/04/20 17:20:00,0,0,0,0,0,0,20.4,0.3462814814814814,22,,42.4,48.13704994192799,48.54038518518519,,7.304111851851851,44.6,2.2
2026/04/20 17:25:00,0,0,0,0,0,0,19.4,0.045098400000000004,22.2,,41.6,46.62020905923345,50.667344,,2.1768804,43,1.8
2026/04/20 17:30:00,0,0,0,0,0,0,17.6,0.0045412000000000004,20,,37.6,46.799431009957324,51.32212,,0.11116240000000001,39,1.4
2026/04/20 17:35:00,0,0,0,0,0,0,17,0.0289064,20.2,,37.2,45.73099415204679,48.820479999999996,,0.1066568,37.4,0.6
2026/04/20 17:40:00,0,0,0,0,0,0,17,0.015396818181818183,19.6,,36.6,46.45645645645645,49.385017391304345,,0.5036813043478261,36.8,0.4
2026/04/20 17:45:00,0,0,0,0,0,0,17,0.0000033333333333333333,19.2,,36.2,46.96696696696697,55.88814666666667,,0,36,0
2026/04/20 17:50:00,0,0,0,0,0,0,17,0,18.8,,35.8,47.492063492063494,54.520999999999994,,0,35.6,0
2026/04/20 17:55:00,0,0,0,0,0,0,16.2,0.06234066666666667,18,,34.2,47.34300993124523,52.40097333333333,,3.8122386666666666,35,0.8
2026/04/20 18:00:00,0,0,0,0,0,0,14.2,0.04179083333333333,16.2,,30.4,46.77787729511867,54.28479999999999,,0.5682138461538461,32.6,2.4
2026/04/20 18:05:00,0,0,0,0,0,0,12,0,15.4,,27.4,43.90760810071155,49.44912000000001,,0,30,3
2026/04/20 18:10:00,0,0,0,0,0,0,11.4,0,14.2,,25.6,44.52307692307693,58.444433333333336,,0,27,1.4
2026/04/20 18:15:00,0,0,0,0,0,0,11,,13.8,,24.8,44.42307692307693,,,,25.4,0.8
2026/04/20 18:20:00,0,0,0,0,0,0,10.2,,14,,24.2,42.133333333333326,,,,24.6,0.6
2026/04/20 18:25:00,0,0,0,0,0,0,10,,12,,22,45.45454545454545,,,,23,1
2026/04/20 18:30:00,0,0,0,0,0,0,10,,12.8,,22.8,43.873517786561266,,,,22.4,0
2026/04/20 18:35:00,0,0,0,0,0,0,10,,12,,22,45.45454545454545,,,,22,0
2026/04/20 18:40:00,0,0,0,0,0,0,9.6,,11.6,,21.2,45.27272727272727,,,,21.2,0.4
2026/04/20 18:45:00,0,0,0,0,0,0,8.2,,11,,19.2,42.684210526315795,,,,20.4,1.4
2026/04/20 18:50:00,0,0,0,0,0,0,7,,10.2,,17.2,40.71895424836602,,,,18,0.8
2026/04/20 18:55:00,0,0,0,0,0,0,6.4,,9.6,,16,39.97058823529412,,,,16.8,0.8
2026/04/20 19:00:00,0,0,0,0,0,0,6,,8.6,,14.6,41.23076923076923,,,,15.2,0.8
2026/04/20 19:05:00,0,0,0,0,0,0,5.6,,7.8,,13.4,41.75824175824175,,,,14,0.6
2026/04/20 19:10:00,0,0,0,0,0,0,5,,6.8,,11.8,42.65734265734265,,,,12.4,0.8
2026/04/20 19:15:00,0,0,0,0,0,0,5,,6.6,,11.6,43.18181818181817,,,,12,0.4
2026/04/20 19:20:00,0,0,0,0,0,0,4.2,,6.2,,10.4,40.33333333333333,,,,11,0.8
2026/04/20 19:25:00,0,0,0,0,0,0,4,,5.2,,9.2,44,,,,9.8,0.8
2026/04/20 19:30:00,0,0,0,0,0,0,4,,5,,9,44.44444444444444,,,,9,0
2026/04/20 19:35:00,0,0,0,0,0,0,4,,4.2,,8.2,48.88888888888889,,,,8,0
2026/04/20 19:40:00,0,0,0,0,0,0,3.2,,3.6,,6.8,47.142857142857146,,,,7.6,0.8
2026/04/20 19:45:00,0,0,0,0,0,0,2,,2,,4,50,,,,6,2
2026/04/20 19:50:00,0,0,0,0,0,0,2.6,0.810605,2.8,0,5.4,48,40.2385,0,4.115925,5.8,0.6
2026/04/20 19:55:00,0,0,0,0,0,0,3,0,2.2,,5.2,58,29.592519999999997,,0.21715,5,0
2026/04/20 20:00:00,0,0,0,0,0,0,2.6,0,2,,4.6,56,33.8346,,0.000998,5,0.4
2026/04/20 20:05:00,0,0,0,0,0,0,2,0.14040599999999998,2,,4,50,30.48768,,9.65317,5,1
2026/04/20 20:10:00,0,0,0,0,0,0,1.6,0.146566,2.8,,4.4,36,31.673720000000003,,13.210072000000002,5,0.6
2026/04/20 20:15:00,0,0,0,0,0,0,1,0.69303,3,,4,25,30.873079999999998,,30.018894,5,1
2026/04/20 20:20:00,0,0,0,0,0,0,1,4.02762,3.8,,4.8,21,29.24116,,147.623136,5,0.2
2026/04/20 20:25:00,0,0,0,0,0,0,1,3.7198216666666664,3.8,,4.8,21,34.870999999999995,,149.69072599999998,4.6,0
2026/04/20 20:30:00,0,0,0,0,0,0,1,3.2945680000000004,3,,4,25,32.01304,,137.75366599999998,4,0
2026/04/20 20:35:00,0,0,0,0,0,0,1,0.725746,3,,4,25,30.01304,,20.798628,4,0
2026/04/20 20:40:00,0,0,0,0,0,0,1,0.23054000000000002,3,,4,25,30.542199999999998,,13.220430000000002,4,0
2026/04/20 20:45:00,0,0,0,0,0,0,1,0.0012460000000000001,3,,4,25,28.81476,,0.060897999999999994,4,0
2026/04/20 20:50:00,0,0,0,0,0,0,1,0.035234,3,,4,25,30.923879999999997,,0.41550200000000004,4,0
2026/04/20 20:55:00,0,0,0,0,0,0,1,0.004958000000000001,3,,4,25,37.84272,,0.21624400000000002,4,0
2026/04/20 21:00:00,0,0,0,0,0,0,1,0.000026000000000000002,3,,4,25,30.0608,,0.000992,4,0
2026/04/20 21:05:00,0,0,0,0,0,0,1,0,3,,4,25,30.80312,,0.0000020000000000000003,4,0
2026/04/20 21:10:00,0,0,0,0,0,0,1,0,3,,4,25,28.61736,,0,4,0
2026/04/20 21:15:00,0,0,0,0,0,0,1,0,3,,4,25,29.453960000000002,,0,4,0
2026/04/20 21:20:00,0,0,0,0,0,0,1,0,3,,4,25,27.668200000000002,,0,4,0
2026/04/20 21:25:00,0,0,0,0,0,0,1,0,3,,4,25,27.954400000000003,,0,4,0
2026/04/20 21:30:00,0,0,0,0,0,0,1,,3,,4,25,,,,4,0
2026/04/20 21:35:00,0,0,0,0,0,0,1,,3,,4,25,,,,4,0
2026/04/20 21:40:00,0,0,0,0,0,0,1,,3,,4,25,,,,4,0
2026/04/20 21:45:00,0,0,0,0,0,0,1,,3,,4,25,,,,4,0
2026/04/20 21:50:00,0,0,0,0,0,0,1,,3,,4,25,,,,4,0
2026/04/20 21:55:00,0,0,0,0,0,0,1,,3,,4,25,,,,4,0
2026/04/20 22:00:00,0,0,0,0,0,0,1,0.0553975,3,0,4,25,29.92673333333333,0,749.9591633333334,4,0
2026/04/20 22:05:00,0,0,0,0,0,0,1,0,3,,4,25,28.41988,,18.885278,4,0
2026/04/20 22:10:00,0,0,0,0,0,0,1,0,3,,4,25,361.90427999999997,,0.795894,4,0
2026/04/20 22:15:00,0,0,0,0,0,0,1,0,3,,4,25,30.10712,,0.7145599999999999,4,0
2026/04/20 22:20:00,0,0,0,0,0,0,1,0.5521183333333334,3,0,4,25,32.222879999999996,0,475.41266400000006,4,0
2026/04/20 22:25:00,0,0,0,0,0,0,1,0,3,,4,25,29.125260000000004,,61.977351999999996,4,0
2026/04/20 22:30:00,0,0,0,0,0,0,1,0,3,,4,25,29.231350000000003,,0.34905499999999995,4,0
2026/04/20 22:35:00,0,0,0,0,0,0,1,,3,,4,25,,,,4,0
2026/04/20 22:40:00,0,0,0,0,0,0,1,,3,,4,25,,,,4,0
2026/04/20 22:45:00,0,0,0,0,0,0,1,,3,,4,25,,,,4,0
2026/04/20 22:50:00,0,0,0,0,0,0,1,,3,,4,25,,,,4,0
2026/04/20 22:55:00,0,0,0,0,0,0,1,,3,,4,25,,,,4,0
2026/04/20 23:00:00,0,0,0,0,0,0,1,,3,,4,25,,,,4,0
2026/04/20 23:05:00,0,0,0,0,0,0,1,,3,,4,25,,,,4,0
2026/04/20 23:10:00,0,0,0,0,0,0,1,,3,,4,25,,,,4,0
2026/04/20 23:15:00,0,0,0,0,0,0,1,,3,,4,25,,,,4,0
2026/04/20 23:20:00,0,0,0,0,0,0,1,,3,,4,25,,,,4,0
2026/04/20 23:25:00,0,0,0,0,0,0,1,0.02730666666666667,3,0,4,25,26.060533333333336,0,1656.1843,4,0
2026/04/20 23:30:00,0,0,0,0,0,0,1,0,3,,4,25,27.770400000000002,,40.842296,4,0
2026/04/20 23:35:00,0,0,0,0,0,0,1,0,3,,4,25,33.86236,,0.8999880000000001,4,0
2026/04/20 23:40:00,0,0,0,0,0,0,1,0,3,,4,25,27.8476,,0.721216,4,0
2026/04/20 23:45:00,0,0,0,0,0,0,1,0,3,,4,25,27.31764,,1.276362,4,0
2026/04/20 23:50:00,0,0,0,0,0,0,1,0,3,,4,25,27.518719999999995,,0.7186259999999999,4,0
2026/04/20 23:55:00,0,0,0,0,0,0,1,0,3,,4,25,27.985000000000003,,0.7181580000000001,4,0
2026/04/21 00:00:00,0,0,0,0,0,0,1,0,3,,4,25,27.5063,,0.23285,4,0
2026/04/21 00:05:00,0,0,0,0,0,0,1,,3,,4,25,,,,4,0
2026/04/21 00:10:00,0,0,0,0,0,0,1,,3,,4,25,,,,4,0
2026/04/21 00:15:00,0,0,0,0,0,0,1,,3,,4,25,,,,4,0
2026/04/21 00:20:00,0,0,0,0,0,0,1,,3,,4,25,,,,4,0
2026/04/21 00:25:00,0,0,0,0,0,0,1,,3,,4,25,,,,4,0
2026/04/21 00:30:00,0,0,0,0,0,0,1,,3,,4,25,,,,4,0
2026/04/21 00:35:00,0,0,0,0,0,0,1,,3,,4,25,,,,4,0
2026/04/21 00:40:00,0,0,0,0,0,0,1,,3,,4,25,,,,4,0
2026/04/21 00:45:00,0,0,0,0,0,0,1,,3,,4,25,,,,4,0
2026/04/21 00:50:00,0,0,0,0,0,0,1,0.729125,3,0,4,25,32.516,0,1864.25613,4,0
2026/04/21 00:55:00,0,0,0,0,0,0,1,0,3,,4,25,28.21456,,96.433016,4,0
2026/04/21 01:00:00,0,0,0,0,0,0,1,0,3,,4,25,28.131439999999998,,0.44195599999999996,4,0
2026/04/21 01:05:00,0,0,0,0,0,0,1,0,3,,4,25,28.199,,0.002072,4,0
2026/04/21 01:10:00,0,0,0,0,0,0,1,0,3,,4,25,28.31572,,0.000008000000000000001,4,0
2026/04/21 01:15:00,0,0,0,0,0,0,1,0,3,,4,25,28.104719999999997,,0,4,0
2026/04/21 01:20:00,0,0,0,0,0,0,1,0.005298,3,,4,25,28.643919999999998,,0,4,0
2026/04/21 01:25:00,0,0,0,0,0,0,1,,3,,4,25,,,,4,0
2026/04/21 01:30:00,0,0,0,0,0,0,1,,3,,4,25,,,,4,0
2026/04/21 01:35:00,0,0,0,0,0,0,1,,3,,4,25,,,,4,0
2026/04/21 01:40:00,0,0,0,0,0,0,1,,3,,4,25,,,,4,0
2026/04/21 01:45:00,0,0,0,0,0,0,1,,3,,4,25,,,,4,0
2026/04/21 01:50:00,0,0,0,0,0,0,1,,3,,4,25,,,,4,0
2026/04/21 01:55:00,0,0,0,0,0,0,1,,3,,4,25,,,,4,0
2026/04/21 02:00:00,0,0,0,0,0,0,1,,3,,4,25,,,,4,0
2026/04/21 02:05:00,0,0,0,0,0,0,1,,3,,4,25,,,,4,0
2026/04/21 02:10:00,0,0,0,0,0,0,1,,3,,4,25,,,,4,0
2026/04/21 02:15:00,0,0,0,0,0,0,1,1.176265,3,0,4,25,28.4595,0,1327.03014,4,0
2026/04/21 02:20:00,0,0,0,0,0,0,1,0,3,,4,25,28.269,,133.381374,4,0
2026/04/21 02:25:00,0,0,0,0,0,0,1,0,3,,4,25,27.856119999999997,,0.6067440000000001,4,0
2026/04/21 02:30:00,0,0,0,0,0,0,1,0,3,,4,25,28.321440000000003,,0.002794,4,0
2026/04/21 02:35:00,0,0,0,0,0,0,1,0,3,,4,25,27.38512,,0.00001,4,0
2026/04/21 02:40:00,0,0,0,0,0,0,1,0,3,,4,25,27.483240000000002,,0,4,0
2026/04/21 02:45:00,0,0,0,0,0,0,1,0,3,,4,25,27.9618,,0,4,0
2026/04/21 02:50:00,0,0,0,0,0,0,1,0,3,,4,25,28.0652,,0,4,0
2026/04/21 02:55:00,0,0,0,0,0,0,1,,3,,4,25,,,,4,0
2026/04/21 03:00:00,0,0,0,0,0,0,1,,3,,4,25,,,,4,0
2026/04/21 03:05:00,0,0,0,0,0,0,1,,3,,4,25,,,,4,0
2026/04/21 03:10:00,0,0,0,0,0,0,1,,3,,4,25,,,,4,0
2026/04/21 03:15:00,0,0,0,0,0,0,1,,3,,4,25,,,,4,0
2026/04/21 03:20:00,0,0,0,0,0,0,1,,3,,4,25,,,,4,0
2026/04/21 03:25:00,0,0,0,0,0,0,1,,3,,4,25,,,,4,0
2026/04/21 03:30:00,0,0,0,0,0,0,1,,3,,4,25,,,,4,0
2026/04/21 03:35:00,0,0,0,0,0,0,1,,3,,4,25,,,,4,0
2026/04/21 03:40:00,0,0,0,0,0,0,1,1.60183,3,0,4,25,,0,,4,0
2026/04/21 03:45:00,0,0,0,0,0,0,1,0,3,,4,25,29.616380000000003,,431.053038,4,0
2026/04/21 03:50:00,0,0,0,0,0,0,1,0,3,,4,25,27.779880000000002,,2.667178,4,0
2026/04/21 03:55:00,0,0,0,0,0,0,1,0,3,,4,25,26.992280000000004,,0.7280300000000001,4,0
2026/04/21 04:00:00,0,0,0,0,0,0,1,0,3,,4,25,28.24244,,0.7188019999999999,4,0
2026/04/21 04:05:00,0,0,0,0,0,0,1,0,3,,4,25,28.064,,0.718944,4,0
2026/04/21 04:10:00,0,0,0,0,0,0,1,0,3,,4,25,27.53376,,0.7176899999999999,4,0
2026/04/21 04:15:00,0,0,0,0,0,0,1,0,3,,4,25,28.82615,,0.58279,4,0
2026/04/21 04:20:00,0,0,0,0,0,0,1,,3,,4,25,,,,4,0
2026/04/21 04:25:00,0,0,0,0,0,0,1,,3,,4,25,,,,4,0
2026/04/21 04:30:00,0,0,0,0,0,0,1,,3,,4,25,,,,4,0
2026/04/21 04:35:00,0,0,0,0,0,0,1,,3,,4,25,,,,4,0
2026/04/21 04:40:00,0,0,0,0,0,0,1,,3,,4,25,,,,4,0
2026/04/21 04:45:00,0,0,0,0,0,0,1,,3,,4,25,,,,4,0
2026/04/21 04:50:00,0,0,0,0,0,0,1.2,,2.8,0,4,30,,0,,4,0
2026/04/21 04:55:00,0,0,0,0,0,0,2,1.367042,2,0,4,50,129.37667499999998,0,36.398205,4,0
2026/04/21 05:00:00,0,0,0,0,0,0,2,2.8447325,2,,4,50,112.43263999999999,,112.02055399999999,35,31
2026/04/21 05:05:00,0,0,0,0,0,0,2,4.279946000000001,5.4,,7.4,41.904761904761905,99.49188000000001,,192.64563199999998,35,27.6
2026/04/21 05:10:00,0,0,0,0,0,0,2,0.23390499999999997,32.4,0,34.4,5.821428571428572,77.8383,0,468.39053,35,0.6
2026/04/21 05:15:00,0,0,0,0,0,0,2,0.00021000000000000004,33,,35,5.714285714285714,62.67456000000001,,2.1551750000000007,35,0
2026/04/21 05:20:00,0,0,0,0,0,0,2,0.0000010000000000000002,33,,35,5.714285714285714,62.867219999999996,,0.010031,35,0
2026/04/21 05:25:00,0,0,0,0,0,0,3.4,0.3752171428571428,31.6,0,35,9.714285714285714,89.27669999999999,0,7.479414285714285,35,0
2026/04/21 05:30:00,0,0,0,0,0,0,4,0.8346034999999998,31,0,35,11.428571428571429,55.896235000000004,0,47.858682,35,0
2026/04/21 05:35:00,0,0,0,0,0,0,5,0.91641625,30,0,35,14.285714285714286,63.13382916666666,0,42.610645416666664,35,0
2026/04/21 05:40:00,0,0,0,0,0,0,5,0.5319177272727272,30,,35,14.285714285714286,57.43970434782608,,74.42787782608696,35,0
2026/04/21 05:45:00,0,0,0,0,0,0,5,0.14831750000000002,30,,35,14.285714285714286,60.62603,,13.9350785,35,0
2026/04/21 05:50:00,0,0,0,0,0,0,5,0.4876719047619048,30,0,35,14.285714285714286,60.53733684210526,0,112.69818599999999,35,0
2026/04/21 05:55:00,0,0,0,0,0,0,5.8,0.9799486956521738,29.2,0,35,16.57142857142857,83.03891739130435,0,39.77269173913044,35,0
2026/04/21 06:00:00,0,0,0,0,0,0,6.2,1.0116892307692307,28.8,0,35,17.714285714285715,53.535672000000005,0,47.565646400000006,35,0
2026/04/21 06:05:00,0,0,0,0,0,0,9,0.4559469444444444,26,0,35,25.714285714285715,63.60784571428571,0,15.323417999999998,35,0
2026/04/21 06:10:00,0,0,0,0,0,0,11,0.5092995652173913,24,0,35,31.428571428571427,489.19318043478256,0,21.89379543478261,35,0
2026/04/21 06:15:00,0,0,0,0,0,0,12.6,0.39917094339622644,22.4,0,35,36,1129.4832814814815,0,19.61370351851852,35,0
2026/04/21 06:20:00,0,0,0,0,0,0,16,0.5534209375,19,0,35,45.71428571428572,582.7809698412697,0,39.8811407936508,35,0
2026/04/21 06:25:00,0,0,0,0,0,0,20.4,0.804677,14.6,0,35,58.28571428571429,67.07835909090909,0,42.33556681818182,35,0
2026/04/21 06:30:00,0,0,0,0,0,0,24.4,0.4544972897196261,10.6,0,35,69.71428571428572,375.2443027777777,0,25.644224579439253,37.6,2.6
2026/04/21 06:35:00,0,0,0,0,0,0,27,0.6327274576271186,8,0,35,77.14285714285714,279.0561572580645,0,76.003205,42.6,7.6
2026/04/21 06:40:00,0,0,0,0,0,0,29.2,0.7574408029197081,8.8,0,38,77.11355311355312,71.9957022556391,0,47.54057368421052,47.2,9.2
2026/04/21 06:45:00,0,0,0,0,0,0,33.2,1.007527972972973,9.6,0,42.8,77.59173126614986,343.8546513333333,0,59.1885968,48,5.2
2026/04/21 06:50:00,0,0,0,0,0,0,35,0.8158335582822086,12.2,0,47.2,74.14893617021276,324.87247345679015,0,39.207837222222224,48,0.8
2026/04/21 06:55:00,0,0,0,0,0,0,38.2,1.0165677108433733,9.8,0,48,79.58333333333333,306.05049411764696,0,49.53064764705883,56.4,8.4
2026/04/21 07:00:00,0,0,0,0,0,0,40,1.2133265217391307,8,0,48,83.33333333333333,295.22326250000003,0,97.39206302197802,66,18
2026/04/21 07:05:00,0,0,0,0,0,0,41.4,0.8216686740331492,14.8,0,56.2,74.55474845305353,246.242235359116,0,50.973131436464094,67,10.8
2026/04/21 07:10:00,0,0,0,0,0,0,44.8,0.7391790769230768,21.6,0,66.4,67.45510211181853,64.96164720812183,0,55.27464294416242,67,0.6
2026/04/21 07:15:00,0,0,0,0,0,0,47.6,0.9627025,19.4,0,67,71.04477611940298,64.74448356807513,0,46.7122592488263,73.4,6.4
2026/04/21 07:20:00,0,0,0,0,0,0,52.2,0.8921397402597403,14.8,0,67,77.91044776119404,214.9821925438597,0,42.66940912280702,75,8
2026/04/21 07:25:00,0,0,0,0,0,0,55,0.4232043265306122,19.8,0,74.8,73.53153153153151,226.89892096774196,0,21.083422208835344,75,0.2
2026/04/21 07:30:00,0,0,0,0,0,0,55.6,0.7484619685039371,19.4,0,75,74.13333333333334,81.18537007874014,0,48.823087007874015,75,0
2026/04/21 07:35:00,0,0,0,0,0,0,57,0.7970514885496184,18,0,75,76,48.648567680608366,0,44.70562787072244,75,0
2026/04/21 07:40:00,0,0,0,0,0,0,58,0.7290718773946361,17,,75,77.33333333333333,58.70424810606061,,38.63432,75,0
2026/04/21 07:45:00,0,0,0,0,0,0,58,0.6837571538461539,17,,75,77.33333333333333,49.03932923076923,,32.97433253846154,75,0
2026/04/21 07:50:00,0,0,0,0,0,0,58,0.4987908203125,17,0,75,77.33333333333333,179.56468488372093,0,25.616001439688716,75,0
2026/04/21 07:55:00,0,0,0,0,0,0,58,1.0166926530612248,17,,75,77.33333333333333,226.07835060728743,,42.73881910931174,75,0
2026/04/21 08:00:00,0,0,0,0,0,0,58,0.8178682400000001,17,0,75,77.33333333333333,88.14310398406373,0,51.8853456,75,0
2026/04/21 08:05:00,0,0,0,0,0,0,58,0.9420994422310757,17,,75,77.33333333333333,90.19389126984127,,44.53398551587302,75,0
2026/04/21 08:10:00,0,0,0,0,0,0,58.4,0.9586385062240664,16.6,0,75,77.86666666666667,108.96456224066391,0,48.20339244813278,75,0
2026/04/21 08:15:00,0,0,0,0,0,0,58.4,1.1289089583333334,16,,74.4,78.4936936936937,66.87921624999998,,50.517361125,75,0.6
2026/04/21 08:20:00,0,0,0,0,0,0,58,0.9976522689075631,16,0,74,78.37837837837837,217.4873809322034,0,52.31221635593221,75,1
2026/04/21 08:25:00,0,0,0,0,0,0,58,1.197216277056277,16.6,0,74.6,77.75135135135136,133.6639905579399,0,78.42500743478261,75,0.4
2026/04/21 08:30:00,0,0,0,0,0,0,58,1.3202603333333334,17,0,75,77.33333333333333,78.66015546218486,0,75.53269310638296,75,0
2026/04/21 08:35:00,0,0,0,0,0,0,57.6,1.0116144491525423,17,,74.6,77.21081081081081,122.37285021097047,,56.498703017241375,75,0.4
2026/04/21 08:40:00,0,0,0,0,0,0,57,0.5875076271186441,17,0,74,77.02702702702703,174.56837136752137,0,36.57632820960699,75,1
2026/04/21 08:45:00,0,0,0,0,0,0,58,0.6964864135021096,16.6,0,74.6,77.75135135135135,282.99135168067227,0,37.60024901287554,75,0.4
2026/04/21 08:50:00,0,0,0,0,0,0,58,0.9906231666666667,17,,75,77.33333333333333,107.64810291666666,,44.2027570212766,75,0
2026/04/21 08:55:00,0,0,0,0,0,0,57,0.8867303333333332,17,,74,77.02702702702703,442.6159045833334,,35.014652638297875,75,1
2026/04/21 09:00:00,0,0,0,0,0,0,57.6,0.8241878838174274,16.8,0,74.4,77.41981981981982,366.70463858921164,0,30.188211822033903,75,0.6
2026/04/21 09:05:00,0,0,0,0,0,0,58,0.45031995918367346,17,,75,77.33333333333333,89.35042540983606,,18.20219121338912,75,0
2026/04/21 09:10:00,0,0,0,0,0,0,57.2,0.3209916182572614,17,0,74.2,77.08828828828828,166.34149377593357,0,44.23626590717299,75,0.8
2026/04/21 09:15:00,0,0,0,0,0,0,57,0.43054521367521376,17,0,74,77.02702702702703,467.6349688034188,0,25.036497030567688,75,1
2026/04/21 09:20:00,0,0,0,0,0,0,58,0.45049417391304347,17,0,75,77.33333333333333,514.0705848484848,0,21.094217743362837,75,0
2026/04/21 09:25:00,0,0,0,0,0,0,58,0.5020697816593886,17,0,75,77.33333333333333,329.05868571428573,0,53.104972599118945,75,0
2026/04/21 09:30:00,0,0,0,0,0,0,57.4,0.6012335294117649,17,0,74.4,77.14954954954955,116.39441744680852,0,42.176509191489366,75,0.6
2026/04/21 09:35:00,0,0,0,0,0,0,57.2,0.5757943265306122,16.8,0,74,77.2972972972973,60.576744489795914,0,69.12559109756097,75,1
2026/04/21 09:40:00,0,0,0,0,0,0,58,0.5670534156378599,16.8,0,74.8,77.54234234234232,63.992315289256204,0,25.59115723140496,75,0.2
2026/04/21 09:45:00,0,0,0,0,0,0,59,0.8080581932773109,16,0,75,78.66666666666667,79.48177416666667,0,34.940989208333335,75,0
2026/04/21 09:50:00,0,0,0,0,0,0,59,1.1107230708661417,16,0,75,78.66666666666667,66.85295511811024,0,84.66384606299215,75,0
2026/04/21 09:55:00,0,0,0,0,0,0,59,1.2271031640625,16,0,75,78.66666666666667,98.07259420849421,0,100.26187625482625,75,0
2026/04/21 10:00:00,0,0,0,0,0,0,58.4,0.8256600000000001,16,0,74.4,78.4936936936937,63.245000413223146,0,43.60826995867769,75,0.6
2026/04/21 10:05:00,0,0,0,0,0,0,56.4,0.8039168609865471,16,,72.4,77.89954337899543,227.21638898678412,,41.985926740088104,75,2.6
2026/04/21 10:10:00,0,0,0,0,0,0,54,0.8144480184331797,17.2,0,71.2,75.85110663983903,112.64913564814816,0,48.44258810185186,75,3.8
2026/04/21 10:15:00,0,0,0,0,0,0,54,0.8121086320754718,19.4,,73.4,73.58363569048501,138.65714666666668,,43.2616219047619,75,1.6
2026/04/21 10:20:00,0,0,0,0,0,0,53.6,0.8936820289855072,21,0,74.6,71.84864864864865,168.8037897560976,0,61.11985717073171,75,0.4
2026/04/21 10:25:00,0,0,0,0,0,0,53.2,0.8382601951219513,20.8,0,74,71.8918918918919,57.361535784313716,0,40.13219292682927,75,1
2026/04/21 10:30:00,0,0,0,0,0,0,54,0.5013710416666667,20.6,0,74.6,72.38918918918918,82.31797315789474,0,45.694637736842104,75,0.4
2026/04/21 10:35:00,0,0,0,0,0,0,52.8,0.5011459016393441,21,0,73.8,71.53972602739725,83.6033745945946,0,26.909082594594597,75,1.2
2026/04/21 10:40:00,0,0,0,0,0,0,52,0.36453710059171607,20.6,0,72.6,71.62861491628615,297.69033588235294,0,35.25524952941176,75,2.4
2026/04/21 10:45:00,0,0,0,0,0,0,51.4,0.643445549132948,21.6,0,73,70.41630671767658,522.6357953757225,0,35.7949886627907,75,2
2026/04/21 10:50:00,0,0,0,0,0,0,51,0.550805294117647,22.6,0,73.6,69.2965568308034,765.7986737179488,0,59.22222974358973,75,1.4
2026/04/21 10:55:00,0,0,0,0,0,0,50.2,0.39325258992805756,23.6,,73.8,68.01925212884116,611.340446099291,,9.41382290780142,75,1.2
2026/04/21 11:00:00,0,0,0,0,0,0,49,0.7092400000000001,24,0,73,67.12328767123287,421.7252056910569,0,38.17994221311476,75,2
2026/04/21 11:05:00,0,0,0,0,0,0,49.4,0.7076554054054053,24.4,0,73.8,66.93817104776008,226.8087260869565,0,40.629122869565215,75,1.2
2026/04/21 11:10:00,0,0,0,0,0,0,49,0.46432464646464644,25,,74,66.21621621621621,58.04024554455446,,8.510871386138614,75,1
2026/04/21 11:15:00,0,0,0,0,0,0,50,0.417195,24.6,0,74.6,67.02702702702703,64.2209387755102,0,47.25082081632653,75,0.4
2026/04/21 11:20:00,0,0,0,0,0,0,50,0.17154655913978495,25,,75,66.66666666666667,68.40418924731182,,14.954791720430105,75,0
2026/04/21 11:25:00,0,0,0,0,0,0,50,0.2924957831325301,25,,75,66.66666666666667,99.21796309523809,,11.914698333333334,75,0
2026/04/21 11:30:00,0,0,0,0,0,0,50,0.42295173333333336,25,0,75,66.66666666666667,75.84834594594594,0,102.67486959459461,75,0
2026/04/21 11:35:00,0,0,0,0,0,0,49,0.2933239130434782,25,0,74,66.21621621621621,214.5136441176471,0,13.656896323529411,75,1
2026/04/21 11:40:00,0,0,0,0,0,0,49,0.07571859154929578,25.2,,74.2,66.03963963963963,365.5836814285714,,4.251035428571428,75,0.8
2026/04/21 11:45:00,0,0,0,0,0,0,49,0.044348750000000006,26,0,75,65.33333333333333,365.26170303030307,0,23.795987727272724,75,0
2026/04/21 11:50:00,0,0,0,0,0,0,47.4,0.5824298461538462,26,,73.4,64.56816816816817,721.3688815384616,,82.02524384615384,75,1.6
2026/04/21 11:55:00,0,0,0,0,0,0,45.4,0.7353040579710146,26,0,71.4,63.58372456964007,487.54292173913035,0,247.55056463768113,75,3.6
2026/04/21 12:00:00,0,0,0,0,0,0,45.8,1.3068771052631576,27.4,0,73.2,62.57609336135287,346.79011447368424,0,78.81601407894736,75,1.8
2026/04/21 12:05:00,0,0,0,0,0,0,45.4,1.005510253164557,28.2,0,73.6,61.68456127360237,408.0520675,0,50.11712240506329,75,1.4
2026/04/21 12:10:00,0,0,0,0,0,0,45.2,0.628882258064516,28,0,73.2,61.74750092558312,359.89511477272725,0,76.93989329545455,75,1.8
2026/04/21 12:15:00,0,0,0,0,0,0,46,0.6063687234042553,28.4,0,74.4,61.83063063063063,444.2186810526316,0,32.86680536842105,75,0.6
2026/04/21 12:20:00,0,0,0,0,0,0,46,0.49111381443298974,29,0,75,61.333333333333336,328.0105510204082,0,44.1832843877551,75,0
2026/04/21 12:25:00,0,0,0,0,0,0,45.6,0.776932551020408,28.4,0,74,61.61765601217657,334.5558183673469,0,29.290971010101014,75,1
2026/04/21 12:30:00,0,0,0,0,0,0,43.2,0.8326478431372549,28,0,71.2,60.66666666666667,379.13417400000003,0,51.64522425742574,75,3.8
2026/04/21 12:35:00,0,0,0,0,0,0,42,0.7156789814814815,29.6,0,71.6,58.68036529680366,335.3290564814815,0,99.05541953703704,75,3.4
2026/04/21 12:40:00,0,0,0,0,0,0,42.2,0.8652341803278689,32,0,74.2,56.88036529680365,224.5872423728814,0,112.21650152542372,75,0.8
2026/04/21 12:45:00,0,0,0,0,0,0,43,0.8874326829268292,32,0,75,57.333333333333336,77.81636209677418,0,53.86612741935484,75,0
2026/04/21 12:50:00,0,0,0,0,0,0,41.4,0.7735353968253966,31.4,0,72.8,56.86936936936937,50.652163281250004,0,17.958216093750003,75,2.2
2026/04/21 12:55:00,0,0,0,0,0,0,44,0.9969759060402686,28.2,0,72.2,60.93987823439878,77.83919315068493,0,83.72787074829931,75,2.8
2026/04/21 13:00:00,0,0,0,0,0,0,45,0.6786431612903225,29.8,0,74.8,60.16216216216217,70.82105419354839,0,70.37249832258065,75,0.2
2026/04/21 13:05:00,0,0,0,0,0,0,45,0.5407508,30,,75,60,334.3348393548387,,26.145955870967743,75,0
2026/04/21 13:10:00,0,0,0,0,0,0,44,0.6604736875,30,0,74,59.45945945945946,117.55719937106919,0,57.88084163522012,75,1
2026/04/21 13:15:00,0,0,0,0,0,0,43.2,0.700922,30.2,,73.4,58.85597926693818,52.09588343949045,,30.075007197452226,75,1.6
2026/04/21 13:20:00,0,0,0,0,0,0,41.6,0.634401059602649,31,0,72.6,57.29832572298326,122.26462171052631,0,24.65307625,75,2.4
2026/04/21 13:25:00,0,0,0,0,0,0,40.6,0.5972357961783439,31.8,0,72.4,56.07686453576865,80.44947324840764,0,25.064382738853507,75,2.6
2026/04/21 13:30:00,0,0,0,0,0,0,40.6,0.6859075151515152,32.6,,73.2,55.4646427249167,75.10960606060607,,35.456543696969696,75,1.8
2026/04/21 13:35:00,0,0,0,0,0,0,39.8,0.8369260645161289,34,,73.8,53.92817475009256,64.64726139240506,,41.881493101265825,75,1.2
2026/04/21 13:40:00,0,0,0,0,0,0,39,0.7160497931034482,34.8,,73.8,52.84709366901147,46.67348219178083,,27.982034794520548,75,1.2
2026/04/21 13:45:00,0,0,0,0,0,0,38.4,0.5118443243243244,34.6,0,73,52.60294541116459,47.8410858108108,0,71.16144810810812,75,2
2026/04/21 13:50:00,0,0,0,0,0,0,38,0.5585381456953643,35,0,73,52.054794520547944,51.41592980132451,0,49.46419556291391,75,2
2026/04/21 13:55:00,0,0,0,0,0,0,37.6,0.3627968243243243,36.6,,74.2,50.67387387387387,47.665262162162165,,12.472059864864866,75,0.8
2026/04/21 14:00:00,0,0,0,0,0,0,37.6,0.3243628571428571,36.4,0,74,50.810810810810814,47.2407829787234,0,31.38728134751773,75,1
2026/04/21 14:05:00,0,0,0,0,0,0,38,0.5957801369863013,36.6,0,74.6,50.94054054054054,43.987842465753424,0,22.786657586206896,75,0.4
2026/04/21 14:10:00,0,0,0,0,0,0,38.4,0.6360626174496644,34.2,0,72.6,52.912676056338036,46.26987651006712,0,24.79942080536913,72,0.6
2026/04/21 14:15:00,0,0,0,0,0,0,39.6,0.7021989743589744,31.4,0,71,55.774647887323944,48.339841558441556,0,28.207843051948053,72,1
2026/04/21 14:20:00,0,0,0,0,0,0,40,1.0200690303030302,31.8,,71.8,55.71205007824726,48.20502666666667,,63.856539757575746,72,0.2
2026/04/21 14:25:00,0,0,0,0,0,0,39.2,0.6203273333333332,32,0,71.2,55.0547730829421,46.64048242424242,0,44.43381478787879,72,0.8
2026/04/21 14:30:00,0,0,0,0,0,0,39,0.5634007185628743,32,0,71,54.929577464788736,48.71096319018404,0,37.21043717791411,72,1
2026/04/21 14:35:00,0,0,0,0,0,0,39,0.5457165838509318,33,0,72,54.166666666666664,46.45253926380368,0,37.376019634146346,72,0
2026/04/21 14:40:00,0,0,0,0,0,0,38.4,0.4648003378378378,33,0,71.4,53.779342723004696,51.602951006711415,0,43.23289885906041,72,0.6
2026/04/21 14:45:00,0,0,0,0,0,0,38,0.7498679389312977,33,0,71,53.52112676056338,48.31139849624061,0,44.45558485074627,72,1
2026/04/21 14:50:00,0,0,0,0,0,0,38.4,1.1001811023622048,33.4,0,71.8,53.48200312989045,47.109805426356594,0,107.38654255813955,72,0.2
2026/04/21 14:55:00,0,0,0,0,0,0,38.4,0.6344808527131783,33,0,71.4,53.779342723004696,46.414822047244094,0,13.446304960629922,72,0.6
2026/04/21 15:00:00,0,0,0,0,0,0,38,0.6290056198347107,33,0,71,53.52112676056338,45.251730833333326,0,45.312143416666665,72,1
2026/04/21 15:05:00,0,0,0,0,0,0,38,0.9959722807017544,33.8,,71.8,52.926447574334894,45.48459130434782,,43.63665052173913,72,0.2
2026/04/21 15:10:00,0,0,0,0,0,0,37.8,0.9235304545454546,33.4,0,71.2,53.090766823161196,48.79684128440367,0,42.93951935779816,72,0.8
2026/04/21 15:15:00,0,0,0,0,0,0,38,0.7676492307692308,33,0,71,53.52112676056338,48.900954368932034,0,34.344181067961166,72,1
2026/04/21 15:20:00,0,0,0,0,0,0,38,1.1167599029126214,34,0,72,52.777777777777786,52.42251619047619,0,47.838277333333345,72,0
2026/04/21 15:25:00,0,0,0,0,0,0,37.6,1.491410808080808,34,0,71.6,52.51173708920188,64.98526565656566,0,88.70336696969697,72,0.4
2026/04/21 15:30:00,0,0,0,0,0,0,36,1.0017885714285715,34,0,70,51.42857142857143,50.41139157894737,0,58.93163642105262,72,2
2026/04/21 15:35:00,0,0,0,0,0,0,35.8,1.0537053846153848,35,,70.8,50.57142857142857,55.425874444444446,,92.59972722222223,72,1.2
2026/04/21 15:40:00,0,0,0,0,0,0,35,0.9742675280898875,36,,71,49.29577464788732,52.51488636363637,,38.11177965909091,70.4,0.6
2026/04/21 15:45:00,0,0,0,0,0,0,34.2,0.8409442352941177,32.4,,66.6,51.35232926277702,51.58166117647058,,28.019259882352944,68,1.4
2026/04/21 15:50:00,0,0,0,0,0,0,34,1.0828861904761904,33,,67,50.74626865671642,50.3111,,40.135847500000004,68,1
2026/04/21 15:55:00,0,0,0,0,0,0,33.6,1.1476535897435898,34,,67.6,49.701492537313435,55.417164556962014,,39.203501518987345,68,0.4
2026/04/21 16:00:00,0,0,0,0,0,0,33.6,1.3561559722222223,31,0,64.6,52.08244491826581,49.959670833333334,0,47.972420416666665,64.8,0.8
2026/04/21 16:05:00,0,0,0,0,0,0,34,0.8993477333333334,29.6,,63.6,53.46230158730159,47.257553333333334,,39.270482933333334,64,0.4
2026/04/21 16:10:00,0,0,0,0,0,0,35.8,0.8907940506329114,28.2,0,64,55.9375,47.84000512820513,0,48.334266666666664,64,0
2026/04/21 16:15:00,0,0,0,0,0,0,36,0.8516371794871795,28,,64,56.25,44.547423076923074,,41.65853076923077,64,0
2026/04/21 16:20:00,0,0,0,0,0,0,35.8,1.0482541333333335,28,0,63.8,56.11111111111111,48.06270657894737,0,53.34727960526316,64,0.2
2026/04/21 16:25:00,0,0,0,0,0,0,34.8,0.8050944594594593,28,,62.8,55.412186379928315,46.79399178082192,,23.568825342465754,64,1.2
2026/04/21 16:30:00,0,0,0,0,0,0,34,0.7568702857142857,28.4,,62.4,54.4905273937532,45.85206571428571,,23.65325071428571,64,1.6
2026/04/21 16:35:00,0,0,0,0,0,0,34,1.030148695652174,29.4,0,63.4,53.63095238095239,68.81052537313434,0,24.254148358208955,64,0.6
2026/04/21 16:40:00,0,0,0,0,0,0,33.8,1.356508,30,,63.8,52.97619047619048,49.81917049180328,,58.39660590163935,64,0.2
2026/04/21 16:45:00,0,0,0,0,0,0,32.4,1.0871237931034485,29.6,0,62,52.25370804059329,48.87515666666666,0,63.37380199999999,64,2
2026/04/21 16:50:00,0,0,0,0,0,0,30.6,0.9587500000000001,29.4,,60,51,47.60943636363637,,58.226926000000006,64,4
2026/04/21 16:55:00,0,0,0,0,0,0,29.4,0.6966827586206897,31.8,0,61.2,48.048651507139084,46.75496379310345,0,95.89620464285713,64,2.8
2026/04/21 17:00:00,0,0,0,0,0,0,28,0.8746432727272728,33.6,,61.6,45.4574299312533,51.735707142857144,,66.6840570909091,63,2
2026/04/21 17:05:00,0,0,0,0,0,0,26.6,0.9977554716981132,31.8,,58.4,45.567522537264594,48.14662962962963,,53.84667092592593,59,1
2026/04/21 17:10:00,0,0,0,0,0,0,25.2,0.421681,32,,57.2,44.04632270331,48.170064,,39.4374582,57.4,0.8
2026/04/21 17:15:00,0,0,0,0,0,0,22.8,0.2547577551020408,30.4,,53.2,42.858141160027955,47.86432040816326,,34.646519795918366,55,1.8
2026/04/21 17:20:00,0,0,0,0,0,0,21,0.046518500000000004,29.8,,50.8,41.37362637362638,47.16823,,4.7850205,51,1
2026/04/21 17:25:00,0,0,0,0,0,0,20.6,0.5714425000000001,28.4,,49,42.0408163265306,48.91585,,31.170928000000004,50,1
2026/04/21 17:30:00,0,0,0,0,0,0,19.4,0.567714054054054,27.2,,46.6,41.64844541242057,47.86981891891892,,26.155781891891895,47.6,1.4
2026/04/21 17:35:00,0,0,0,0,0,0,18,0.41032833333333335,26.6,,44.6,40.36363636363636,47.624073333333335,,16.225037666666665,46.2,2
2026/04/21 17:40:00,0,0,0,0,0,0,17.6,0.1646351612903226,24.4,,42,41.91448559003863,45.43262,,6.737296333333334,43,1
2026/04/21 17:45:00,0,0,0,0,0,0,17,0.4880104,25,,42,40.476190476190474,42.05892307692307,,17.73265076923077,41.8,0.6
2026/04/21 17:50:00,0,0,0,0,0,0,16.8,1.1663727999999998,23,,39.8,42.205128205128204,41.60983999999999,,62.4801968,40,0.2
2026/04/21 17:55:00,0,0,0,0,0,0,15.6,0.8030052173913041,22.8,,38.4,40.618229565597986,42.641025000000006,,21.204639999999998,38.8,0.6
2026/04/21 18:00:00,0,0,0,0,0,0,14,1.5913973333333336,22,,36,38.888888888888886,46.85750666666666,,80.842484,37.4,1.6
2026/04/21 18:05:00,0,0,0,0,0,0,14,0.262487,19.6,,33.6,41.67557932263814,56.02910000000001,,25.249912000000002,35,1.4
2026/04/21 18:10:00,0,0,0,0,0,0,13.6,0.12203300000000002,21,,34.6,39.294117647058826,55.89388,,4.491130999999999,34.6,0
2026/04/21 18:15:00,0,0,0,0,0,0,12.6,0.001878,21,,33.6,37.48663101604278,54.86408,,0.061307,34,0.4
2026/04/21 18:20:00,0,0,0,0,0,0,12,0.000009999999999999999,19.8,,31.8,37.77126099706745,55.866099999999996,,0.000282,32,0.6
2026/04/21 18:25:00,0,0,0,0,0,0,11.8,0,19.8,,31.6,37.33870967741935,55.5407,,0.0000010000000000000002,31.6,0.2
2026/04/21 18:30:00,0,0,0,0,0,0,11.2,0,18.2,0,29.4,38.131256952169075,53.11690000000001,0,0,30,0.8
2026/04/21 18:35:00,0,0,0,0,0,0,11.6,0.27717642857142855,16.8,0,28.4,40.84802043422733,92.86422142857143,0,5.122185,28.8,0.8
2026/04/21 18:40:00,0,0,0,0,0,0,10.4,0.5930466666666666,15.8,0,26.2,39.686609686609685,71.67273333333333,0,20.985828,28,1.8
2026/04/21 18:45:00,0,0,0,0,0,0,11,0.6100066666666667,14,0,25,44.02820512820513,61.78095625,0,30.798894375,25,0.2
2026/04/21 18:50:00,0,0,0,0,0,0,11,0,13.8,,24.8,44.36666666666667,56.32177999999999,,0,24.6,0
2026/04/21 18:55:00,0,0,0,0,0,0,11,0,13,,24,45.833333333333336,54.21094000000001,,0,24,0
2026/04/21 19:00:00,0,0,0,0,0,0,11,0,12.6,,23.6,46.6304347826087,53.4519,,0,23.4,0
2026/04/21 19:05:00,0,0,0,0,0,0,11,0,12,,23,47.82608695652174,43.92112000000001,,0,23,0
2026/04/21 19:10:00,0,0,0,0,0,0,11,0,11.4,,22.4,49.1304347826087,43.9456,,0,22,0
2026/04/21 19:15:00,0,0,0,0,0,0,10.8,,11,,21.8,49.523809523809526,,,,21.6,0
2026/04/21 19:20:00,0,0,0,0,0,0,10,,9.4,,19.4,51.62907268170426,,,,20,0.8
2026/04/21 19:25:00,0,0,0,0,0,0,10,0.7351200000000001,9.4,0,19.4,51.578947368421055,29.6524,0,1920.067485,20,0.6
2026/04/21 19:30:00,0,0,0,0,0,0,9.4,0,10,,19.4,48.3625730994152,31.041800000000002,,98.709222,20,0.6
2026/04/21 19:35:00,0,0,0,0,0,0,8,0,10,,18,44.44444444444444,29.430359999999997,,0.45339,20,2
2026/04/21 19:40:00,0,0,0,0,0,0,8,0,10.8,,18.8,42.666666666666664,28.97464,,0.002062,19.2,0.8
2026/04/21 19:45:00,0,0,0,0,0,0,7.2,0,10,,17.2,41.83006535947713,30.41936,,0.000008000000000000001,18,0.8
2026/04/21 19:50:00,0,0,0,0,0,0,7,0,9,,16,43.88725490196079,28.884800000000002,,0,16.4,0.6
2026/04/21 19:55:00,0,0,0,0,0,0,6.8,0.012107999999999999,9,,15.8,43,29.387080000000005,,0,15.8,0
2026/04/21 20:00:00,0,0,0,0,0,0,5,,8,,13,38.46153846153846,29.5885,,0,15,2
2026/04/21 20:05:00,0,0,0,0,0,0,5,,7.4,,12.4,40.5011655011655,,,,12.6,0.6
2026/04/21 20:10:00,0,0,0,0,0,0,6,2.1715225,6,0,12,50,195.3618,0,51.80668666666667,12,0
2026/04/21 20:15:00,0,0,0,0,0,0,6,,5.2,,11.2,53.63636363636364,,,,11,0
2026/04/21 20:20:00,0,0,0,0,0,0,6,0.9029866666666666,5,0,11,54.54545454545455,94.98503333333333,0,39.080526666666664,11,0
2026/04/21 20:25:00,0,0,0,0,0,0,6,1.09426,5,,11,54.54545454545455,135.6826,,53.002216,11,0
2026/04/21 20:30:00,0,0,0,0,0,0,6,0.23339399999999996,5,,11,54.54545454545455,118.94595999999999,,18.888004,11,0
2026/04/21 20:35:00,0,0,0,0,0,0,6,0.391998,5,,11,54.54545454545455,116.51751999999999,,0.083872,11,0
2026/04/21 20:40:00,0,0,0,0,0,0,6,1.0984639999999999,5,,11,54.54545454545455,96.91404,,65.213234,11,0
2026/04/21 20:45:00,0,0,0,0,0,0,5.2,0.011538,5,,10.2,50.707070707070706,134.89996000000002,,0.8722520000000001,11,0.8
2026/04/21 20:50:00,0,0,0,0,0,0,4,0.008634285714285716,5,0,9,44.44444444444444,138.25441666666666,0,172.01436,11,2
2026/04/21 20:55:00,0,0,0,0,0,0,4,0,6.2,,10.2,39.43434343434343,62.96207,,41.37563200000001,11,0.8
2026/04/21 21:00:00,0,0,0,0,0,0,4,0,7,,11,36.36363636363637,42.243325,,0.68659375,11,0
2026/04/21 21:05:00,0,0,0,0,0,0,3,0,7,,10,30,29.7926,,0.7195,11,1
2026/04/21 21:10:00,0,0,0,0,0,0,2.4,0,6.6,,9,26.603174603174608,27.99812,,0.7049759999999999,9.8,0.8
2026/04/21 21:15:00,0,0,0,0,0,0,2,0,6,,8,25,27.5354,,0.7172919999999999,8.6,0.8
2026/04/21 21:20:00,0,0,0,0,0,0,2,0,4.8,,6.8,29.523809523809526,29.11404,,0.71937,7,0.2
2026/04/21 21:25:00,0,0,0,0,0,0,2,,4.6,,6.6,30.47619047619048,30.0081,,0.76961,6.4,0
2026/04/21 21:30:00,0,0,0,0,0,0,2,,4,,6,33.333333333333336,,,,5.8,0
2026/04/21 21:35:00,0,0,0,0,0,0,2,,3,,5,40,,,,5,0
2026/04/21 21:40:00,0,0,0,0,0,0,2,,3,,5,40,,,,4.6,0
2026/04/21 21:45:00,0,0,0,0,0,0,2,,2,,4,50,,,,4,0
2026/04/21 21:50:00,0,0,0,0,0,0,2,,2,,4,50,,,,4,0
2026/04/21 21:55:00,0,0,0,0,0,0,2,,2,,4,50,,,,4,0
2026/04/21 22:00:00,0,0,0,0,0,0,2,,2,,4,50,,,,4,0
2026/04/21 22:05:00,0,0,0,0,0,0,2,,2,,4,50,,,,4,0
2026/04/21 22:10:00,0,0,0,0,0,0,2,,2,,4,50,,,,4,0
2026/04/21 22:15:00,0,0,0,0,0,0,2,0.36103,2,0,4,50,,0,,4,0
2026/04/21 22:20:00,0,0,0,0,0,0,2,0,2,,4,50,48.6892,,196.39021599999998,4,0
2026/04/21 22:25:00,0,0,0,0,0,0,2,0,2,,4,50,27.702679999999997,,0.890508,4,0
2026/04/21 22:30:00,0,0,0,0,0,0,2,0,2,,4,50,27.570079999999997,,0.004121999999999999,4,0
2026/04/21 22:35:00,0,0,0,0,0,0,2,0,2,,4,50,27.6618,,0.000018,4,0
2026/04/21 22:40:00,0,0,0,0,0,0,2,0,2,,4,50,27.55396,,0,4,0
2026/04/21 22:45:00,0,0,0,0,0,0,2,0,2,,4,50,27.99308,,0,4,0
2026/04/21 22:50:00,0,0,0,0,0,0,2,0,2,,4,50,27.02265,,0,4,0
2026/04/21 22:55:00,0,0,0,0,0,0,2,,2,,4,50,,,,4,0
2026/04/21 23:00:00,0,0,0,0,0,0,1.4,,2,,3.4,40.00000000000001,,,,4,0.6
2026/04/21 23:05:00,0,0,0,0,0,0,1,,2,,3,33.333333333333336,,,,4,1
2026/04/21 23:10:00,0,0,0,0,0,0,1,,2.8,,3.8,26.666666666666668,,,,4,0.2
2026/04/21 23:15:00,0,0,0,0,0,0,1,,3,,4,25,,,,4,0
2026/04/21 23:20:00,0,0,0,0,0,0,1,,3,,4,25,,,,4,0
2026/04/21 23:25:00,0,0,0,0,0,0,1,,3,,4,25,,,,4,0
2026/04/21 23:30:00,0,0,0,0,0,0,1,,3,,4,25,,,,4,0
2026/04/21 23:35:00,0,0,0,0,0,0,1,,3,,4,25,,,,4,0
2026/04/21 23:40:00,0,0,0,0,0,0,1,,3,,4,25,,,,4,0
2026/04/21 23:45:00,0,0,0,0,0,0,1,0.596375,3,0,4,25,48.079600000000006,0,138.925968,4,0
2026/04/21 23:50:00,0,0,0,0,0,0,1,0,3,,4,25,29.56812,,1.905266,4,0
2026/04/21 23:55:00,0,0,0,0,0,0,1,0,3,,4,25,30.013279999999998,,0.008886000000000002,4,0
2026/04/22 00:00:00,0,0,0,0,0,0,1,0,3,,4,25,29.73444,,0.000042,4,0
2026/04/22 00:05:00,0,0,0,0,0,0,1,0,3,,4,25,28.73388,,0,4,0
2026/04/22 00:10:00,0,0,0,0,0,0,1,0,3,,4,25,29.55808,,0,4,0
2026/04/22 00:15:00,0,0,0,0,0,0,1,0,3,,4,25,28.9729,,0,4,0
2026/04/22 00:20:00,0,0,0,0,0,0,1,,3,,4,25,,,,4,0
2026/04/22 00:25:00,0,0,0,0,0,0,1,,3,,4,25,,,,4,0
2026/04/22 00:30:00,0,0,0,0,0,0,1,,3,,4,25,,,,4,0
2026/04/22 00:35:00,0,0,0,0,0,0,1,,3,,4,25,,,,4,0
2026/04/22 00:40:00,0,0,0,0,0,0,1,,3,,4,25,,,,4,0
2026/04/22 00:45:00,0,0,0,0,0,0,1,,3,,4,25,,,,4,0
2026/04/22 00:50:00,0,0,0,0,0,0,1,,3,,4,25,,,,4,0
2026/04/22 00:55:00,0,0,0,0,0,0,1,,3,,4,25,,,,4,0
2026/04/22 01:00:00,0,0,0,0,0,0,1,,3,,4,25,,,,4,0
2026/04/22 01:05:00,0,0,0,0,0,0,1,,3,,4,25,,,,4,0
2026/04/22 01:10:00,0,0,0,0,0,0,1,0.025256,3,0,4,25,35.633766666666666,0,874.0342100000001,4,0
2026/04/22 01:15:00,0,0,0,0,0,0,1,0,3,,4,25,28.897859999999998,,22.196971999999995,4,0
2026/04/22 01:20:00,0,0,0,0,0,0,1,0.005693999999999999,3,,4,25,27.9352,,1.3232399999999997,4,0
2026/04/22 01:25:00,0,0,0,0,0,0,1,0,3,,4,25,28.238960000000002,,0.737828,4,0
2026/04/22 01:30:00,0,0,0,0,0,0,1,0,3,,4,25,27.463879999999996,,0.7142259999999999,4,0
2026/04/22 01:35:00,0,0,0,0,0,0,1,0,3,,4,25,29.47128,,0.724776,4,0
2026/04/22 01:40:00,0,0,0,0,0,0,1,0,3,,4,25,26.929650000000002,,0.57772,4,0
2026/04/22 01:45:00,0,0,0,0,0,0,1,,3,,4,25,,,,4,0
2026/04/22 01:50:00,0,0,0,0,0,0,1,,3,,4,25,,,,4,0
2026/04/22 01:55:00,0,0,0,0,0,0,1,,3,,4,25,,,,4,0
2026/04/22 02:00:00,0,0,0,0,0,0,1,,3,,4,25,,,,4,0
2026/04/22 02:05:00,0,0,0,0,0,0,1,,3,,4,25,,,,4,0
2026/04/22 02:10:00,0,0,0,0,0,0,1,,3,,4,25,,,,4,0
2026/04/22 02:15:00,0,0,0,0,0,0,1,,3,,4,25,,,,4,0
2026/04/22 02:20:00,0,0,0,0,0,0,1,,3,,4,25,,,,4,0
2026/04/22 02:25:00,0,0,0,0,0,0,1,,3,,4,25,,,,4,0
2026/04/22 02:30:00,0,0,0,0,0,0,1,,3,,4,25,,,,4,0
2026/04/22 02:35:00,0,0,0,0,0,0,1,0.49561,3,0,4,25,30.1198,0,825.17623,4,0
2026/04/22 02:40:00,0,0,0,0,0,0,1,0.0047539999999999995,3,,4,25,27.952980000000004,,20.104224000000002,4,0
2026/04/22 02:45:00,0,0,0,0,0,0,1,0,3,,4,25,28.598200000000002,,0.09308799999999999,4,0
2026/04/22 02:50:00,0,0,0,0,0,0,1,0,3,,4,25,27.828639999999996,,0.00043400000000000003,4,0
2026/04/22 02:55:00,0,0,0,0,0,0,1,0,3,,4,25,29.27516,,0.0000020000000000000003,4,0
2026/04/22 03:00:00,0,0,0,0,0,0,1,0.004828333333333333,3,,4,25,28.160719999999998,,0,4,0
2026/04/22 03:05:00,0,0,0,0,0,0,1,0,3,,4,25,27.824075,,0,4,0
2026/04/22 03:10:00,0,0,0,0,0,0,1,,3,,4,25,,,,4,0
2026/04/22 03:15:00,0,0,0,0,0,0,1,,3,,4,25,,,,4,0
2026/04/22 03:20:00,0,0,0,0,0,0,1,,3,,4,25,,,,4,0
2026/04/22 03:25:00,0,0,0,0,0,0,1,,3,,4,25,,,,4,0
2026/04/22 03:30:00,0,0,0,0,0,0,1,,3,,4,25,,,,4,0
2026/04/22 03:35:00,0,0,0,0,0,0,1,,3,,4,25,,,,4,0
2026/04/22 03:40:00,0,0,0,0,0,0,1,,3,,4,25,,,,4,0
2026/04/22 03:45:00,0,0,0,0,0,0,1,,3,,4,25,,,,4,0
2026/04/22 03:50:00,0,0,0,0,0,0,1,,3,,4,25,,,,4,0
2026/04/22 03:55:00,0,0,0,0,0,0,1,,3,,4,25,,,,4,0
2026/04/22 04:00:00,0,0,0,0,0,0,1,0.01807,3,0,4,25,37.8765,0,86.16124,4,0
2026/04/22 04:05:00,0,0,0,0,0,0,1,0,3,,4,25,28.976799999999997,,5.394987499999999,4,0
2026/04/22 04:10:00,0,0,0,0,0,0,1,,3,,4,25,,,,4,0
2026/04/22 04:15:00,0,0,0,0,0,0,1,,3,,4,25,,,,4,0
2026/04/22 04:20:00,0,0,0,0,0,0,1,,3,,4,25,,,,4,0
2026/04/22 04:25:00,0,0,0,0,0,0,1,,3,,4,25,,,,4,0
2026/04/22 04:30:00,0,0,0,0,0,0,1,,3,,4,25,,,,4,0
2026/04/22 04:35:00,0,0,0,0,0,0,1,,3,,4,25,,,,4,0
2026/04/22 04:40:00,0,0,0,0,0,0,1,,3,,4,25,,,,4,0
2026/04/22 04:45:00,0,0,0,0,0,0,1,,3,,4,25,,,,4,0
2026/04/22 04:50:00,0,0,0,0,0,0,1,,3,,4,25,,,,4,0
2026/04/22 04:55:00,0,0,0,0,0,0,1,,3,,4,25,,,,4,0
2026/04/22 05:00:00,0,0,0,0,0,0,1,,3,,4,25,,,,35,31
2026/04/22 05:05:00,0,0,0,0,0,0,1.4,,4.8,0,6.2,27.666666666666668,,0,,35,28.8
2026/04/22 05:10:00,0,0,0,0,0,0,2,2.095226,31.6,,33.6,6.000000000000001,33.35604,,53.331776000000005,35,1.4
2026/04/22 05:15:00,0,0,0,0,0,0,2,5.2437439999999995,33,,35,5.714285714285714,24.63612,,184.94129,35,0
2026/04/22 05:20:00,0,0,0,0,0,0,2,5.224235999999999,33,,35,5.714285714285714,25.431,,373.98115199999995,35,0
2026/04/22 05:25:00,0,0,0,0,0,0,3,3.3361511111111115,32,0,35,8.571428571428571,127.185025,0,202.42274749999999,35,0
2026/04/22 05:30:00,0,0,0,0,0,0,2.6,1.1672999999999998,31.6,0,34.2,7.5966386554621845,46.2342875,0,59.86436,35,0.8
2026/04/22 05:35:00,0,0,0,0,0,0,3.2,0.6614011111111111,30.8,0,34,9.411764705882353,45.666199999999996,0,54.07165199999999,35,1
2026/04/22 05:40:00,0,0,0,0,0,0,4,0.7178799999999999,31,0,35,11.428571428571429,53.48188571428572,0,28.86903357142857,35,0
2026/04/22 05:45:00,0,0,0,0,0,0,4,0.9483593333333334,31,,35,11.428571428571429,42.08852,,23.619107333333332,35,0
2026/04/22 05:50:00,0,0,0,0,0,0,4,1.6398585714285716,31,,35,11.428571428571429,42.955760000000005,,63.80431133333334,35,0
2026/04/22 05:55:00,0,0,0,0,0,0,4.8,0.8037994736842105,30.2,0,35,13.714285714285714,139.7802111111111,0,19.585995555555556,35,0
2026/04/22 06:00:00,0,0,0,0,0,0,5,0.005745499999999999,30,,35,14.285714285714286,40.55504499999999,,1.3834060000000001,35,0
2026/04/22 06:05:00,0,0,0,0,0,0,5.6,0.035835909090909085,29,0,34.6,16.20168067226891,67.75892727272728,0,1.2390831818181818,35,0.4
2026/04/22 06:10:00,0,0,0,0,0,0,8.4,0.23334918918918918,25.6,0,34,24.705882352941178,50.214688888888894,0,9.736066944444444,35,1
2026/04/22 06:15:00,0,0,0,0,0,0,11.2,0.18315129629629628,23.4,0,34.6,32.35294117647059,48.84224807692307,0,11.85855903846154,35,0.4
2026/04/22 06:20:00,0,0,0,0,0,0,12,0.17214918032786883,23,,35,34.285714285714285,53.30826833333334,,4.541921666666666,35,0
2026/04/22 06:25:00,0,0,0,0,0,0,13.4,0.3247122222222222,21.6,0,35,38.28571428571429,60.27761875000001,0,7.7152214062499995,35,0
2026/04/22 06:30:00,0,0,0,0,0,0,15,0.7343765714285714,20,0,35,42.857142857142854,49.46406805555556,0,38.95681583333334,35,0
2026/04/22 06:35:00,0,0,0,0,0,0,18.6,0.7834620224719102,16.4,0,35,53.142857142857146,166.00188764044944,0,31.046225168539326,35,0
2026/04/22 06:40:00,0,0,0,0,0,0,23.8,0.594616261682243,11.2,0,35,68,104.7295777777778,0,36.79784879629629,35,0
2026/04/22 06:45:00,0,0,0,0,0,0,27.8,0.8410896240601503,7.2,0,35,79.42857142857142,54.28682706766917,0,44.00192315789474,43.6,8.6
2026/04/22 06:50:00,0,0,0,0,0,0,28.8,0.940698527131783,6.2,0,35,82.28571428571429,47.85948195488721,0,47.508283609022556,47.4,12.4
2026/04/22 06:55:00,0,0,0,0,0,0,30,0.6904541176470587,14,0,44,68.2815734989648,48.591220740740745,0,33.79544088888888,49,5
2026/04/22 07:00:00,0,0,0,0,0,0,30.4,0.6602759558823529,17.2,0,47.6,63.86524822695035,60.8246197080292,0,41.508588088235285,49,1.4
2026/04/22 07:05:00,0,0,0,0,0,0,33,0.9082585999999999,15.8,0,48.8,67.62755102040816,52.11514466666667,0,65.0789106,51.6,2.8
2026/04/22 07:10:00,0,0,0,0,0,0,35.2,0.8826400606060607,13.8,0,49,71.83673469387756,49.39770858895706,0,41.946388650306744,56.6,7.6
2026/04/22 07:15:00,0,0,0,0,0,0,37.8,0.6510077401129943,13.8,0,51.6,73.51205936920223,53.96293672316384,0,30.25297768361582,61.4,9.8
2026/04/22 07:20:00,0,0,0,0,0,0,38,0.6449344505494506,19,0,57,66.69908992235118,47.75405359116022,0,33.634296444444445,63,6
2026/04/22 07:25:00,0,0,0,0,0,0,38.2,0.5875967441860465,23.8,0,62,61.647356956268936,46.227104,0,23.861039431818178,63,1
2026/04/22 07:30:00,0,0,0,0,0,0,39.6,1.0846386885245902,23.4,0,63,62.857142857142854,52.03438444444445,0,72.98271972222223,70,7
2026/04/22 07:35:00,0,0,0,0,0,0,43,0.6424397474747474,20.4,0,63.4,67.81440781440782,53.959660913705584,0,41.8785848989899,70,6.6
2026/04/22 07:40:00,0,0,0,0,0,0,47.6,0.6605285648148148,21.6,0,69.2,68.78151260504201,52.21761216216216,0,52.32848756756757,73.6,4.4
2026/04/22 07:45:00,0,0,0,0,0,0,49,0.6093377729257642,21.2,0,70.2,69.80281690140845,45.5416947368421,0,38.18557894736842,74,3.8
2026/04/22 07:50:00,0,0,0,0,0,0,49.2,0.888554043478261,24.8,0,74,66.48648648648648,44.82581565217391,0,46.8404857826087,74.4,0.4
2026/04/22 07:55:00,0,0,0,0,0,0,50,1.1072223893805309,24,0,74,67.56756756756756,88.78641140350877,0,85.06478600877193,75,1
2026/04/22 08:00:00,0,0,0,0,0,0,50,0.8689491402714932,24.4,0,74.4,67.20720720720722,49.774235909090905,0,73.90747581818182,75,0.6
2026/04/22 08:05:00,0,0,0,0,0,0,50,0.6338732110091743,25,0,75,66.66666666666667,51.44004253393665,0,50.836507567567566,75,0
2026/04/22 08:10:00,0,0,0,0,0,0,50,0.7292582648401826,25,0,75,66.66666666666667,48.0873133640553,0,45.05977990697674,75,0
2026/04/22 08:15:00,0,0,0,0,0,0,51.4,0.7358264090909091,23.6,0,75,68.53333333333333,51.93523824884793,0,74.45602631336406,75,0
2026/04/22 08:20:00,0,0,0,0,0,0,52,0.7267823041474655,23,0,75,69.33333333333333,60.603290497737554,0,80.63638568181818,75,0
2026/04/22 08:25:00,0,0,0,0,0,0,52.2,0.7954658525345621,22.8,0,75,69.6,63.56080093023257,0,44.860804604651165,75,0
2026/04/22 08:30:00,0,0,0,0,0,0,53,0.5839659292035398,22,0,75,70.66666666666667,74.34510929203542,0,31.75740075221239,75,0
2026/04/22 08:35:00,0,0,0,0,0,0,53,0.5994445333333334,22,,75,70.66666666666667,57.476248444444444,,30.385465244444447,75,0
2026/04/22 08:40:00,0,0,0,0,0,0,54.2,0.5253464782608697,20.6,0,74.8,72.46486486486486,63.83423922413793,0,28.426407619047616,75,0.2
2026/04/22 08:45:00,0,0,0,0,0,0,55.8,0.5934326890756303,18,0,73.8,75.60903369122548,66.18044769874476,0,35.13702167364016,75,1.2
2026/04/22 08:50:00,0,0,0,0,0,0,55,0.8385996069868996,18.6,0,73.6,74.73158089596447,64.90709086956522,0,61.761402844827586,75,1.4
2026/04/22 08:55:00,0,0,0,0,0,0,55.4,0.7487069196428571,18.8,0,74.2,74.66306306306306,70.54022907488987,0,44.05159453744493,75,0.8
2026/04/22 09:00:00,0,0,0,0,0,0,57,0.9331032300884955,18,0,75,76,64.32597885462556,0,46.12190233480176,75,0
2026/04/22 09:05:00,0,0,0,0,0,0,57,0.6683829385964911,18,0,75,76,59.921753303964756,0,32.778525682819385,75,0
2026/04/22 09:10:00,0,0,0,0,0,0,57,1.189359603524229,18,0,75,76,47.49404148471615,0,59.85193021834061,75,0
2026/04/22 09:15:00,0,0,0,0,0,0,56.4,1.1574385462555066,18,,74.4,75.80540540540541,56.14701894273127,,56.27134643171806,75,0.6
2026/04/22 09:20:00,0,0,0,0,0,0,56,0.9992485964912279,18,0,74,75.67567567567568,58.84733362831859,0,76.96338695067264,75,1
2026/04/22 09:25:00,0,0,0,0,0,0,56,0.9182476255707763,18.8,0,74.8,74.86846846846848,53.482775113122166,0,57.73353285067874,75,0.2
2026/04/22 09:30:00,0,0,0,0,0,0,56,0.7914161739130434,19,0,75,74.66666666666667,57.70824757709251,0,73.39442048458149,75,0
2026/04/22 09:35:00,0,0,0,0,0,0,56,0.43284482758620685,19,0,75,74.66666666666667,46.13085281385281,0,39.358386839826835,75,0
2026/04/22 09:40:00,0,0,0,0,0,0,56,0.6438484188034188,19,,75,74.66666666666667,55.79177319148936,,34.18749344680851,75,0
2026/04/22 09:45:00,0,0,0,0,0,0,56,0.6523513333333335,19,0,75,74.66666666666667,51.562605042016806,0,33.00737781512605,75,0
2026/04/22 09:50:00,0,0,0,0,0,0,56,0.5264168584070795,19,0,75,74.66666666666667,46.241258333333334,0,46.63124192982456,75,0
2026/04/22 09:55:00,0,0,0,0,0,0,56,0.6821250434782609,19,0,75,74.66666666666667,57.14947854077253,0,48.71289090128755,75,0
2026/04/22 10:00:00,0,0,0,0,0,0,55.2,0.7881034782608696,19,,74.2,74.39091694434161,65.41326277056277,,45.90178406926406,75,0.8
2026/04/22 10:05:00,0,0,0,0,0,0,55,1.0024574336283187,18,0,73,75.34246575342466,55.86039247787611,0,65.52784446902655,75,2
2026/04/22 10:10:00,0,0,0,0,0,0,54.8,0.9804056194690265,19.2,0,74,74.05948414167592,66.91748755555555,0,76.63055297777778,75,1
2026/04/22 10:15:00,0,0,0,0,0,0,52.2,0.5795819417475728,20,,72.2,72.29832572298326,56.374087019230764,,38.613453894230766,75,2.8
2026/04/22 10:20:00,0,0,0,0,0,0,52,0.34696268656716417,20.8,,72.8,71.43609362787444,53.299469,,16.29469795,75,2.2
2026/04/22 10:25:00,0,0,0,0,0,0,52,0.23401236559139782,23,0,75,69.33333333333333,49.359011290322584,0,20.27027818181818,75,0
2026/04/22 10:30:00,0,0,0,0,0,0,52,0.3632610778443114,23,0,75,69.33333333333333,49.6700947368421,0,20.835526941176468,75,0
2026/04/22 10:35:00,0,0,0,0,0,0,51.4,0.3582635757575757,23,0,74.4,69.08468468468467,51.26597888198757,0,28.31856645962733,75,0.6
2026/04/22 10:40:00,0,0,0,0,0,0,50.2,0.35658059999999997,22.8,0,73,68.76619770455387,65.70164901960783,0,59.16539184210527,75,2
2026/04/22 10:45:00,0,0,0,0,0,0,49.8,0.37891835714285715,22.8,0,72.6,68.5958904109589,48.660175714285714,0,17.290349219858157,75,2.4
2026/04/22 10:50:00,0,0,0,0,0,0,48.6,0.692749090909091,23.8,0,72.4,67.12843269663645,96.92725041322313,0,69.08498636363636,75,2.6
2026/04/22 10:55:00,0,0,0,0,0,0,49,0.5478377685950413,24.4,0,73.4,66.76529680365296,67.38693416666666,0,27.091398416666667,75,1.6
2026/04/22 11:00:00,0,0,0,0,0,0,47.8,0.3641684210526316,26,0,73.8,64.76860422065901,53.67505739130436,0,20.06176660869565,75,1.2
2026/04/22 11:05:00,0,0,0,0,0,0,46.4,0.1548506,25.4,0,71.8,64.62441314553989,53.97069100000001,0,27.244657373737372,75,3.2
2026/04/22 11:10:00,0,0,0,0,0,0,45.4,0.2456826829268293,26.4,0,71.8,63.23643535489957,52.19265903614458,0,15.489604268292684,75,3.2
2026/04/22 11:15:00,0,0,0,0,0,0,45,0.2164685897435897,28.6,,73.6,61.144020733061836,57.25445897435898,,20.94287871794872,75,1.4
2026/04/22 11:20:00,0,0,0,0,0,0,45,0.16332926470588235,30,,75,60,62.40202272727272,,19.183476969696976,75,0
2026/04/22 11:25:00,0,0,0,0,0,0,45,0.0013938596491228068,30,0,75,60,66.06361228070176,0,26.097616315789473,75,0
2026/04/22 11:30:00,0,0,0,0,0,0,45.2,0.18521622641509433,29.8,0,75,60.266666666666666,65.348704,0,73.99119,75,0
2026/04/22 11:35:00,0,0,0,0,0,0,46,0.11947920634920633,29,0,75,61.333333333333336,74.04644999999998,0,20.32950274193548,75,0
2026/04/22 11:40:00,0,0,0,0,0,0,46,0.09541967213114752,29,0,75,61.333333333333336,63.479201639344254,0,29.551290983606556,75,0
2026/04/22 11:45:00,0,0,0,0,0,0,46,0.2715212280701754,29,,75,61.333333333333336,61.596168421052624,,17.816449824561403,75,0
2026/04/22 11:50:00,0,0,0,0,0,0,44.8,0.22240379310344827,28.2,0,73,61.369863013698634,59.56273157894737,0,55.96824070175438,75,2
2026/04/22 11:55:00,0,0,0,0,0,0,45,0.48180982758620694,28.4,,73.4,61.31506849315069,57.537728333333334,,43.926740333333335,75,1.6
2026/04/22 12:00:00,0,0,0,0,0,0,45,1.0771653846153844,30,0,75,60,66.33562037037036,0,95.93512407407408,75,0
2026/04/22 12:05:00,0,0,0,0,0,0,45,0.8589769999999999,30,0,75,60,47.80985666666666,0,206.61960999999994,75,0
2026/04/22 12:10:00,0,0,0,0,0,0,46,0.6019981578947369,28.2,0,74.2,61.98798798798798,50.606918421052626,0,108.10897842105263,75,0.8
2026/04/22 12:15:00,0,0,0,0,0,0,44.2,0.8429996470588236,26.8,0,71,62.25352112676056,43.78324651162791,0,89.75273220930234,75,4
2026/04/22 12:20:00,0,0,0,0,0,0,45,1.2625086021505376,27.8,0,72.8,61.843041961506174,43.46622340425532,0,63.378737765957446,75,2.2
2026/04/22 12:25:00,0,0,0,0,0,0,42.2,0.9866532323232323,29.6,0,71.8,58.772911441250244,53.10759595959596,0,100.82956595959595,75,3.2
2026/04/22 12:30:00,0,0,0,0,0,0,41.2,1.0136959649122808,29.6,0,70.8,58.197742007601164,45.350499099099096,0,99.07779522522524,75,4.2
2026/04/22 12:35:00,0,0,0,0,0,0,41.2,0.7655749999999999,32.2,0,73.4,56.13106256941874,43.820527199999994,0,71.99964822580645,75,1.6
2026/04/22 12:40:00,0,0,0,0,0,0,41.8,0.8937094520547946,31.2,0,73,57.26027397260275,43.899389041095894,0,111.78155301369863,75,2
2026/04/22 12:45:00,0,0,0,0,0,0,41.6,0.8096750335570471,31.8,0,73.4,56.67530544242872,45.00764967320262,0,62.48647673202615,75,1.6
2026/04/22 12:50:00,0,0,0,0,0,0,39.4,0.902348827586207,32.6,0,72,54.722222222222214,55.394764864864875,0,51.30917972972973,75,3
2026/04/22 12:55:00,0,0,0,0,0,0,41,0.8369839873417722,31.8,0,72.8,56.32882882882883,53.65724012738853,0,39.11336891719745,75,2.2
2026/04/22 13:00:00,0,0,0,0,0,0,40.4,0.9599933962264151,34,,74.4,54.2990990990991,51.26990875,,53.94410787500001,75,0.6
2026/04/22 13:05:00,0,0,0,0,0,0,38.8,0.9633081132075472,34,,72.8,53.27750285496764,51.006702515723276,,56.31152716981132,75,2.2
2026/04/22 13:10:00,0,0,0,0,0,0,35.8,0.9029453020134228,34.6,0,70.4,50.85311871227365,47.59949805194805,0,48.50108337662338,75,4.6
2026/04/22 13:15:00,0,0,0,0,0,0,36.4,1.0640835099337749,35.8,0,72.2,50.42655935613682,45.259907999999996,0,48.96125073333333,75,2.8
2026/04/22 13:20:00,0,0,0,0,0,0,36.2,0.8200058709677419,37.6,,73.8,49.04850055534987,47.380468387096776,,38.013570774193546,75,1.2
2026/04/22 13:25:00,0,0,0,0,0,0,35,0.5551977922077922,38,,73,47.945205479452056,50.10376258064515,,28.07516070967742,75,2
2026/04/22 13:30:00,0,0,0,0,0,0,34.6,0.6237586451612903,38,0,72.6,47.693983441452175,46.69299487179487,0,57.63106320512821,72,0.8
2026/04/22 13:35:00,0,0,0,0,0,0,35,0.5082652173913043,34,0,69,50.72463768115942,43.83264076433121,0,27.008446242038215,70,1
2026/04/22 13:40:00,0,0,0,0,0,0,35,0.7229986503067485,32.6,0,67.6,51.81818181818183,43.97781454545454,0,93.4668843030303,66.8,0
2026/04/22 13:45:00,0,0,0,0,0,0,34.4,0.7670296855345912,31,,65.4,52.596736596736605,44.27441875,,33.6876975,66,0.6
2026/04/22 13:50:00,0,0,0,0,0,0,33.2,0.758456625,30.8,0,64,51.875,46.0108641509434,0,47.716634968553464,66,2
2026/04/22 13:55:00,0,0,0,0,0,0,35,0.6180131360946746,29.8,0,64.8,54.01442307692307,48.82791976047904,0,20.759201377245507,66,1.2
2026/04/22 14:00:00,0,0,0,0,0,0,35.6,0.8204749707602339,29.8,0,65.4,54.43356643356643,48.19508959537572,0,37.91153658959537,66,0.6
2026/04/22 14:05:00,0,0,0,0,0,0,36,0.8121749707602338,29,0,65,55.38461538461538,47.5159156069364,0,42.264483583815036,66,1
2026/04/22 14:10:00,0,0,0,0,0,0,37.2,0.5077998837209302,28.6,0,65.8,56.53613053613053,48.958742196531794,0,24.4686298265896,66,0.2
2026/04/22 14:15:00,0,0,0,0,0,0,39,0.5754746111111111,27,0,66,59.0909090909091,50.39188021978021,0,31.731996229508198,66,0
2026/04/22 14:20:00,0,0,0,0,0,0,39,0.8326352688172043,27,0,66,59.0909090909091,53.79828641304348,0,64.90726222826088,66,0
2026/04/22 14:25:00,0,0,0,0,0,0,39,0.5056608152173914,27,0,66,59.0909090909091,51.61338663101605,0,25.274970432432433,66,0
2026/04/22 14:30:00,0,0,0,0,0,0,39.4,0.33975284946236556,26.6,0,66,59.6969696969697,51.166238709677415,0,13.277109838709677,66,0
2026/04/22 14:35:00,0,0,0,0,0,0,40,0.47164252631578946,26,,66,60.60606060606061,49.65782631578947,,26.895164631578943,70.2,4.2
2026/04/22 14:40:00,0,0,0,0,0,0,40,0.44757273684210525,26,,66,60.60606060606061,47.32936947368421,,25.11413536842105,73,7
2026/04/22 14:45:00,0,0,0,0,0,0,40,0.6325812834224599,31.6,,71.6,55.95682855956828,46.20870106951871,,35.37969304812834,73,1.4
2026/04/22 14:50:00,0,0,0,0,0,0,38.2,0.6749313966480446,33,,71.2,53.65023474178404,45.0210782122905,,34.59862698324023,73,1.8
2026/04/22 14:55:00,0,0,0,0,0,0,38,0.7252516959064327,33.2,0,71.2,53.37245696400627,46.81949176470589,0,37.117552411764706,73,1.8
2026/04/22 15:00:00,0,0,0,0,0,0,37.2,0.7046653374233128,34.8,0,72,51.66318764948902,50.8504119760479,0,49.55715297619047,73,1
2026/04/22 15:05:00,0,0,0,0,0,0,36,0.8994228387096774,34,0,70,51.42857142857143,53.130525806451615,0,83.24438367741935,73,3
2026/04/22 15:10:00,0,0,0,0,0,0,35.2,0.7334791666666667,35.4,,70.6,49.86709143751398,51.06589727891157,,38.54329503401361,73,2.4
2026/04/22 15:15:00,0,0,0,0,0,0,35.2,0.6798253333333334,35,0,70.2,50.16908212560387,47.04346911764706,0,34.16480963235294,69.8,0.2
2026/04/22 15:20:00,0,0,0,0,0,0,36,0.8155376335877862,33,0,69,52.173913043478265,48.01646335877862,0,28.0258093129771,68.4,0
2026/04/22 15:25:00,0,0,0,0,0,0,36,0.5959946551724138,30.6,,66.6,54.071146245059296,45.60827413793103,,34.00935844827586,66,0
2026/04/22 15:30:00,0,0,0,0,0,0,36,0.475204,30,,66,54.54545454545455,46.779598165137614,,26.159523302752294,66,0
2026/04/22 15:35:00,0,0,0,0,0,0,36.4,0.3658751428571429,29.6,0,66,55.15151515151515,44.69667238095238,0,21.54338314285714,66,0
2026/04/22 15:40:00,0,0,0,0,0,0,37,0.6093188073394495,29,0,66,56.06060606060606,47.15360934579439,0,52.076212242990664,66,0
2026/04/22 15:45:00,0,0,0,0,0,0,37,0.7236408163265305,29,,66,56.06060606060606,47.500506,,37.01377603960396,66,0
2026/04/22 15:50:00,0,0,0,0,0,0,35,1.1667908235294118,29,0,64,54.6875,50.10519431818182,0,62.08018545454545,66,2
2026/04/22 15:55:00,0,0,0,0,0,0,35.6,1.0707616091954024,28.2,0,63.8,55.79861111111111,47.772082558139545,0,32.73124104651163,66,2.2
2026/04/22 16:00:00,0,0,0,0,0,0,35,0.8511702272727273,30,0,65,53.84615384615385,52.90437499999999,0,124.01115534090906,66,1
2026/04/22 16:05:00,0,0,0,0,0,0,34,0.8287967073170732,30.6,,64.6,52.625,47.819331325301214,,36.41806265060241,66,1.4
2026/04/22 16:10:00,0,0,0,0,0,0,34,1.0527974698795182,30,0,64,53.125,53.36933614457832,0,38.919405421686754,66,2
2026/04/22 16:15:00,0,0,0,0,0,0,34,0.824319294117647,31.4,,65.4,51.995629370629366,49.45864642857142,,32.87298642857144,66,0.6
2026/04/22 16:20:00,0,0,0,0,0,0,34,0.9455237500000001,32,,66,51.515151515151516,50.22090250000001,,55.675961375,66,0
2026/04/22 16:25:00,0,0,0,0,0,0,34,1.0413972151898734,32,,66,51.515151515151516,48.4800775,,55.079418624999995,66,0
2026/04/22 16:30:00,0,0,0,0,0,0,34,0.8285241891891892,31.4,,65.4,52.00577200577201,52.38011081081081,,39.45924586666667,64.2,0
2026/04/22 16:35:00,0,0,0,0,0,0,34,1.003545072463768,29,,63,53.96825396825396,49.270694285714285,,41.11180628571428,63,0
2026/04/22 16:40:00,0,0,0,0,0,0,34,1.112792,29,,63,53.96825396825396,47.58291142857142,,56.31290728571429,63,0
2026/04/22 16:45:00,0,0,0,0,0,0,33,0.39865377049180334,29,,62,53.225806451612904,53.097143548387095,,23.389290322580646,63,1
2026/04/22 16:50:00,0,0,0,0,0,0,32.2,0.4414951666666667,29.2,,61.4,52.43786356425172,53.31254666666666,,34.385306666666665,63,1.6
2026/04/22 16:55:00,0,0,0,0,0,0,30,0.23724690909090912,30,,60,50,54.07779636363637,,8.268724727272726,63,3
2026/04/22 17:00:00,0,0,0,0,0,0,30,0.19774686274509806,31.8,,61.8,48.56110397622825,55.979392156862744,,5.590567058823529,63,1.2
2026/04/22 17:05:00,0,0,0,0,0,0,28.8,0.11744836734693878,33,,61.8,46.59968270756214,51.602676,,2.6417836,62.2,0.8
2026/04/22 17:10:00,0,0,0,0,0,0,26.8,0.104522,29.2,,56,47.850535429482804,54.766607317073166,,1.3770131707317073,59,3
2026/04/22 17:15:00,0,0,0,0,0,0,24.2,0.29092216216216216,29.8,,54,44.826728826728825,64.94533421052631,,4.595910789473685,55.4,2
2026/04/22 17:20:00,0,0,0,0,0,0,23,1.085221,29,0,52,44.222516292438605,63.61694193548387,0,27.010793548387095,53,1
2026/04/22 17:25:00,0,0,0,0,0,0,21.2,1.2455274193548387,27.2,,48.4,43.83596161869003,72.3806,,119.685545625,49.8,1.6
2026/04/22 17:30:00,0,0,0,0,0,0,19.8,0.982114074074074,27.6,,47.4,41.75531914893617,66.71132857142858,,51.648602857142855,48.2,1.2
2026/04/22 17:35:00,0,0,0,0,0,0,19,1.2041076190476192,24,0,43,44.18604651162791,55.291686363636366,0,167.5274631818182,45,2
2026/04/22 17:40:00,0,0,0,0,0,0,18,2.2812599999999996,24.2,,42.2,42.735729386892174,50.04502000000001,,69.052074,42.6,1
2026/04/22 17:45:00,0,0,0,0,0,0,15.8,1.216763,22.2,,38,41.56289893131999,52.416920000000005,,51.73374249999999,41,3
2026/04/22 17:50:00,0,0,0,0,0,0,15,0.7885584999999999,19.4,,34.4,43.73889268626111,51.52675000000001,,24.381617499999997,36,2
2026/04/22 17:55:00,0,0,0,0,0,0,15,1.0156605,20.4,0,35.4,42.39495798319327,52.49014,0,48.779694,35.6,0.4
2026/04/22 18:00:00,0,0,0,0,0,0,15.2,2.6703587499999997,18.8,0,34,44.705882352941174,54.757008,0,54.1071752,35,1
2026/04/22 18:05:00,0,0,0,0,0,0,15,1.150841724137931,17.4,0,32.4,46.30681818181818,67.3111064516129,0,92.85521448275863,33,0.6
2026/04/22 18:10:00,0,0,0,0,0,0,15,0.12130833333333332,15.8,,30.8,48.729838709677416,65.22326,,29.94268033333334,31.4,0.6
2026/04/22 18:15:00,0,0,0,0,0,0,14.8,0.041118888888888885,16,,30.8,48.043010752688176,54.28835925925926,,4.907084814814815,30.8,0
2026/04/22 18:20:00,0,0,0,0,0,0,14,0.11376760000000001,16,,30,46.666666666666664,46.919760000000004,,5.000516799999999,30,0
2026/04/22 18:25:00,0,0,0,0,0,0,13.8,0.46619272727272726,15.4,,29.2,47.26272577996716,47.65862173913044,,13.35496,29.2,0.2
2026/04/22 18:30:00,0,0,0,0,0,0,12.8,0.22390879999999996,15,0,27.8,46.03174603174604,46.21351666666666,0,33.74200583333333,28.6,0.8
2026/04/22 18:35:00,0,0,0,0,0,0,12,0.34957249999999995,15,,27,44.44444444444444,44.869330000000005,,20.352697,27,0
2026/04/22 18:40:00,0,0,0,0,0,0,12,0.2908875,15,,27,44.44444444444444,44.216925,,13.0221775,26.4,0
2026/04/22 18:45:00,0,0,0,0,0,0,11,1.382115,14,,25,44,39.768257142857145,,41.772102857142855,26,1
2026/04/22 18:50:00,0,0,0,0,0,0,11,2.49142,13.4,,24.4,45.10000000000001,29.9372,,96.28174800000001,24.4,0.2
2026/04/22 18:55:00,0,0,0,0,0,0,11,2.590414,13,,24,45.833333333333336,30.808159999999997,,80.355516,24,0
2026/04/22 19:00:00,0,0,0,0,0,0,11,3.48014,12.2,,23.2,47.42753623188406,33.76996,,124.118864,23,0
2026/04/22 19:05:00,0,0,0,0,0,0,10.8,0.32612399999999997,11.8,,22.6,47.784679089026916,31.851319999999998,,5.502654000000001,22.6,0.2
2026/04/22 19:10:00,0,0,0,0,0,0,10,0.001764,11,,21,47.61904761904762,28.490199999999998,,0.025131999999999998,22,1
2026/04/22 19:15:00,0,0,0,0,0,0,10,0.000008000000000000001,10.8,,20.8,48.095238095238095,30.105880000000003,,0.00011800000000000001,20.4,0.2
2026/04/22 19:20:00,0,0,0,0,0,0,10,0,10,,20,50,31.460479999999997,,0,20,0
2026/04/22 19:25:00,0,0,0,0,0,0,10,0,9.2,,19.2,52.105263157894726,29.21168,,0,19,0
2026/04/22 19:30:00,0,0,0,0,0,0,9.4,0,9,,18.4,51.05263157894736,29.20804,,0,19,0.6
2026/04/22 19:35:00,0,0,0,0,0,0,7.6,0.0111,9,,16.6,45.661764705882355,29.12512,,0,19,2.4
2026/04/22 19:40:00,0,0,0,0,0,0,7,0.7780825,10,0,17,41.23366013071896,29.39,0,0,19,2
2026/04/22 19:45:00,0,0,0,0,0,0,7,0.183328,11.6,0,18.6,37.6608187134503,82.23512000000001,0,489.3427600000001,18.4,0
2026/04/22 19:50:00,0,0,0,0,0,0,7,0,11,,18,38.888888888888886,76.65314000000001,,2.239601,18,0
2026/04/22 19:55:00,0,0,0,0,0,0,7,0,10.4,,17.4,40.26143790849674,80.37014000000002,,0.010332999999999998,17,0
2026/04/22 20:00:00,0,0,0,0,0,0,7,0,10,,17,41.1764705882353,76.72085999999999,,0.000047000000000000004,16.8,0
2026/04/22 20:05:00,0,0,0,0,0,0,7,0,9.2,,16.2,43.23529411764706,28.99964,,0,16,0
2026/04/22 20:10:00,0,0,0,0,0,0,7,0,8.8,,15.8,44.33333333333333,29.50856,,0,15.6,0
2026/04/22 20:15:00,0,0,0,0,0,0,7,0,8,,15,46.666666666666664,30.544699999999995,,0,15,0
2026/04/22 20:20:00,0,0,0,0,0,0,7,,7.4,,14.4,48.666666666666664,,,,14.2,0
2026/04/22 20:25:00,0,0,0,0,0,0,6.4,0.19306,7,0,13.4,47.69230769230769,45.7154,0,2093.42809,13.6,0.4
2026/04/22 20:30:00,0,0,0,0,0,0,6,0.000004000000000000001,5.4,,11.4,52.867132867132874,30.0285,,212.101548,12,0.8
2026/04/22 20:35:00,0,0,0,0,0,0,5,0,6,,11,45.45454545454545,29.042360000000002,,1.695836,12,1
2026/04/22 20:40:00,0,0,0,0,0,0,4.2,0,6.4,,10.6,39.63636363636364,31.192520000000002,,0.721664,12,1.4
2026/04/22 20:45:00,0,0,0,0,0,0,2.2,0,7,,9.2,23.77777777777778,29.276280000000003,,0.71789,12,2.8
2026/04/22 20:50:00,0,0,0,0,0,0,2,0,8.4,,10.4,19.333333333333336,30.00804,,0.717418,12,1.6
2026/04/22 20:55:00,0,0,0,0,0,0,2,0,9.8,,11.8,16.969696969696972,29.311860000000003,,0.682488,11.6,0
2026/04/22 21:00:00,0,0,0,0,0,0,2,,9,,11,18.181818181818183,28.2035,,0.01535,11,0
2026/04/22 21:05:00,0,0,0,0,0,0,2,,8.4,,10.4,19.272727272727273,,,,10.2,0
2026/04/22 21:10:00,0,0,0,0,0,0,2,0.5481125,8,0,10,20,35.812675,0,1044.5110499999998,9.8,0
2026/04/22 21:15:00,0,0,0,0,0,0,2,0.012054,7,,9,22.22222222222222,28.565320000000003,,11.218080000000002,9,0
2026/04/22 21:20:00,0,0,0,0,0,0,2,0,6.6,,8.6,23.333333333333332,29.83904,,0.052756000000000004,8.4,0
2026/04/22 21:25:00,0,0,0,0,0,0,2,0,6,,8,25,30.049080000000004,,0.00024200000000000003,8,0
2026/04/22 21:30:00,0,0,0,0,0,0,2,0,5.4,,7.4,27.142857142857146,30.771000000000004,,0,7,0
2026/04/22 21:35:00,0,0,0,0,0,0,2,0,5,,7,28.571428571428573,29.915839999999996,,0,6.8,0
2026/04/22 21:40:00,0,0,0,0,0,0,2,0,4,,6,33.333333333333336,28.8881,,0,6,0
2026/04/22 21:45:00,0,0,0,0,0,0,2,,3.6,,5.6,36,,,,5.4,0
2026/04/22 21:50:00,0,0,0,0,0,0,2,,3,,5,40,,,,5,0
2026/04/22 21:55:00,0,0,0,0,0,0,2,,2.2,,4.2,48,,,,4,0
2026/04/22 22:00:00,0,0,0,0,0,0,1.8,,2,,3.8,46.66666666666667,,,,4,0.2
2026/04/22 22:05:00,0,0,0,0,0,0,1,,2,,3,33.333333333333336,,,,4,1
2026/04/22 22:10:00,0,0,0,0,0,0,1,,2.4,,3.4,30,,,,4,0.6
2026/04/22 22:15:00,0,0,0,0,0,0,1,,3,,4,25,,,,4,0
2026/04/22 22:20:00,0,0,0,0,0,0,1,,3,,4,25,,,,4,0
2026/04/22 22:25:00,0,0,0,0,0,0,1,,3,,4,25,,,,4,0
2026/04/22 22:30:00,0,0,0,0,0,0,1,,3,,4,25,,,,4,0
2026/04/22 22:35:00,0,0,0,0,0,0,1,1.48058,3,0,4,25,37.62,0,92.191995,4,0
2026/04/22 22:40:00,0,0,0,0,0,0,1,0,3,,4,25,29.07608,,4.582178000000001,4,0
2026/04/22 22:45:00,0,0,0,0,0,0,1,0,3,,4,25,28.76456,,0.02064,4,0
2026/04/22 22:50:00,0,0,0,0,0,0,1,0,3,,4,25,29.262280000000004,,0.00009400000000000001,4,0
2026/04/22 22:55:00,0,0,0,0,0,0,1,0.025485999999999998,3,,4,25,29.674599999999998,,0,4,0
2026/04/22 23:00:00,0,0,0,0,0,0,1,0,3,,4,25,27.79336,,1.1556160000000002,4,0
2026/04/22 23:05:00,0,0,0,0,0,0,1,0,3,,4,25,28.286279999999998,,0.005344,4,0
2026/04/22 23:10:00,0,0,0,0,0,0,1,,3,,4,25,28.415100000000002,,0.00004,4,0
2026/04/22 23:15:00,0,0,0,0,0,0,1,,3,,4,25,,,,4,0
2026/04/22 23:20:00,0,0,0,0,0,0,1,,3,,4,25,,,,4,0
2026/04/22 23:25:00,0,0,0,0,0,0,1,,3,,4,25,,,,4,0
2026/04/22 23:30:00,0,0,0,0,0,0,1,,3,,4,25,,,,4,0
2026/04/22 23:35:00,0,0,0,0,0,0,1,,3,,4,25,,,,4,0
2026/04/22 23:40:00,0,0,0,0,0,0,1,,3,,4,25,,,,4,0
2026/04/22 23:45:00,0,0,0,0,0,0,1,,3,,4,25,,,,4,0
2026/04/22 23:50:00,0,0,0,0,0,0,1,,3,,4,25,,,,4,0
2026/04/22 23:55:00,0,0,0,0,0,0,1,,3,,4,25,,,,4,0